#
# There is insufficient memory for the Java Runtime Environment to continue.
# Native memory allocation (mmap) failed to map 1002438656 bytes. Error detail: G1 virtual space
# Possible reasons:
#   The system is out of physical RAM or swap space
#   This process is running with CompressedOops enabled, and the Java Heap may be blocking the growth of the native heap
# Possible solutions:
#   Reduce memory load on the system
#   Increase physical memory or swap space
#   Check if swap backing store is full
#   Decrease Java heap size (-Xmx/-Xms)
#   Decrease number of Java threads
#   Decrease Java thread stack sizes (-Xss)
#   Set larger code cache with -XX:ReservedCodeCacheSize=
#   JVM is running with Zero Based Compressed Oops mode in which the Java heap is
#     placed in the first 32GB address space. The Java Heap base address is the
#     maximum limit for the native heap growth. Please use -XX:HeapBaseMinAddress
#     to set the Java Heap base and to place the Java Heap above 32GB virtual address.
# This output file may be truncated or incomplete.
#
#  Out of Memory Error (os_windows.cpp:3630), pid=15964, tid=45992
#
# JRE version: OpenJDK Runtime Environment Temurin-17.0.20.1+1 (17.0.20.1+1) (build 17.0.20.1+1)
# Java VM: OpenJDK 64-Bit Server VM Temurin-17.0.20.1+1 (17.0.20.1+1, mixed mode, sharing, tiered, compressed oops, compressed class ptrs, g1 gc, windows-amd64)
# No core dump will be written. Minidumps are not enabled by default on client versions of Windows
#

---------------  S U M M A R Y ------------

Command Line: --add-opens=java.base/java.lang=ALL-UNNAMED --add-opens=java.base/java.lang.invoke=ALL-UNNAMED --add-opens=java.base/java.util=ALL-UNNAMED --add-opens=java.prefs/java.util.prefs=ALL-UNNAMED --add-exports=jdk.compiler/com.sun.tools.javac.api=ALL-UNNAMED --add-exports=jdk.compiler/com.sun.tools.javac.util=ALL-UNNAMED --add-opens=java.base/java.util=ALL-UNNAMED --add-opens=java.prefs/java.util.prefs=ALL-UNNAMED --add-opens=java.base/java.nio.charset=ALL-UNNAMED --add-opens=java.base/java.net=ALL-UNNAMED --add-opens=java.base/java.util.concurrent=ALL-UNNAMED --add-opens=java.base/java.util.concurrent.atomic=ALL-UNNAMED --add-opens=java.xml/javax.xml.namespace=ALL-UNNAMED --add-opens=java.base/java.time=ALL-UNNAMED -XX:MaxMetaspaceSize=4G -XX:ReservedCodeCacheSize=512m -XX:+HeapDumpOnOutOfMemoryError -Xmx8G -Dfile.encoding=windows-1256 -Duser.country=US -Duser.language=en -Duser.variant -javaagent:C:\Users\Dr kocher\.gradle\wrapper\dists\gradle-9.3.1-all\9ot9r568e8zfvvd4mn8rbu1j0\gradle-9.3.1\lib\agents\gradle-instrumentation-agent-9.3.1.jar org.gradle.launcher.daemon.bootstrap.GradleDaemon 9.3.1

Host: AMD Ryzen 5 5500                               , 12 cores, 7G,  Windows 11 , 64 bit Build 26100 (10.0.26100.8972)
Time: Thu Sep 17 15:44:00 2026 Arabic Standard Time elapsed time: 511.288860 seconds (0d 0h 8m 31s)

---------------  T H R E A D  ---------------

Current thread (0x000001753cd57be0):  VMThread "VM Thread" [stack: 0x0000003989900000,0x0000003989a00000] [id=45992]

Stack: [0x0000003989900000,0x0000003989a00000]
Native frames: (J=compiled Java code, j=interpreted, Vv=VM code, C=native code)
V  [jvm.dll+0x684d39]
V  [jvm.dll+0x83a565]
V  [jvm.dll+0x83bfde]
V  [jvm.dll+0x83c663]
V  [jvm.dll+0x2490cf]
V  [jvm.dll+0x681af9]
V  [jvm.dll+0x6768ba]
V  [jvm.dll+0x309467]
V  [jvm.dll+0x310a56]
V  [jvm.dll+0x360f3e]
V  [jvm.dll+0x36117d]
V  [jvm.dll+0x2e04ec]
V  [jvm.dll+0x2de8c2]
V  [jvm.dll+0x2de05c]
V  [jvm.dll+0x320cab]
V  [jvm.dll+0x840e7d]
V  [jvm.dll+0x841bb3]
V  [jvm.dll+0x8420df]
V  [jvm.dll+0x8424c5]
V  [jvm.dll+0x84258e]
V  [jvm.dll+0x7eb17c]
V  [jvm.dll+0x683c07]
C  [ucrtbase.dll+0x2cd30]
C  [KERNEL32.DLL+0x2ccb7]
C  [ntdll.dll+0xaad6c]

VM_Operation (0x0000003994bf9fe0): G1CollectForAllocation, mode: safepoint, requested by thread 0x00000175cc198ad0


---------------  P R O C E S S  ---------------

Threads class SMR info:
_java_thread_list=0x00000175ceaf74b0, length=222, elements={
0x000001757fc9ed00, 0x000001753cd5cbd0, 0x000001753cd5f6b0, 0x000001753cd77380,
0x000001753cd79c60, 0x000001753cd7a530, 0x000001753cd7ae00, 0x000001753cd7e750,
0x00000175c511fc70, 0x00000175c5122590, 0x000001753cd466b0, 0x00000175c52c90c0,
0x00000175c6eaf040, 0x00000175c73cb140, 0x00000175c6e338f0, 0x00000175c77063f0,
0x00000175c7704080, 0x00000175c7704fb0, 0x00000175c77054c0, 0x00000175c77059d0,
0x00000175c7704590, 0x00000175cc7b5870, 0x00000175ca03bf40, 0x00000175ca03ba30,
0x00000175ca03ce70, 0x00000175ca03dda0, 0x00000175ca03e2b0, 0x00000175ca03d890,
0x00000175cd6bfb90, 0x00000175cd6bec60, 0x00000175cc7acb20, 0x00000175cc7aa2a0,
0x00000175cc7ad030, 0x00000175cc7ad540, 0x00000175cc7ac610, 0x00000175cc7ada50,
0x00000175cc7adf60, 0x00000175cc7ab1d0, 0x00000175cc7ab6e0, 0x00000175cc7aa7b0,
0x00000175cc7ae470, 0x00000175cc7ae980, 0x00000175cc7aee90, 0x00000175cc7af3a0,
0x00000175cc7abbf0, 0x00000175cc7af8b0, 0x00000175cc7b1710, 0x00000175cc7b0cf0,
0x00000175cc7b1c20, 0x00000175cc7b1200, 0x00000175cc7afdc0, 0x00000175cc7b02d0,
0x00000175cc7b07e0, 0x00000175ca0e5730, 0x00000175ca0e6b70, 0x00000175ca0e7aa0,
0x00000175ca0e7fb0, 0x00000175ca0e84c0, 0x00000175ca0e89d0, 0x00000175ca0e5220,
0x00000175ca0e8ee0, 0x00000175ca0e93f0, 0x00000175ca0e5c40, 0x00000175ca0e9900,
0x00000175ca0e6150, 0x00000175ca0e9e10, 0x00000175ca0ea830, 0x00000175ca0ecba0,
0x00000175ca0ead40, 0x00000175ca0eb250, 0x00000175ca0eb760, 0x00000175ca0ebc70,
0x00000175ca0ec180, 0x00000175ca0ec690, 0x00000175cc7b5360, 0x00000175cc7b3500,
0x00000175cc7b2ff0, 0x00000175cc7b4e50, 0x00000175cc7b3a10, 0x00000175cc7b2ae0,
0x00000175cc7b5d80, 0x00000175cc7b3f20, 0x00000175cc7b25d0, 0x00000175cc7b6290,
0x00000175cc7b76d0, 0x00000175cc7b67a0, 0x00000175cc7b4430, 0x00000175cc7b4940,
0x00000175cc7b8600, 0x00000175cc7b8b10, 0x00000175cc7b71c0, 0x00000175cc7b9f50,
0x00000175cc7b9530, 0x00000175cc7b9a40, 0x00000175cd6c0ac0, 0x00000175cd6c0fd0,
0x00000175cd6c14e0, 0x00000175cd6c19f0, 0x00000175cd6be240, 0x00000175cd6c56b0,
0x00000175cd6c1f00, 0x00000175cd6c4c90, 0x00000175cd6c51a0, 0x00000175cd6c3d60,
0x00000175cd6c2410, 0x00000175cd6c4780, 0x00000175cd6c4270, 0x00000175cd6c3340,
0x00000175cd6c3850, 0x00000175cd6c2920, 0x00000175ca03a0e0, 0x00000175ca038ca0,
0x00000175ca03a5f0, 0x00000175ca037d70, 0x00000175ca036e40, 0x00000175ca03ab00,
0x00000175ca039bd0, 0x00000175ca0391b0, 0x00000175ca0396c0, 0x00000175ca038790,
0x00000175ca037350, 0x00000175ca03b010, 0x00000175ca037860, 0x00000175ca038280,
0x00000175c6e34d30, 0x00000175c6e31fa0, 0x00000175c6e35750, 0x00000175c6e324b0,
0x00000175c6e33e00, 0x00000175c6e34820, 0x00000175c6e32ed0, 0x00000175c6e333e0,
0x00000175c6e35240, 0x00000175cd04daf0, 0x00000175cd04cbc0, 0x00000175cd04e000,
0x00000175cd04b270, 0x00000175cd052bf0, 0x00000175cd050370, 0x00000175cd051cc0,
0x00000175cd0512a0, 0x00000175cd0521d0, 0x00000175c7706900, 0x00000175c7706e10,
0x00000175c7707830, 0x00000175c7704aa0, 0x00000175cce696c0, 0x00000175cce66e40,
0x00000175cce68280, 0x00000175cce68790, 0x00000175cce69bd0, 0x00000175cce6a5f0,
0x00000175cce68ca0, 0x00000175cce67d70, 0x00000175cce6a0e0, 0x00000175cce6ab00,
0x00000175cce67350, 0x00000175cce6b520, 0x00000175cce691b0, 0x00000175cce6b010,
0x00000175cce67860, 0x00000175cce6bf40, 0x00000175cce6dda0, 0x00000175cce6e2b0,
0x00000175cce6c450, 0x00000175cce6e7c0, 0x00000175cce6ba30, 0x00000175cce6d890,
0x00000175cce6ce70, 0x00000175cce6c960, 0x00000175cce6d380, 0x00000175cc198ad0,
0x00000175cc19a930, 0x00000175cc198fe0, 0x00000175cc19b350, 0x00000175cc1994f0,
0x00000175cc197ba0, 0x00000175cc199a00, 0x00000175cc19a420, 0x00000175cc1980b0,
0x00000175cc19e5f0, 0x00000175cc19dbd0, 0x00000175cc19e0e0, 0x00000175cc19eb00,
0x00000175cc19c790, 0x00000175cc19f010, 0x00000175cc19b860, 0x00000175cc19f520,
0x00000175ca03d380, 0x00000175cba82350, 0x00000175cba80f10, 0x00000175cba82860,
0x00000175cba83ca0, 0x00000175cba87960, 0x00000175cba850e0, 0x00000175cba87e70,
0x00000175cba88da0, 0x00000175cba892b0, 0x00000175cba85b00, 0x00000175cba8a6f0,
0x00000175cba897c0, 0x00000175cba8b110, 0x00000175cba8bb30, 0x00000175cba8a1e0,
0x00000175cba8b620, 0x00000175cba86a30, 0x00000175cba8f2e0, 0x00000175cba8fd00,
0x00000175cba8dea0, 0x00000175cba8ca60, 0x00000175ca0ea320, 0x00000175ca0e7590,
0x00000175cc19ae40, 0x00000175cd6bf170, 0x00000175c9c28350, 0x00000175c9c26a00,
0x00000175c9c2a6c0, 0x00000175c9c26f10, 0x00000175c9c2b0e0, 0x00000175c9c2c520,
0x00000175cd31da60, 0x00000175dabf5970
}

Java Threads: ( => current thread )
  0x000001757fc9ed00 JavaThread "main" [_thread_blocked, id=39252, stack(0x0000003989300000,0x0000003989400000)]
  0x000001753cd5cbd0 JavaThread "Reference Handler" daemon [_thread_blocked, id=18204, stack(0x0000003989a00000,0x0000003989b00000)]
  0x000001753cd5f6b0 JavaThread "Finalizer" daemon [_thread_blocked, id=29968, stack(0x0000003989b00000,0x0000003989c00000)]
  0x000001753cd77380 JavaThread "Signal Dispatcher" daemon [_thread_blocked, id=30560, stack(0x0000003989c00000,0x0000003989d00000)]
  0x000001753cd79c60 JavaThread "Attach Listener" daemon [_thread_blocked, id=46524, stack(0x0000003989d00000,0x0000003989e00000)]
  0x000001753cd7a530 JavaThread "Service Thread" daemon [_thread_blocked, id=48552, stack(0x0000003989e00000,0x0000003989f00000)]
  0x000001753cd7ae00 JavaThread "Monitor Deflation Thread" daemon [_thread_blocked, id=34256, stack(0x0000003989f00000,0x000000398a000000)]
  0x000001753cd7e750 JavaThread "C2 CompilerThread0" daemon [_thread_blocked, id=49504, stack(0x000000398a000000,0x000000398a100000)]
  0x00000175c511fc70 JavaThread "C1 CompilerThread0" daemon [_thread_blocked, id=43568, stack(0x000000398a100000,0x000000398a200000)]
  0x00000175c5122590 JavaThread "Sweeper thread" daemon [_thread_blocked, id=40884, stack(0x000000398a200000,0x000000398a300000)]
  0x000001753cd466b0 JavaThread "Common-Cleaner" daemon [_thread_blocked, id=41164, stack(0x000000398a300000,0x000000398a400000)]
  0x00000175c52c90c0 JavaThread "Notification Thread" daemon [_thread_blocked, id=20332, stack(0x000000398a400000,0x000000398a500000)]
  0x00000175c6eaf040 JavaThread "Daemon health stats" [_thread_blocked, id=5416, stack(0x000000398ac00000,0x000000398ad00000)]
  0x00000175c73cb140 JavaThread "Incoming local TCP Connector on port 61025" [_thread_in_native, id=46880, stack(0x000000398ae00000,0x000000398af00000)]
  0x00000175c6e338f0 JavaThread "Daemon periodic checks" [_thread_blocked, id=35888, stack(0x000000398af00000,0x000000398b000000)]
  0x00000175c77063f0 JavaThread "Cache worker for journal cache (C:\Users\Dr kocher\.gradle\caches\journal-1)" [_thread_blocked, id=46308, stack(0x000000398b800000,0x000000398b900000)]
  0x00000175c7704080 JavaThread "File lock request listener" [_thread_in_native, id=45892, stack(0x000000398b900000,0x000000398ba00000)]
  0x00000175c7704fb0 JavaThread "Cache worker for file hash cache (C:\Users\Dr kocher\.gradle\caches\9.3.1\fileHashes)" [_thread_blocked, id=27552, stack(0x000000398ba00000,0x000000398bb00000)]
  0x00000175c77054c0 JavaThread "File watcher server" daemon [_thread_in_native, id=48040, stack(0x000000398c200000,0x000000398c300000)]
  0x00000175c77059d0 JavaThread "File watcher consumer" daemon [_thread_blocked, id=35992, stack(0x000000398c300000,0x000000398c400000)]
  0x00000175c7704590 JavaThread "Cache worker for file content cache (C:\Users\Dr kocher\.gradle\caches\9.3.1\fileContent)" [_thread_blocked, id=32616, stack(0x000000398c500000,0x000000398c600000)]
  0x00000175cc7b5870 JavaThread "Memory manager" [_thread_blocked, id=41560, stack(0x000000398bf00000,0x000000398c000000)]
  0x00000175ca03bf40 JavaThread "jar transforms" [_thread_blocked, id=36348, stack(0x0000003995300000,0x0000003995400000)]
  0x00000175ca03ba30 JavaThread "jar transforms Thread 2" [_thread_blocked, id=47212, stack(0x000000398bc00000,0x000000398bd00000)]
  0x00000175ca03ce70 JavaThread "jar transforms Thread 3" [_thread_blocked, id=46724, stack(0x0000003995500000,0x0000003995600000)]
  0x00000175ca03dda0 JavaThread "jar transforms Thread 4" [_thread_blocked, id=7980, stack(0x0000003995600000,0x0000003995700000)]
  0x00000175ca03e2b0 JavaThread "jar transforms Thread 5" [_thread_blocked, id=5584, stack(0x0000003995900000,0x0000003995a00000)]
  0x00000175ca03d890 JavaThread "jar transforms Thread 6" [_thread_blocked, id=4312, stack(0x0000003995a00000,0x0000003995b00000)]
  0x00000175cd6bfb90 JavaThread "jar transforms Thread 7" [_thread_blocked, id=43164, stack(0x0000003995b00000,0x0000003995c00000)]
  0x00000175cd6bec60 JavaThread "jar transforms Thread 8" [_thread_blocked, id=19880, stack(0x0000003995c00000,0x0000003995d00000)]
  0x00000175cc7acb20 JavaThread "Daemon Thread 2" [_thread_blocked, id=43244, stack(0x0000003989200000,0x0000003989300000)]
  0x00000175cc7aa2a0 JavaThread "Handler for socket connection from /127.0.0.1:61025 to /127.0.0.1:24455" [_thread_in_native, id=30540, stack(0x000000398b000000,0x000000398b100000)]
  0x00000175cc7ad030 JavaThread "Cancel handler" [_thread_blocked, id=31688, stack(0x000000398b100000,0x000000398b200000)]
  0x00000175cc7ad540 JavaThread "Daemon worker Thread 2" [_thread_blocked, id=15976, stack(0x000000398b200000,0x000000398b300000)]
  0x00000175cc7ac610 JavaThread "Asynchronous log dispatcher for DefaultDaemonConnection: socket connection from /127.0.0.1:61025 to /127.0.0.1:24455" [_thread_blocked, id=14516, stack(0x000000398b300000,0x000000398b400000)]
  0x00000175cc7ada50 JavaThread "Stdin handler" [_thread_blocked, id=20768, stack(0x000000398b400000,0x000000398b500000)]
  0x00000175cc7adf60 JavaThread "Daemon client event forwarder" [_thread_blocked, id=5524, stack(0x000000398b500000,0x000000398b600000)]
  0x00000175cc7ab1d0 JavaThread "Cache worker for file hash cache (C:\Users\Dr kocher\Desktop\zewin_rx_scan\android\.gradle\9.3.1\fileHashes)" [_thread_blocked, id=46852, stack(0x000000398b700000,0x000000398b800000)]
  0x00000175cc7ab6e0 JavaThread "Cache worker for Build Output Cleanup Cache (C:\Users\Dr kocher\Desktop\zewin_rx_scan\android\.gradle\buildOutputCleanup)" [_thread_blocked, id=28648, stack(0x000000398c000000,0x000000398c100000)]
  0x00000175cc7aa7b0 JavaThread "Cache worker for checksums cache (C:\Users\Dr kocher\Desktop\zewin_rx_scan\android\.gradle\9.3.1\checksums)" [_thread_blocked, id=38200, stack(0x000000398c100000,0x000000398c200000)]
  0x00000175cc7ae470 JavaThread "Cache worker for cache directory md-supplier (C:\Users\Dr kocher\.gradle\caches\9.3.1\md-supplier)" [_thread_blocked, id=41284, stack(0x000000398c400000,0x000000398c500000)]
  0x00000175cc7ae980 JavaThread "Cache worker for cache directory md-rule (C:\Users\Dr kocher\.gradle\caches\9.3.1\md-rule)" [_thread_blocked, id=24896, stack(0x000000398c700000,0x000000398c800000)]
  0x00000175cc7aee90 JavaThread "Cache worker for Build Output Cleanup Cache (C:\flutter\packages\flutter_tools\gradle\.gradle\buildOutputCleanup)" [_thread_blocked, id=28276, stack(0x000000398c800000,0x000000398c900000)]
  0x00000175cc7af3a0 JavaThread "Unconstrained build operations" [_thread_blocked, id=2084, stack(0x000000398c900000,0x000000398ca00000)]
  0x00000175cc7abbf0 JavaThread "Unconstrained build operations Thread 2" [_thread_blocked, id=30068, stack(0x000000398ca00000,0x000000398cb00000)]
  0x00000175cc7af8b0 JavaThread "Unconstrained build operations Thread 3" [_thread_blocked, id=40812, stack(0x000000398cb00000,0x000000398cc00000)]
  0x00000175cc7b1710 JavaThread "Unconstrained build operations Thread 4" [_thread_blocked, id=37568, stack(0x000000398cc00000,0x000000398cd00000)]
  0x00000175cc7b0cf0 JavaThread "Unconstrained build operations Thread 5" [_thread_blocked, id=7580, stack(0x000000398cd00000,0x000000398ce00000)]
  0x00000175cc7b1c20 JavaThread "Unconstrained build operations Thread 6" [_thread_blocked, id=30696, stack(0x000000398ce00000,0x000000398cf00000)]
  0x00000175cc7b1200 JavaThread "Unconstrained build operations Thread 7" [_thread_blocked, id=42120, stack(0x000000398cf00000,0x000000398d000000)]
  0x00000175cc7afdc0 JavaThread "Unconstrained build operations Thread 8" [_thread_blocked, id=26020, stack(0x000000398d000000,0x000000398d100000)]
  0x00000175cc7b02d0 JavaThread "Unconstrained build operations Thread 9" [_thread_blocked, id=32812, stack(0x000000398d100000,0x000000398d200000)]
  0x00000175cc7b07e0 JavaThread "Unconstrained build operations Thread 10" [_thread_blocked, id=38164, stack(0x000000398d200000,0x000000398d300000)]
  0x00000175ca0e5730 JavaThread "Unconstrained build operations Thread 11" [_thread_blocked, id=19420, stack(0x000000398d300000,0x000000398d400000)]
  0x00000175ca0e6b70 JavaThread "Unconstrained build operations Thread 12" [_thread_blocked, id=37900, stack(0x000000398d400000,0x000000398d500000)]
  0x00000175ca0e7aa0 JavaThread "Unconstrained build operations Thread 13" [_thread_blocked, id=37932, stack(0x000000398d500000,0x000000398d600000)]
  0x00000175ca0e7fb0 JavaThread "Unconstrained build operations Thread 14" [_thread_blocked, id=38684, stack(0x000000398d600000,0x000000398d700000)]
  0x00000175ca0e84c0 JavaThread "Unconstrained build operations Thread 15" [_thread_blocked, id=46232, stack(0x000000398d700000,0x000000398d800000)]
  0x00000175ca0e89d0 JavaThread "Unconstrained build operations Thread 16" [_thread_blocked, id=33048, stack(0x000000398d800000,0x000000398d900000)]
  0x00000175ca0e5220 JavaThread "Unconstrained build operations Thread 17" [_thread_blocked, id=27948, stack(0x000000398d900000,0x000000398da00000)]
  0x00000175ca0e8ee0 JavaThread "Unconstrained build operations Thread 18" [_thread_blocked, id=45964, stack(0x000000398da00000,0x000000398db00000)]
  0x00000175ca0e93f0 JavaThread "Unconstrained build operations Thread 19" [_thread_blocked, id=27632, stack(0x000000398db00000,0x000000398dc00000)]
  0x00000175ca0e5c40 JavaThread "Unconstrained build operations Thread 20" [_thread_blocked, id=42284, stack(0x000000398dc00000,0x000000398dd00000)]
  0x00000175ca0e9900 JavaThread "Unconstrained build operations Thread 21" [_thread_blocked, id=412, stack(0x000000398dd00000,0x000000398de00000)]
  0x00000175ca0e6150 JavaThread "Unconstrained build operations Thread 22" [_thread_blocked, id=18388, stack(0x000000398de00000,0x000000398df00000)]
  0x00000175ca0e9e10 JavaThread "build event listener" [_thread_blocked, id=16140, stack(0x000000398df00000,0x000000398e000000)]
  0x00000175ca0ea830 JavaThread "included builds" [_thread_blocked, id=39808, stack(0x000000398e000000,0x000000398e100000)]
  0x00000175ca0ecba0 JavaThread "Execution worker" [_thread_blocked, id=20340, stack(0x000000398e100000,0x000000398e200000)]
  0x00000175ca0ead40 JavaThread "Execution worker Thread 2" [_thread_blocked, id=44340, stack(0x000000398e200000,0x000000398e300000)]
  0x00000175ca0eb250 JavaThread "Execution worker Thread 3" [_thread_blocked, id=35100, stack(0x000000398e300000,0x000000398e400000)]
  0x00000175ca0eb760 JavaThread "Execution worker Thread 4" [_thread_blocked, id=39196, stack(0x000000398e400000,0x000000398e500000)]
  0x00000175ca0ebc70 JavaThread "Execution worker Thread 5" [_thread_blocked, id=41948, stack(0x000000398e500000,0x000000398e600000)]
  0x00000175ca0ec180 JavaThread "Execution worker Thread 6" [_thread_blocked, id=44412, stack(0x000000398e600000,0x000000398e700000)]
  0x00000175ca0ec690 JavaThread "Execution worker Thread 7" [_thread_blocked, id=33780, stack(0x000000398e700000,0x000000398e800000)]
  0x00000175cc7b5360 JavaThread "Execution worker Thread 8" [_thread_blocked, id=47924, stack(0x000000398e800000,0x000000398e900000)]
  0x00000175cc7b3500 JavaThread "Execution worker Thread 9" [_thread_blocked, id=35752, stack(0x000000398e900000,0x000000398ea00000)]
  0x00000175cc7b2ff0 JavaThread "Execution worker Thread 10" [_thread_blocked, id=18932, stack(0x000000398ea00000,0x000000398eb00000)]
  0x00000175cc7b4e50 JavaThread "Execution worker Thread 11" [_thread_blocked, id=49176, stack(0x000000398eb00000,0x000000398ec00000)]
  0x00000175cc7b3a10 JavaThread "Cache worker for execution history cache (C:\flutter\packages\flutter_tools\gradle\.gradle\9.3.1\executionHistory)" [_thread_blocked, id=40688, stack(0x000000398ec00000,0x000000398ed00000)]
  0x00000175cc7b2ae0 JavaThread "Unconstrained build operations Thread 23" [_thread_blocked, id=39760, stack(0x000000398ed00000,0x000000398ee00000)]
  0x00000175cc7b5d80 JavaThread "Unconstrained build operations Thread 24" [_thread_blocked, id=2548, stack(0x000000398ee00000,0x000000398ef00000)]
  0x00000175cc7b3f20 JavaThread "Unconstrained build operations Thread 25" [_thread_blocked, id=18420, stack(0x000000398ef00000,0x000000398f000000)]
  0x00000175cc7b25d0 JavaThread "Unconstrained build operations Thread 26" [_thread_blocked, id=30336, stack(0x000000398f000000,0x000000398f100000)]
  0x00000175cc7b6290 JavaThread "Unconstrained build operations Thread 27" [_thread_blocked, id=6888, stack(0x000000398f100000,0x000000398f200000)]
  0x00000175cc7b76d0 JavaThread "Unconstrained build operations Thread 28" [_thread_blocked, id=50280, stack(0x000000398f200000,0x000000398f300000)]
  0x00000175cc7b67a0 JavaThread "Unconstrained build operations Thread 29" [_thread_blocked, id=48484, stack(0x000000398f300000,0x000000398f400000)]
  0x00000175cc7b4430 JavaThread "Unconstrained build operations Thread 30" [_thread_blocked, id=14652, stack(0x000000398f400000,0x000000398f500000)]
  0x00000175cc7b4940 JavaThread "Unconstrained build operations Thread 31" [_thread_blocked, id=40596, stack(0x000000398f500000,0x000000398f600000)]
  0x00000175cc7b8600 JavaThread "Unconstrained build operations Thread 32" [_thread_blocked, id=38020, stack(0x000000398f600000,0x000000398f700000)]
  0x00000175cc7b8b10 JavaThread "Unconstrained build operations Thread 33" [_thread_blocked, id=41080, stack(0x000000398f700000,0x000000398f800000)]
  0x00000175cc7b71c0 JavaThread "Unconstrained build operations Thread 34" [_thread_blocked, id=46876, stack(0x000000398f800000,0x000000398f900000)]
  0x00000175cc7b9f50 JavaThread "Unconstrained build operations Thread 35" [_thread_blocked, id=39540, stack(0x000000398f900000,0x000000398fa00000)]
  0x00000175cc7b9530 JavaThread "Unconstrained build operations Thread 36" [_thread_blocked, id=39004, stack(0x000000398fa00000,0x000000398fb00000)]
  0x00000175cc7b9a40 JavaThread "Unconstrained build operations Thread 37" [_thread_blocked, id=34600, stack(0x000000398fb00000,0x000000398fc00000)]
  0x00000175cd6c0ac0 JavaThread "Unconstrained build operations Thread 38" [_thread_blocked, id=18084, stack(0x000000398fc00000,0x000000398fd00000)]
  0x00000175cd6c0fd0 JavaThread "Unconstrained build operations Thread 39" [_thread_blocked, id=37764, stack(0x000000398fd00000,0x000000398fe00000)]
  0x00000175cd6c14e0 JavaThread "Unconstrained build operations Thread 40" [_thread_blocked, id=45736, stack(0x000000398fe00000,0x000000398ff00000)]
  0x00000175cd6c19f0 JavaThread "Unconstrained build operations Thread 41" [_thread_blocked, id=34012, stack(0x000000398ff00000,0x0000003990000000)]
  0x00000175cd6be240 JavaThread "Unconstrained build operations Thread 42" [_thread_blocked, id=32436, stack(0x0000003990000000,0x0000003990100000)]
  0x00000175cd6c56b0 JavaThread "Unconstrained build operations Thread 43" [_thread_blocked, id=31196, stack(0x0000003990100000,0x0000003990200000)]
  0x00000175cd6c1f00 JavaThread "Unconstrained build operations Thread 44" [_thread_blocked, id=48604, stack(0x0000003990200000,0x0000003990300000)]
  0x00000175cd6c4c90 JavaThread "Unconstrained build operations Thread 45" [_thread_blocked, id=43048, stack(0x0000003990300000,0x0000003990400000)]
  0x00000175cd6c51a0 JavaThread "Unconstrained build operations Thread 46" [_thread_blocked, id=29972, stack(0x0000003990400000,0x0000003990500000)]
  0x00000175cd6c3d60 JavaThread "Unconstrained build operations Thread 47" [_thread_blocked, id=50660, stack(0x0000003990500000,0x0000003990600000)]
  0x00000175cd6c2410 JavaThread "Unconstrained build operations Thread 48" [_thread_blocked, id=24632, stack(0x0000003990600000,0x0000003990700000)]
  0x00000175cd6c4780 JavaThread "Unconstrained build operations Thread 49" [_thread_blocked, id=40800, stack(0x0000003990700000,0x0000003990800000)]
  0x00000175cd6c4270 JavaThread "Unconstrained build operations Thread 50" [_thread_blocked, id=49656, stack(0x0000003990800000,0x0000003990900000)]
  0x00000175cd6c3340 JavaThread "Unconstrained build operations Thread 51" [_thread_blocked, id=35884, stack(0x0000003990900000,0x0000003990a00000)]
  0x00000175cd6c3850 JavaThread "Unconstrained build operations Thread 52" [_thread_blocked, id=21908, stack(0x0000003990a00000,0x0000003990b00000)]
  0x00000175cd6c2920 JavaThread "Unconstrained build operations Thread 53" [_thread_blocked, id=14788, stack(0x0000003990b00000,0x0000003990c00000)]
  0x00000175ca03a0e0 JavaThread "Unconstrained build operations Thread 54" [_thread_blocked, id=27392, stack(0x0000003990c00000,0x0000003990d00000)]
  0x00000175ca038ca0 JavaThread "Unconstrained build operations Thread 55" [_thread_blocked, id=48852, stack(0x0000003990d00000,0x0000003990e00000)]
  0x00000175ca03a5f0 JavaThread "Unconstrained build operations Thread 56" [_thread_blocked, id=40488, stack(0x0000003990e00000,0x0000003990f00000)]
  0x00000175ca037d70 JavaThread "Unconstrained build operations Thread 57" [_thread_blocked, id=14092, stack(0x0000003990f00000,0x0000003991000000)]
  0x00000175ca036e40 JavaThread "Unconstrained build operations Thread 58" [_thread_blocked, id=37912, stack(0x0000003991000000,0x0000003991100000)]
  0x00000175ca03ab00 JavaThread "Unconstrained build operations Thread 59" [_thread_blocked, id=34596, stack(0x0000003991100000,0x0000003991200000)]
  0x00000175ca039bd0 JavaThread "Unconstrained build operations Thread 60" [_thread_blocked, id=39656, stack(0x0000003991200000,0x0000003991300000)]
  0x00000175ca0391b0 JavaThread "Unconstrained build operations Thread 61" [_thread_blocked, id=45604, stack(0x0000003991300000,0x0000003991400000)]
  0x00000175ca0396c0 JavaThread "Unconstrained build operations Thread 62" [_thread_blocked, id=28364, stack(0x0000003991400000,0x0000003991500000)]
  0x00000175ca038790 JavaThread "Unconstrained build operations Thread 63" [_thread_blocked, id=33712, stack(0x0000003991500000,0x0000003991600000)]
  0x00000175ca037350 JavaThread "Unconstrained build operations Thread 64" [_thread_blocked, id=48332, stack(0x0000003991600000,0x0000003991700000)]
  0x00000175ca03b010 JavaThread "Unconstrained build operations Thread 65" [_thread_blocked, id=24000, stack(0x0000003991700000,0x0000003991800000)]
  0x00000175ca037860 JavaThread "Unconstrained build operations Thread 66" [_thread_blocked, id=44572, stack(0x0000003991800000,0x0000003991900000)]
  0x00000175ca038280 JavaThread "Unconstrained build operations Thread 67" [_thread_blocked, id=31648, stack(0x0000003991900000,0x0000003991a00000)]
  0x00000175c6e34d30 JavaThread "Unconstrained build operations Thread 68" [_thread_blocked, id=28616, stack(0x0000003991a00000,0x0000003991b00000)]
  0x00000175c6e31fa0 JavaThread "build event listener" [_thread_blocked, id=26440, stack(0x0000003991b00000,0x0000003991c00000)]
  0x00000175c6e35750 JavaThread "build event listener" [_thread_blocked, id=46692, stack(0x0000003991c00000,0x0000003991d00000)]
  0x00000175c6e324b0 JavaThread "Problems report writer" [_thread_blocked, id=752, stack(0x0000003991e00000,0x0000003991f00000)]
  0x00000175c6e33e00 JavaThread "Unconstrained build operations Thread 69" [_thread_blocked, id=44260, stack(0x0000003991f00000,0x0000003992000000)]
  0x00000175c6e34820 JavaThread "Unconstrained build operations Thread 70" [_thread_blocked, id=23992, stack(0x0000003992000000,0x0000003992100000)]
  0x00000175c6e32ed0 JavaThread "Unconstrained build operations Thread 71" [_thread_blocked, id=37256, stack(0x0000003992100000,0x0000003992200000)]
  0x00000175c6e333e0 JavaThread "Unconstrained build operations Thread 72" [_thread_blocked, id=48624, stack(0x0000003992200000,0x0000003992300000)]
  0x00000175c6e35240 JavaThread "Unconstrained build operations Thread 73" [_thread_blocked, id=29720, stack(0x0000003992300000,0x0000003992400000)]
  0x00000175cd04daf0 JavaThread "Unconstrained build operations Thread 74" [_thread_blocked, id=15916, stack(0x0000003992400000,0x0000003992500000)]
  0x00000175cd04cbc0 JavaThread "Unconstrained build operations Thread 75" [_thread_blocked, id=42112, stack(0x0000003992500000,0x0000003992600000)]
  0x00000175cd04e000 JavaThread "Unconstrained build operations Thread 76" [_thread_blocked, id=42048, stack(0x0000003992600000,0x0000003992700000)]
  0x00000175cd04b270 JavaThread "Unconstrained build operations Thread 77" [_thread_blocked, id=14828, stack(0x0000003992700000,0x0000003992800000)]
  0x00000175cd052bf0 JavaThread "Unconstrained build operations Thread 78" [_thread_blocked, id=29172, stack(0x0000003992800000,0x0000003992900000)]
  0x00000175cd050370 JavaThread "Unconstrained build operations Thread 79" [_thread_blocked, id=35372, stack(0x0000003992900000,0x0000003992a00000)]
  0x00000175cd051cc0 JavaThread "Unconstrained build operations Thread 80" [_thread_blocked, id=48380, stack(0x0000003991d00000,0x0000003991e00000)]
  0x00000175cd0512a0 JavaThread "Unconstrained build operations Thread 81" [_thread_blocked, id=38176, stack(0x0000003992a00000,0x0000003992b00000)]
  0x00000175cd0521d0 JavaThread "Unconstrained build operations Thread 82" [_thread_blocked, id=35776, stack(0x0000003992b00000,0x0000003992c00000)]
  0x00000175c7706900 JavaThread "Unconstrained build operations Thread 83" [_thread_blocked, id=21456, stack(0x0000003992c00000,0x0000003992d00000)]
  0x00000175c7706e10 JavaThread "Unconstrained build operations Thread 84" [_thread_blocked, id=18404, stack(0x0000003992d00000,0x0000003992e00000)]
  0x00000175c7707830 JavaThread "Unconstrained build operations Thread 85" [_thread_blocked, id=45516, stack(0x0000003992e00000,0x0000003992f00000)]
  0x00000175c7704aa0 JavaThread "Unconstrained build operations Thread 86" [_thread_blocked, id=43376, stack(0x0000003992f00000,0x0000003993000000)]
  0x00000175cce696c0 JavaThread "Unconstrained build operations Thread 87" [_thread_blocked, id=38468, stack(0x0000003993000000,0x0000003993100000)]
  0x00000175cce66e40 JavaThread "Unconstrained build operations Thread 88" [_thread_blocked, id=21340, stack(0x0000003993100000,0x0000003993200000)]
  0x00000175cce68280 JavaThread "Unconstrained build operations Thread 89" [_thread_blocked, id=33840, stack(0x0000003993200000,0x0000003993300000)]
  0x00000175cce68790 JavaThread "Unconstrained build operations Thread 90" [_thread_blocked, id=48688, stack(0x0000003993300000,0x0000003993400000)]
  0x00000175cce69bd0 JavaThread "Unconstrained build operations Thread 91" [_thread_blocked, id=7536, stack(0x0000003993600000,0x0000003993700000)]
  0x00000175cce6a5f0 JavaThread "Unconstrained build operations Thread 92" [_thread_blocked, id=32988, stack(0x0000003993700000,0x0000003993800000)]
  0x00000175cce68ca0 JavaThread "Unconstrained build operations Thread 93" [_thread_blocked, id=33160, stack(0x0000003993800000,0x0000003993900000)]
  0x00000175cce67d70 JavaThread "Unconstrained build operations Thread 94" [_thread_blocked, id=30500, stack(0x0000003993900000,0x0000003993a00000)]
  0x00000175cce6a0e0 JavaThread "Unconstrained build operations Thread 95" [_thread_blocked, id=39672, stack(0x0000003993a00000,0x0000003993b00000)]
  0x00000175cce6ab00 JavaThread "Unconstrained build operations Thread 96" [_thread_blocked, id=41520, stack(0x0000003993b00000,0x0000003993c00000)]
  0x00000175cce67350 JavaThread "Unconstrained build operations Thread 97" [_thread_blocked, id=43948, stack(0x0000003993c00000,0x0000003993d00000)]
  0x00000175cce6b520 JavaThread "Unconstrained build operations Thread 98" [_thread_blocked, id=49372, stack(0x0000003993d00000,0x0000003993e00000)]
  0x00000175cce691b0 JavaThread "Unconstrained build operations Thread 99" [_thread_blocked, id=31468, stack(0x0000003993e00000,0x0000003993f00000)]
  0x00000175cce6b010 JavaThread "Unconstrained build operations Thread 100" [_thread_blocked, id=4224, stack(0x0000003993f00000,0x0000003994000000)]
  0x00000175cce67860 JavaThread "Unconstrained build operations Thread 101" [_thread_blocked, id=25344, stack(0x0000003994000000,0x0000003994100000)]
  0x00000175cce6bf40 JavaThread "Unconstrained build operations Thread 102" [_thread_blocked, id=30788, stack(0x0000003994100000,0x0000003994200000)]
  0x00000175cce6dda0 JavaThread "Unconstrained build operations Thread 103" [_thread_blocked, id=2524, stack(0x0000003994200000,0x0000003994300000)]
  0x00000175cce6e2b0 JavaThread "Unconstrained build operations Thread 104" [_thread_blocked, id=36244, stack(0x0000003994300000,0x0000003994400000)]
  0x00000175cce6c450 JavaThread "Unconstrained build operations Thread 105" [_thread_blocked, id=47084, stack(0x0000003994400000,0x0000003994500000)]
  0x00000175cce6e7c0 JavaThread "Unconstrained build operations Thread 106" [_thread_blocked, id=44176, stack(0x0000003994500000,0x0000003994600000)]
  0x00000175cce6ba30 JavaThread "Unconstrained build operations Thread 107" [_thread_blocked, id=46608, stack(0x0000003994600000,0x0000003994700000)]
  0x00000175cce6d890 JavaThread "Unconstrained build operations Thread 108" [_thread_blocked, id=47456, stack(0x0000003994700000,0x0000003994800000)]
  0x00000175cce6ce70 JavaThread "Unconstrained build operations Thread 109" [_thread_blocked, id=4084, stack(0x0000003994800000,0x0000003994900000)]
  0x00000175cce6c960 JavaThread "Unconstrained build operations Thread 110" [_thread_blocked, id=40656, stack(0x0000003994900000,0x0000003994a00000)]
  0x00000175cce6d380 JavaThread "Unconstrained build operations Thread 111" [_thread_blocked, id=33592, stack(0x0000003994a00000,0x0000003994b00000)]
  0x00000175cc198ad0 JavaThread "Unconstrained build operations Thread 112" [_thread_blocked, id=14116, stack(0x0000003994b00000,0x0000003994c00000)]
  0x00000175cc19a930 JavaThread "Unconstrained build operations Thread 113" [_thread_blocked, id=36680, stack(0x0000003994c00000,0x0000003994d00000)]
  0x00000175cc198fe0 JavaThread "Unconstrained build operations Thread 114" [_thread_blocked, id=33396, stack(0x0000003994d00000,0x0000003994e00000)]
  0x00000175cc19b350 JavaThread "Unconstrained build operations Thread 115" [_thread_blocked, id=28932, stack(0x0000003994e00000,0x0000003994f00000)]
  0x00000175cc1994f0 JavaThread "Unconstrained build operations Thread 116" [_thread_blocked, id=39856, stack(0x0000003994f00000,0x0000003995000000)]
  0x00000175cc197ba0 JavaThread "Unconstrained build operations Thread 117" [_thread_blocked, id=49440, stack(0x0000003995000000,0x0000003995100000)]
  0x00000175cc199a00 JavaThread "Unconstrained build operations Thread 118" [_thread_blocked, id=44360, stack(0x0000003995100000,0x0000003995200000)]
  0x00000175cc19a420 JavaThread "Unconstrained build operations Thread 119" [_thread_blocked, id=34944, stack(0x0000003995200000,0x0000003995300000)]
  0x00000175cc1980b0 JavaThread "Unconstrained build operations Thread 120" [_thread_blocked, id=48584, stack(0x0000003995400000,0x0000003995500000)]
  0x00000175cc19e5f0 JavaThread "Cache worker for execution history cache (C:\Users\Dr kocher\Desktop\zewin_rx_scan\android\.gradle\9.3.1\executionHistory)" [_thread_blocked, id=45828, stack(0x0000003995700000,0x0000003995800000)]
  0x00000175cc19dbd0 JavaThread "WorkerExecutor Queue" [_thread_blocked, id=48372, stack(0x0000003995d00000,0x0000003995e00000)]
  0x00000175cc19e0e0 JavaThread "WorkerExecutor Queue Thread 2" [_thread_blocked, id=35092, stack(0x0000003995e00000,0x0000003995f00000)]
  0x00000175cc19eb00 JavaThread "WorkerExecutor Queue Thread 3" [_thread_blocked, id=19776, stack(0x0000003995f00000,0x0000003996000000)]
  0x00000175cc19c790 JavaThread "WorkerExecutor Queue Thread 4" [_thread_blocked, id=44164, stack(0x0000003996000000,0x0000003996100000)]
  0x00000175cc19f010 JavaThread "WorkerExecutor Queue Thread 5" [_thread_blocked, id=35484, stack(0x0000003996200000,0x0000003996300000)]
  0x00000175cc19b860 JavaThread "WorkerExecutor Queue Thread 6" [_thread_blocked, id=48248, stack(0x0000003996300000,0x0000003996400000)]
  0x00000175cc19f520 JavaThread "WorkerExecutor Queue Thread 7" [_thread_blocked, id=38620, stack(0x0000003996500000,0x0000003996600000)]
  0x00000175ca03d380 JavaThread "WorkerExecutor Queue Thread 8" [_thread_blocked, id=25944, stack(0x0000003996600000,0x0000003996700000)]
  0x00000175cba82350 JavaThread "WorkerExecutor Queue Thread 9" [_thread_blocked, id=48792, stack(0x0000003989000000,0x0000003989100000)]
  0x00000175cba80f10 JavaThread "WorkerExecutor Queue Thread 10" [_thread_blocked, id=14500, stack(0x0000003989100000,0x0000003989200000)]
  0x00000175cba82860 JavaThread "WorkerExecutor Queue Thread 11" [_thread_blocked, id=32428, stack(0x0000003996100000,0x0000003996200000)]
  0x00000175cba83ca0 JavaThread "WorkerExecutor Queue Thread 12" [_thread_blocked, id=36912, stack(0x0000003996400000,0x0000003996500000)]
  0x00000175cba87960 JavaThread "Cache worker for Java compile cache (C:\Users\Dr kocher\.gradle\caches\9.3.1\javaCompile)" [_thread_blocked, id=6440, stack(0x0000003996900000,0x0000003996a00000)]
  0x00000175cba850e0 JavaThread "Build operations" [_thread_blocked, id=28292, stack(0x0000003996d00000,0x0000003996e00000)]
  0x00000175cba87e70 JavaThread "Build operations Thread 2" [_thread_blocked, id=32636, stack(0x0000003996e00000,0x0000003996f00000)]
  0x00000175cba88da0 JavaThread "Build operations Thread 3" [_thread_blocked, id=42096, stack(0x0000003996f00000,0x0000003997000000)]
  0x00000175cba892b0 JavaThread "Build operations Thread 4" [_thread_blocked, id=46736, stack(0x0000003997000000,0x0000003997100000)]
  0x00000175cba85b00 JavaThread "Build operations Thread 5" [_thread_blocked, id=25668, stack(0x0000003997100000,0x0000003997200000)]
  0x00000175cba8a6f0 JavaThread "Build operations Thread 6" [_thread_blocked, id=34524, stack(0x0000003997200000,0x0000003997300000)]
  0x00000175cba897c0 JavaThread "Build operations Thread 7" [_thread_blocked, id=40436, stack(0x0000003997300000,0x0000003997400000)]
  0x00000175cba8b110 JavaThread "Build operations Thread 8" [_thread_blocked, id=32580, stack(0x0000003997400000,0x0000003997500000)]
  0x00000175cba8bb30 JavaThread "Build operations Thread 9" [_thread_blocked, id=34028, stack(0x0000003997500000,0x0000003997600000)]
  0x00000175cba8a1e0 JavaThread "Build operations Thread 10" [_thread_blocked, id=35768, stack(0x0000003997600000,0x0000003997700000)]
  0x00000175cba8b620 JavaThread "Build operations Thread 11" [_thread_blocked, id=37856, stack(0x0000003997700000,0x0000003997800000)]
  0x00000175cba86a30 JavaThread "Build operations Thread 12" [_thread_blocked, id=48968, stack(0x0000003997800000,0x0000003997900000)]
  0x00000175cba8f2e0 JavaThread "pool-4-thread-7" [_thread_blocked, id=39744, stack(0x0000003997900000,0x0000003997a00000)]
  0x00000175cba8fd00 JavaThread "pool-4-thread-8" [_thread_blocked, id=25216, stack(0x0000003997a00000,0x0000003997b00000)]
  0x00000175cba8dea0 JavaThread "pool-4-thread-4" [_thread_blocked, id=35036, stack(0x0000003997d00000,0x0000003997e00000)]
  0x00000175cba8ca60 JavaThread "pool-4-thread-5" [_thread_blocked, id=34200, stack(0x0000003997e00000,0x0000003997f00000)]
  0x00000175ca0ea320 JavaThread "pool-4-thread-3" [_thread_blocked, id=29052, stack(0x0000003998000000,0x0000003998100000)]
  0x00000175ca0e7590 JavaThread "pool-4-thread-9" [_thread_blocked, id=48820, stack(0x0000003998100000,0x0000003998200000)]
  0x00000175cc19ae40 JavaThread "pool-4-thread-11" [_thread_blocked, id=50528, stack(0x0000003998200000,0x0000003998300000)]
  0x00000175cd6bf170 JavaThread "pool-4-thread-10" [_thread_blocked, id=28548, stack(0x0000003998400000,0x0000003998500000)]
  0x00000175c9c28350 JavaThread "RMI Scheduler(0)" daemon [_thread_blocked, id=20760, stack(0x0000003996c00000,0x0000003996d00000)]
  0x00000175c9c26a00 JavaThread "RMI GC Daemon" daemon [_thread_blocked, id=47996, stack(0x0000003998600000,0x0000003998700000)]
  0x00000175c9c2a6c0 JavaThread "RMI TCP Accept-0" daemon [_thread_in_native, id=3364, stack(0x0000003998700000,0x0000003998800000)]
  0x00000175c9c26f10 JavaThread "RMI Reaper" [_thread_blocked, id=36064, stack(0x0000003998800000,0x0000003998900000)]
  0x00000175c9c2b0e0 JavaThread "RMI TCP Connection(4)-127.0.0.1" daemon [_thread_in_native, id=2732, stack(0x0000003998900000,0x0000003998a00000)]
  0x00000175c9c2c520 JavaThread "RMI TCP Connection(idle)" daemon [_thread_blocked, id=15020, stack(0x0000003998a00000,0x0000003998b00000)]
  0x00000175cd31da60 JavaThread "C2 CompilerThread1" daemon [_thread_blocked, id=30948, stack(0x0000003996800000,0x0000003996900000)]
  0x00000175dabf5970 JavaThread "C2 CompilerThread2" daemon [_thread_blocked, id=32288, stack(0x0000003997b00000,0x0000003997c00000)]

Other Threads:
=>0x000001753cd57be0 VMThread "VM Thread" [stack: 0x0000003989900000,0x0000003989a00000] [id=45992]
  0x000001757fc9fa90 WatcherThread [stack: 0x000000398a500000,0x000000398a600000] [id=43672]
  0x000001757fd4d8f0 GCTaskThread "GC Thread#0" [stack: 0x0000003989400000,0x0000003989500000] [id=29728]
  0x00000175c53fd940 GCTaskThread "GC Thread#1" [stack: 0x000000398a700000,0x000000398a800000] [id=5580]
  0x00000175c5418060 GCTaskThread "GC Thread#2" [stack: 0x000000398a800000,0x000000398a900000] [id=30660]
  0x00000175c5897770 GCTaskThread "GC Thread#3" [stack: 0x000000398aa00000,0x000000398ab00000] [id=50464]
  0x00000175c53f7bd0 GCTaskThread "GC Thread#4" [stack: 0x000000398ab00000,0x000000398ac00000] [id=31920]
  0x00000175c6f47ab0 GCTaskThread "GC Thread#5" [stack: 0x000000398a600000,0x000000398a700000] [id=30960]
  0x00000175c6f47d70 GCTaskThread "GC Thread#6" [stack: 0x000000398a900000,0x000000398aa00000] [id=14952]
  0x00000175c6ecd020 GCTaskThread "GC Thread#7" [stack: 0x000000398ad00000,0x000000398ae00000] [id=4020]
  0x00000175c8337150 GCTaskThread "GC Thread#8" [stack: 0x000000398b600000,0x000000398b700000] [id=29188]
  0x00000175c8335e10 GCTaskThread "GC Thread#9" [stack: 0x000000398bb00000,0x000000398bc00000] [id=7272]
  0x000001757fd4e880 ConcurrentGCThread "G1 Main Marker" [stack: 0x0000003989500000,0x0000003989600000] [id=36132]
  0x000001753cb91620 ConcurrentGCThread "G1 Conc#0" [stack: 0x0000003989600000,0x0000003989700000] [id=44504]
  0x00000175c8336e90 ConcurrentGCThread "G1 Conc#1" [stack: 0x000000398bd00000,0x000000398be00000] [id=14124]
  0x00000175c8336bd0 ConcurrentGCThread "G1 Conc#2" [stack: 0x000000398be00000,0x000000398bf00000] [id=38008]
  0x000001753cc043b0 ConcurrentGCThread "G1 Refine#0" [stack: 0x0000003989700000,0x0000003989800000] [id=50024]
  0x00000175c6bb4a40 ConcurrentGCThread "G1 Refine#1" [stack: 0x000000398c600000,0x000000398c700000] [id=50312]
  0x000001753cc04cf0 ConcurrentGCThread "G1 Service" [stack: 0x0000003989800000,0x0000003989900000] [id=7392]

Threads with active compile tasks:
C2 CompilerThread0  511340 40814 %     4       com.android.tools.r8.internal.rv::a @ 83 (6696 bytes)
C1 CompilerThread0  511340 42708       2       com.android.tools.r8.internal.yb::a (374 bytes)
C2 CompilerThread1  511340 41379       4       com.android.tools.r8.internal.fp::a (310 bytes)
C2 CompilerThread2  511340 42376       4       com.android.tools.r8.internal.ca2::c (803 bytes)

VM state: at safepoint (normal execution)

VM Mutex/Monitor currently owned by a thread:  ([mutex/lock_event])
[0x000001757fc9bc20] Threads_lock - owner thread: 0x000001753cd57be0
[0x000001757fc9be60] Heap_lock - owner thread: 0x00000175cc198ad0

Heap address: 0x0000000600000000, size: 8192 MB, Compressed Oops mode: Zero based, Oop shift amount: 3

CDS archive(s) mapped at: [0x0000017580000000-0x0000017580bb0000-0x0000017580bb0000), size 12255232, SharedBaseAddress: 0x0000017580000000, ArchiveRelocationMode: 1.
Compressed class space mapped at: 0x0000017581000000-0x00000175c1000000, reserved size: 1073741824
Narrow klass base: 0x0000017580000000, Narrow klass shift: 0, Narrow klass range: 0x100000000

GC Precious Log:
 CPUs: 12 total, 12 available
 Memory: 8083M
 Large Page Support: Disabled
 NUMA Support: Disabled
 Compressed Oops: Enabled (Zero based)
 Heap Region Size: 4M
 Heap Min Capacity: 8M
 Heap Initial Capacity: 128M
 Heap Max Capacity: 8G
 Pre-touch: Disabled
 Parallel Workers: 10
 Concurrent Workers: 3
 Concurrent Refinement Workers: 10
 Periodic GC: Disabled

Heap:
 garbage-first heap   total 905216K, used 332791K [0x0000000600000000, 0x0000000800000000)
  region size 4096K, 8 young (32768K), 8 survivors (32768K)
 Metaspace       used 192289K, committed 194432K, reserved 1245184K
  class space    used 25420K, committed 26432K, reserved 1048576K

Heap Regions: E=young(eden), S=young(survivor), O=old, HS=humongous(starts), HC=humongous(continues), CS=collection set, F=free, OA=open archive, CA=closed archive, TAMS=top-at-mark-start (previous, next)
|   0|0x0000000600000000, 0x0000000600400000, 0x0000000600400000|100%|HS|  |TAMS 0x0000000600400000, 0x0000000600000000| Complete 
|   1|0x0000000600400000, 0x0000000600800000, 0x0000000600800000|100%| O|  |TAMS 0x0000000600800000, 0x0000000600400000| Untracked 
|   2|0x0000000600800000, 0x0000000600c00000, 0x0000000600c00000|100%| O|  |TAMS 0x0000000600c00000, 0x0000000600800000| Untracked 
|   3|0x0000000600c00000, 0x0000000601000000, 0x0000000601000000|100%| O|  |TAMS 0x0000000601000000, 0x0000000600c00000| Untracked 
|   4|0x0000000601000000, 0x0000000601400000, 0x0000000601400000|100%| O|  |TAMS 0x0000000601400000, 0x0000000601000000| Untracked 
|   5|0x0000000601400000, 0x0000000601800000, 0x0000000601800000|100%| O|  |TAMS 0x0000000601800000, 0x0000000601400000| Untracked 
|   6|0x0000000601800000, 0x0000000601c00000, 0x0000000601c00000|100%| O|  |TAMS 0x0000000601c00000, 0x0000000601800000| Untracked 
|   7|0x0000000601c00000, 0x0000000602000000, 0x0000000602000000|100%| O|  |TAMS 0x0000000602000000, 0x0000000601c00000| Untracked 
|   8|0x0000000602000000, 0x0000000602400000, 0x0000000602400000|100%| O|  |TAMS 0x0000000602400000, 0x0000000602000000| Untracked 
|   9|0x0000000602400000, 0x0000000602800000, 0x0000000602800000|100%| O|  |TAMS 0x0000000602800000, 0x0000000602400000| Untracked 
|  10|0x0000000602800000, 0x0000000602c00000, 0x0000000602c00000|100%| O|  |TAMS 0x0000000602c00000, 0x0000000602800000| Untracked 
|  11|0x0000000602c00000, 0x0000000603000000, 0x0000000603000000|100%| O|  |TAMS 0x0000000603000000, 0x0000000602c00000| Untracked 
|  12|0x0000000603000000, 0x0000000603400000, 0x0000000603400000|100%| O|  |TAMS 0x0000000603000000, 0x0000000603000000| Untracked 
|  13|0x0000000603400000, 0x0000000603800000, 0x0000000603800000|100%| O|  |TAMS 0x0000000603400000, 0x0000000603400000| Untracked 
|  14|0x0000000603800000, 0x0000000603c00000, 0x0000000603c00000|100%| O|  |TAMS 0x0000000603c00000, 0x0000000603800000| Untracked 
|  15|0x0000000603c00000, 0x0000000604000000, 0x0000000604000000|100%| O|  |TAMS 0x0000000604000000, 0x0000000603c00000| Untracked 
|  16|0x0000000604000000, 0x0000000604400000, 0x0000000604400000|100%| O|  |TAMS 0x0000000604400000, 0x0000000604000000| Untracked 
|  17|0x0000000604400000, 0x0000000604800000, 0x0000000604800000|100%| O|  |TAMS 0x0000000604800000, 0x0000000604400000| Untracked 
|  18|0x0000000604800000, 0x0000000604c00000, 0x0000000604c00000|100%| O|  |TAMS 0x0000000604c00000, 0x0000000604800000| Untracked 
|  19|0x0000000604c00000, 0x0000000605000000, 0x0000000605000000|100%| O|  |TAMS 0x0000000605000000, 0x0000000604c00000| Untracked 
|  20|0x0000000605000000, 0x0000000605400000, 0x0000000605400000|100%| O|  |TAMS 0x0000000605400000, 0x0000000605000000| Untracked 
|  21|0x0000000605400000, 0x0000000605800000, 0x0000000605800000|100%| O|  |TAMS 0x0000000605800000, 0x0000000605400000| Untracked 
|  22|0x0000000605800000, 0x0000000605c00000, 0x0000000605c00000|100%| O|  |TAMS 0x0000000605c00000, 0x0000000605800000| Untracked 
|  23|0x0000000605c00000, 0x0000000606000000, 0x0000000606000000|100%| O|  |TAMS 0x0000000606000000, 0x0000000605c00000| Untracked 
|  24|0x0000000606000000, 0x0000000606400000, 0x0000000606400000|100%| O|  |TAMS 0x0000000606400000, 0x0000000606000000| Untracked 
|  25|0x0000000606400000, 0x0000000606800000, 0x0000000606800000|100%| O|  |TAMS 0x0000000606800000, 0x0000000606400000| Untracked 
|  26|0x0000000606800000, 0x0000000606c00000, 0x0000000606c00000|100%|HS|  |TAMS 0x0000000606800000, 0x0000000606800000| Complete 
|  27|0x0000000606c00000, 0x0000000607000000, 0x0000000607000000|100%| O|  |TAMS 0x0000000607000000, 0x0000000606c00000| Untracked 
|  28|0x0000000607000000, 0x0000000607400000, 0x0000000607400000|100%| O|  |TAMS 0x0000000607400000, 0x0000000607000000| Untracked 
|  29|0x0000000607400000, 0x0000000607800000, 0x0000000607800000|100%| O|  |TAMS 0x0000000607800000, 0x0000000607400000| Untracked 
|  30|0x0000000607800000, 0x0000000607c00000, 0x0000000607c00000|100%| O|  |TAMS 0x0000000607c00000, 0x0000000607800000| Untracked 
|  31|0x0000000607c00000, 0x0000000608000000, 0x0000000608000000|100%| O|  |TAMS 0x0000000608000000, 0x0000000607c00000| Untracked 
|  32|0x0000000608000000, 0x0000000608400000, 0x0000000608400000|100%| O|  |TAMS 0x0000000608400000, 0x0000000608000000| Untracked 
|  33|0x0000000608400000, 0x0000000608800000, 0x0000000608800000|100%| O|  |TAMS 0x0000000608400000, 0x0000000608400000| Untracked 
|  34|0x0000000608800000, 0x0000000608c00000, 0x0000000608c00000|100%| O|  |TAMS 0x0000000608800000, 0x0000000608800000| Untracked 
|  35|0x0000000608c00000, 0x0000000609000000, 0x0000000609000000|100%| O|  |TAMS 0x0000000609000000, 0x0000000608c00000| Untracked 
|  36|0x0000000609000000, 0x0000000609400000, 0x0000000609400000|100%| O|  |TAMS 0x0000000609400000, 0x0000000609000000| Untracked 
|  37|0x0000000609400000, 0x00000006097ffff8, 0x0000000609800000| 99%| O|  |TAMS 0x0000000609400000, 0x0000000609400000| Untracked 
|  38|0x0000000609800000, 0x0000000609c00000, 0x0000000609c00000|100%| O|  |TAMS 0x0000000609c00000, 0x0000000609800000| Untracked 
|  39|0x0000000609c00000, 0x000000060a000000, 0x000000060a000000|100%| O|  |TAMS 0x0000000609c00000, 0x0000000609c00000| Untracked 
|  40|0x000000060a000000, 0x000000060a400000, 0x000000060a400000|100%| O|  |TAMS 0x000000060a000000, 0x000000060a000000| Untracked 
|  41|0x000000060a400000, 0x000000060a800000, 0x000000060a800000|100%| O|  |TAMS 0x000000060a400000, 0x000000060a400000| Untracked 
|  42|0x000000060a800000, 0x000000060ac00000, 0x000000060ac00000|100%| O|  |TAMS 0x000000060a800000, 0x000000060a800000| Untracked 
|  43|0x000000060ac00000, 0x000000060b000000, 0x000000060b000000|100%| O|  |TAMS 0x000000060ac00000, 0x000000060ac00000| Untracked 
|  44|0x000000060b000000, 0x000000060b400000, 0x000000060b400000|100%| O|  |TAMS 0x000000060b000000, 0x000000060b000000| Untracked 
|  45|0x000000060b400000, 0x000000060b800000, 0x000000060b800000|100%| O|  |TAMS 0x000000060b800000, 0x000000060b400000| Untracked 
|  46|0x000000060b800000, 0x000000060bc00000, 0x000000060bc00000|100%| O|  |TAMS 0x000000060b800000, 0x000000060b800000| Untracked 
|  47|0x000000060bc00000, 0x000000060c000000, 0x000000060c000000|100%| O|  |TAMS 0x000000060c000000, 0x000000060bc00000| Untracked 
|  48|0x000000060c000000, 0x000000060c400000, 0x000000060c400000|100%| O|  |TAMS 0x000000060c400000, 0x000000060c000000| Untracked 
|  49|0x000000060c400000, 0x000000060c800000, 0x000000060c800000|100%| O|  |TAMS 0x000000060c800000, 0x000000060c400000| Untracked 
|  50|0x000000060c800000, 0x000000060cc00000, 0x000000060cc00000|100%| O|  |TAMS 0x000000060cc00000, 0x000000060c800000| Untracked 
|  51|0x000000060cc00000, 0x000000060d000000, 0x000000060d000000|100%| O|  |TAMS 0x000000060d000000, 0x000000060cc00000| Untracked 
|  52|0x000000060d000000, 0x000000060d400000, 0x000000060d400000|100%| O|  |TAMS 0x000000060d400000, 0x000000060d000000| Untracked 
|  53|0x000000060d400000, 0x000000060d800000, 0x000000060d800000|100%| O|  |TAMS 0x000000060d800000, 0x000000060d400000| Untracked 
|  54|0x000000060d800000, 0x000000060dc00000, 0x000000060dc00000|100%| O|  |TAMS 0x000000060dc00000, 0x000000060d800000| Untracked 
|  55|0x000000060dc00000, 0x000000060e000000, 0x000000060e000000|100%| O|  |TAMS 0x000000060e000000, 0x000000060dc00000| Untracked 
|  56|0x000000060e000000, 0x000000060e400000, 0x000000060e400000|100%| O|  |TAMS 0x000000060e400000, 0x000000060e000000| Untracked 
|  57|0x000000060e400000, 0x000000060e800000, 0x000000060e800000|100%| O|  |TAMS 0x000000060e800000, 0x000000060e400000| Untracked 
|  58|0x000000060e800000, 0x000000060ec00000, 0x000000060ec00000|100%| O|  |TAMS 0x000000060ec00000, 0x000000060e800000| Untracked 
|  59|0x000000060ec00000, 0x000000060f000000, 0x000000060f000000|100%| O|  |TAMS 0x000000060ede4c00, 0x000000060ec00000| Untracked 
|  60|0x000000060f000000, 0x000000060f400000, 0x000000060f400000|100%| O|  |TAMS 0x000000060f000000, 0x000000060f000000| Untracked 
|  61|0x000000060f400000, 0x000000060f800000, 0x000000060f800000|100%| O|  |TAMS 0x000000060f400000, 0x000000060f400000| Untracked 
|  62|0x000000060f800000, 0x000000060fc00000, 0x000000060fc00000|100%| O|  |TAMS 0x000000060f800000, 0x000000060f800000| Untracked 
|  63|0x000000060fc00000, 0x0000000610000000, 0x0000000610000000|100%| O|  |TAMS 0x000000060fc00000, 0x000000060fc00000| Untracked 
|  64|0x0000000610000000, 0x0000000610400000, 0x0000000610400000|100%| O|  |TAMS 0x0000000610000000, 0x0000000610000000| Untracked 
|  65|0x0000000610400000, 0x0000000610800000, 0x0000000610800000|100%| O|  |TAMS 0x0000000610400000, 0x0000000610400000| Untracked 
|  66|0x0000000610800000, 0x0000000610c00000, 0x0000000610c00000|100%| O|  |TAMS 0x0000000610800000, 0x0000000610800000| Untracked 
|  67|0x0000000610c00000, 0x0000000611000000, 0x0000000611000000|100%| O|  |TAMS 0x0000000610c00000, 0x0000000610c00000| Untracked 
|  68|0x0000000611000000, 0x0000000611400000, 0x0000000611400000|100%| O|  |TAMS 0x0000000611000000, 0x0000000611000000| Untracked 
|  69|0x0000000611400000, 0x0000000611800000, 0x0000000611800000|100%| O|  |TAMS 0x0000000611400000, 0x0000000611400000| Untracked 
|  70|0x0000000611800000, 0x0000000611c00000, 0x0000000611c00000|100%| O|  |TAMS 0x0000000611800000, 0x0000000611800000| Untracked 
|  71|0x0000000611c00000, 0x0000000612000000, 0x0000000612000000|100%| O|  |TAMS 0x0000000611c00000, 0x0000000611c00000| Untracked 
|  72|0x0000000612000000, 0x0000000612400000, 0x0000000612400000|100%| O|  |TAMS 0x0000000612000000, 0x0000000612000000| Untracked 
|  73|0x0000000612400000, 0x0000000612711200, 0x0000000612800000| 76%| O|  |TAMS 0x0000000612400000, 0x0000000612400000| Untracked 
|  74|0x0000000612800000, 0x0000000612800000, 0x0000000612c00000|  0%| F|  |TAMS 0x0000000612800000, 0x0000000612800000| Untracked 
|  75|0x0000000612c00000, 0x0000000612c00000, 0x0000000613000000|  0%| F|  |TAMS 0x0000000612c00000, 0x0000000612c00000| Untracked 
|  76|0x0000000613000000, 0x0000000613000000, 0x0000000613400000|  0%| F|  |TAMS 0x0000000613000000, 0x0000000613000000| Untracked 
|  77|0x0000000613400000, 0x0000000613400000, 0x0000000613800000|  0%| F|  |TAMS 0x0000000613400000, 0x0000000613400000| Untracked 
|  78|0x0000000613800000, 0x0000000613800000, 0x0000000613c00000|  0%| F|  |TAMS 0x0000000613800000, 0x0000000613800000| Untracked 
|  79|0x0000000613c00000, 0x0000000613c00000, 0x0000000614000000|  0%| F|  |TAMS 0x0000000613c00000, 0x0000000613c00000| Untracked 
|  80|0x0000000614000000, 0x0000000614000000, 0x0000000614400000|  0%| F|  |TAMS 0x0000000614000000, 0x0000000614000000| Untracked 
|  81|0x0000000614400000, 0x0000000614400000, 0x0000000614800000|  0%| F|  |TAMS 0x0000000614400000, 0x0000000614400000| Untracked 
|  82|0x0000000614800000, 0x0000000614800000, 0x0000000614c00000|  0%| F|  |TAMS 0x0000000614800000, 0x0000000614800000| Untracked 
|  83|0x0000000614c00000, 0x0000000614c00000, 0x0000000615000000|  0%| F|  |TAMS 0x0000000614c00000, 0x0000000614c00000| Untracked 
|  84|0x0000000615000000, 0x0000000615000000, 0x0000000615400000|  0%| F|  |TAMS 0x0000000615000000, 0x0000000615000000| Untracked 
|  85|0x0000000615400000, 0x0000000615400000, 0x0000000615800000|  0%| F|  |TAMS 0x0000000615400000, 0x0000000615400000| Untracked 
|  86|0x0000000615800000, 0x0000000615800000, 0x0000000615c00000|  0%| F|  |TAMS 0x0000000615800000, 0x0000000615800000| Untracked 
|  87|0x0000000615c00000, 0x0000000615c00000, 0x0000000616000000|  0%| F|  |TAMS 0x0000000615c00000, 0x0000000615c00000| Untracked 
|  88|0x0000000616000000, 0x0000000616000000, 0x0000000616400000|  0%| F|  |TAMS 0x0000000616000000, 0x0000000616000000| Untracked 
|  89|0x0000000616400000, 0x0000000616400000, 0x0000000616800000|  0%| F|  |TAMS 0x0000000616400000, 0x0000000616400000| Untracked 
|  90|0x0000000616800000, 0x0000000616800000, 0x0000000616c00000|  0%| F|  |TAMS 0x0000000616800000, 0x0000000616800000| Untracked 
|  91|0x0000000616c00000, 0x0000000616c00000, 0x0000000617000000|  0%| F|  |TAMS 0x0000000616c00000, 0x0000000616c00000| Untracked 
|  92|0x0000000617000000, 0x0000000617000000, 0x0000000617400000|  0%| F|  |TAMS 0x0000000617000000, 0x0000000617000000| Untracked 
|  93|0x0000000617400000, 0x0000000617400000, 0x0000000617800000|  0%| F|  |TAMS 0x0000000617400000, 0x0000000617400000| Untracked 
|  94|0x0000000617800000, 0x0000000617800000, 0x0000000617c00000|  0%| F|  |TAMS 0x0000000617800000, 0x0000000617800000| Untracked 
|  95|0x0000000617c00000, 0x0000000617c00000, 0x0000000618000000|  0%| F|  |TAMS 0x0000000617c00000, 0x0000000617c00000| Untracked 
|  96|0x0000000618000000, 0x0000000618000000, 0x0000000618400000|  0%| F|  |TAMS 0x0000000618000000, 0x0000000618000000| Untracked 
|  97|0x0000000618400000, 0x0000000618400000, 0x0000000618800000|  0%| F|  |TAMS 0x0000000618400000, 0x0000000618400000| Untracked 
|  98|0x0000000618800000, 0x0000000618800000, 0x0000000618c00000|  0%| F|  |TAMS 0x0000000618800000, 0x0000000618800000| Untracked 
|  99|0x0000000618c00000, 0x0000000618c00000, 0x0000000619000000|  0%| F|  |TAMS 0x0000000618c00000, 0x0000000618c00000| Untracked 
| 100|0x0000000619000000, 0x0000000619000000, 0x0000000619400000|  0%| F|  |TAMS 0x0000000619000000, 0x0000000619000000| Untracked 
| 101|0x0000000619400000, 0x00000006195eca80, 0x0000000619800000| 48%| S|CS|TAMS 0x0000000619400000, 0x0000000619400000| Complete 
| 102|0x0000000619800000, 0x0000000619c00000, 0x0000000619c00000|100%| S|CS|TAMS 0x0000000619800000, 0x0000000619800000| Complete 
| 103|0x0000000619c00000, 0x000000061a000000, 0x000000061a000000|100%| S|CS|TAMS 0x0000000619c00000, 0x0000000619c00000| Complete 
| 104|0x000000061a000000, 0x000000061a000000, 0x000000061a400000|  0%| F|  |TAMS 0x000000061a000000, 0x000000061a000000| Untracked 
| 105|0x000000061a400000, 0x000000061a400000, 0x000000061a800000|  0%| F|  |TAMS 0x000000061a400000, 0x000000061a400000| Untracked 
| 106|0x000000061a800000, 0x000000061a800000, 0x000000061ac00000|  0%| F|  |TAMS 0x000000061a800000, 0x000000061a800000| Untracked 
| 107|0x000000061ac00000, 0x000000061ac00000, 0x000000061b000000|  0%| F|  |TAMS 0x000000061ac00000, 0x000000061ac00000| Untracked 
| 108|0x000000061b000000, 0x000000061b000000, 0x000000061b400000|  0%| F|  |TAMS 0x000000061b000000, 0x000000061b000000| Untracked 
| 109|0x000000061b400000, 0x000000061b400000, 0x000000061b800000|  0%| F|  |TAMS 0x000000061b400000, 0x000000061b400000| Untracked 
| 110|0x000000061b800000, 0x000000061b800000, 0x000000061bc00000|  0%| F|  |TAMS 0x000000061b800000, 0x000000061b800000| Untracked 
| 111|0x000000061bc00000, 0x000000061c000000, 0x000000061c000000|100%| S|CS|TAMS 0x000000061bc00000, 0x000000061bc00000| Complete 
| 112|0x000000061c000000, 0x000000061c400000, 0x000000061c400000|100%| S|CS|TAMS 0x000000061c000000, 0x000000061c000000| Complete 
| 113|0x000000061c400000, 0x000000061c800000, 0x000000061c800000|100%| S|CS|TAMS 0x000000061c400000, 0x000000061c400000| Complete 
| 114|0x000000061c800000, 0x000000061cc00000, 0x000000061cc00000|100%| S|CS|TAMS 0x000000061c800000, 0x000000061c800000| Complete 
| 115|0x000000061cc00000, 0x000000061d000000, 0x000000061d000000|100%| S|CS|TAMS 0x000000061cc00000, 0x000000061cc00000| Complete 
| 116|0x000000061d000000, 0x000000061d000000, 0x000000061d400000|  0%| F|  |TAMS 0x000000061d000000, 0x000000061d000000| Untracked 
| 117|0x000000061d400000, 0x000000061d400000, 0x000000061d800000|  0%| F|  |TAMS 0x000000061d400000, 0x000000061d400000| Untracked 
| 118|0x000000061d800000, 0x000000061d800000, 0x000000061dc00000|  0%| F|  |TAMS 0x000000061d800000, 0x000000061d800000| Untracked 
| 119|0x000000061dc00000, 0x000000061dc00000, 0x000000061e000000|  0%| F|  |TAMS 0x000000061dc00000, 0x000000061dc00000| Untracked 
| 120|0x000000061e000000, 0x000000061e000000, 0x000000061e400000|  0%| F|  |TAMS 0x000000061e000000, 0x000000061e000000| Untracked 
| 121|0x000000061e400000, 0x000000061e400000, 0x000000061e800000|  0%| F|  |TAMS 0x000000061e400000, 0x000000061e400000| Untracked 
| 122|0x000000061e800000, 0x000000061e800000, 0x000000061ec00000|  0%| F|  |TAMS 0x000000061e800000, 0x000000061e800000| Untracked 
| 123|0x000000061ec00000, 0x000000061ec00000, 0x000000061f000000|  0%| F|  |TAMS 0x000000061ec00000, 0x000000061ec00000| Untracked 
| 124|0x000000061f000000, 0x000000061f000000, 0x000000061f400000|  0%| F|  |TAMS 0x000000061f000000, 0x000000061f000000| Untracked 
| 125|0x000000061f400000, 0x000000061f400000, 0x000000061f800000|  0%| F|  |TAMS 0x000000061f400000, 0x000000061f400000| Untracked 
| 126|0x000000061f800000, 0x000000061f800000, 0x000000061fc00000|  0%| F|  |TAMS 0x000000061f800000, 0x000000061f800000| Untracked 
| 127|0x000000061fc00000, 0x000000061fc00000, 0x0000000620000000|  0%| F|  |TAMS 0x000000061fc00000, 0x000000061fc00000| Untracked 
| 128|0x0000000620000000, 0x0000000620000000, 0x0000000620400000|  0%| F|  |TAMS 0x0000000620000000, 0x0000000620000000| Untracked 
| 129|0x0000000620400000, 0x0000000620400000, 0x0000000620800000|  0%| F|  |TAMS 0x0000000620400000, 0x0000000620400000| Untracked 
| 130|0x0000000620800000, 0x0000000620800000, 0x0000000620c00000|  0%| F|  |TAMS 0x0000000620800000, 0x0000000620800000| Untracked 
| 131|0x0000000620c00000, 0x0000000620c00000, 0x0000000621000000|  0%| F|  |TAMS 0x0000000620c00000, 0x0000000620c00000| Untracked 
| 132|0x0000000621000000, 0x0000000621000000, 0x0000000621400000|  0%| F|  |TAMS 0x0000000621000000, 0x0000000621000000| Untracked 
| 133|0x0000000621400000, 0x0000000621400000, 0x0000000621800000|  0%| F|  |TAMS 0x0000000621400000, 0x0000000621400000| Untracked 
| 134|0x0000000621800000, 0x0000000621800000, 0x0000000621c00000|  0%| F|  |TAMS 0x0000000621800000, 0x0000000621800000| Untracked 
| 135|0x0000000621c00000, 0x0000000621c00000, 0x0000000622000000|  0%| F|  |TAMS 0x0000000621c00000, 0x0000000621c00000| Untracked 
| 136|0x0000000622000000, 0x0000000622000000, 0x0000000622400000|  0%| F|  |TAMS 0x0000000622000000, 0x0000000622000000| Untracked 
| 137|0x0000000622400000, 0x0000000622400000, 0x0000000622800000|  0%| F|  |TAMS 0x0000000622400000, 0x0000000622400000| Untracked 
| 138|0x0000000622800000, 0x0000000622800000, 0x0000000622c00000|  0%| F|  |TAMS 0x0000000622800000, 0x0000000622800000| Untracked 
| 139|0x0000000622c00000, 0x0000000622c00000, 0x0000000623000000|  0%| F|  |TAMS 0x0000000622c00000, 0x0000000622c00000| Untracked 
| 140|0x0000000623000000, 0x0000000623000000, 0x0000000623400000|  0%| F|  |TAMS 0x0000000623000000, 0x0000000623000000| Untracked 
| 141|0x0000000623400000, 0x0000000623400000, 0x0000000623800000|  0%| F|  |TAMS 0x0000000623400000, 0x0000000623400000| Untracked 
| 142|0x0000000623800000, 0x0000000623800000, 0x0000000623c00000|  0%| F|  |TAMS 0x0000000623800000, 0x0000000623800000| Untracked 
| 143|0x0000000623c00000, 0x0000000623c00000, 0x0000000624000000|  0%| F|  |TAMS 0x0000000623c00000, 0x0000000623c00000| Untracked 
| 144|0x0000000624000000, 0x0000000624000000, 0x0000000624400000|  0%| F|  |TAMS 0x0000000624000000, 0x0000000624000000| Untracked 
| 145|0x0000000624400000, 0x0000000624400000, 0x0000000624800000|  0%| F|  |TAMS 0x0000000624400000, 0x0000000624400000| Untracked 
| 146|0x0000000624800000, 0x0000000624800000, 0x0000000624c00000|  0%| F|  |TAMS 0x0000000624800000, 0x0000000624800000| Untracked 
| 147|0x0000000624c00000, 0x0000000624c00000, 0x0000000625000000|  0%| F|  |TAMS 0x0000000624c00000, 0x0000000624c00000| Untracked 
| 148|0x0000000625000000, 0x0000000625000000, 0x0000000625400000|  0%| F|  |TAMS 0x0000000625000000, 0x0000000625000000| Untracked 
| 149|0x0000000625400000, 0x0000000625400000, 0x0000000625800000|  0%| F|  |TAMS 0x0000000625400000, 0x0000000625400000| Untracked 
| 150|0x0000000625800000, 0x0000000625800000, 0x0000000625c00000|  0%| F|  |TAMS 0x0000000625800000, 0x0000000625800000| Untracked 
| 151|0x0000000625c00000, 0x0000000625c00000, 0x0000000626000000|  0%| F|  |TAMS 0x0000000625c00000, 0x0000000625c00000| Untracked 
| 152|0x0000000626000000, 0x0000000626000000, 0x0000000626400000|  0%| F|  |TAMS 0x0000000626000000, 0x0000000626000000| Untracked 
| 153|0x0000000626400000, 0x0000000626400000, 0x0000000626800000|  0%| F|  |TAMS 0x0000000626400000, 0x0000000626400000| Untracked 
| 154|0x0000000626800000, 0x0000000626800000, 0x0000000626c00000|  0%| F|  |TAMS 0x0000000626800000, 0x0000000626800000| Untracked 
| 155|0x0000000626c00000, 0x0000000626c00000, 0x0000000627000000|  0%| F|  |TAMS 0x0000000626c00000, 0x0000000626c00000| Untracked 
| 156|0x0000000627000000, 0x0000000627000000, 0x0000000627400000|  0%| F|  |TAMS 0x0000000627000000, 0x0000000627000000| Untracked 
| 157|0x0000000627400000, 0x0000000627400000, 0x0000000627800000|  0%| F|  |TAMS 0x0000000627400000, 0x0000000627400000| Untracked 
| 158|0x0000000627800000, 0x0000000627800000, 0x0000000627c00000|  0%| F|  |TAMS 0x0000000627800000, 0x0000000627800000| Untracked 
| 159|0x0000000627c00000, 0x0000000627c00000, 0x0000000628000000|  0%| F|  |TAMS 0x0000000627c00000, 0x0000000627c00000| Untracked 
| 160|0x0000000628000000, 0x0000000628000000, 0x0000000628400000|  0%| F|  |TAMS 0x0000000628000000, 0x0000000628000000| Untracked 
| 161|0x0000000628400000, 0x0000000628400000, 0x0000000628800000|  0%| F|  |TAMS 0x0000000628400000, 0x0000000628400000| Untracked 
| 162|0x0000000628800000, 0x0000000628800000, 0x0000000628c00000|  0%| F|  |TAMS 0x0000000628800000, 0x0000000628800000| Untracked 
| 163|0x0000000628c00000, 0x0000000628c00000, 0x0000000629000000|  0%| F|  |TAMS 0x0000000628c00000, 0x0000000628c00000| Untracked 
| 164|0x0000000629000000, 0x0000000629000000, 0x0000000629400000|  0%| F|  |TAMS 0x0000000629000000, 0x0000000629000000| Untracked 
| 165|0x0000000629400000, 0x0000000629400000, 0x0000000629800000|  0%| F|  |TAMS 0x0000000629400000, 0x0000000629400000| Untracked 
| 166|0x0000000629800000, 0x0000000629800000, 0x0000000629c00000|  0%| F|  |TAMS 0x0000000629800000, 0x0000000629800000| Untracked 
| 167|0x0000000629c00000, 0x0000000629c00000, 0x000000062a000000|  0%| F|  |TAMS 0x0000000629c00000, 0x0000000629c00000| Untracked 
| 168|0x000000062a000000, 0x000000062a000000, 0x000000062a400000|  0%| F|  |TAMS 0x000000062a000000, 0x000000062a000000| Untracked 
| 169|0x000000062a400000, 0x000000062a400000, 0x000000062a800000|  0%| F|  |TAMS 0x000000062a400000, 0x000000062a400000| Untracked 
| 170|0x000000062a800000, 0x000000062a800000, 0x000000062ac00000|  0%| F|  |TAMS 0x000000062a800000, 0x000000062a800000| Untracked 
| 171|0x000000062ac00000, 0x000000062ac00000, 0x000000062b000000|  0%| F|  |TAMS 0x000000062ac00000, 0x000000062ac00000| Untracked 
| 172|0x000000062b000000, 0x000000062b000000, 0x000000062b400000|  0%| F|  |TAMS 0x000000062b000000, 0x000000062b000000| Untracked 
| 173|0x000000062b400000, 0x000000062b400000, 0x000000062b800000|  0%| F|  |TAMS 0x000000062b400000, 0x000000062b400000| Untracked 
| 174|0x000000062b800000, 0x000000062b800000, 0x000000062bc00000|  0%| F|  |TAMS 0x000000062b800000, 0x000000062b800000| Untracked 
| 175|0x000000062bc00000, 0x000000062bc00000, 0x000000062c000000|  0%| F|  |TAMS 0x000000062bc00000, 0x000000062bc00000| Untracked 
| 176|0x000000062c000000, 0x000000062c000000, 0x000000062c400000|  0%| F|  |TAMS 0x000000062c000000, 0x000000062c000000| Untracked 
| 177|0x000000062c400000, 0x000000062c400000, 0x000000062c800000|  0%| F|  |TAMS 0x000000062c400000, 0x000000062c400000| Untracked 
| 178|0x000000062c800000, 0x000000062c800000, 0x000000062cc00000|  0%| F|  |TAMS 0x000000062c800000, 0x000000062c800000| Untracked 
| 179|0x000000062cc00000, 0x000000062cc00000, 0x000000062d000000|  0%| F|  |TAMS 0x000000062cc00000, 0x000000062cc00000| Untracked 
| 180|0x000000062d000000, 0x000000062d000000, 0x000000062d400000|  0%| F|  |TAMS 0x000000062d000000, 0x000000062d000000| Untracked 
| 181|0x000000062d400000, 0x000000062d400000, 0x000000062d800000|  0%| F|  |TAMS 0x000000062d400000, 0x000000062d400000| Untracked 
| 182|0x000000062d800000, 0x000000062d800000, 0x000000062dc00000|  0%| F|  |TAMS 0x000000062d800000, 0x000000062d800000| Untracked 
| 183|0x000000062dc00000, 0x000000062dc00000, 0x000000062e000000|  0%| F|  |TAMS 0x000000062dc00000, 0x000000062dc00000| Untracked 
| 184|0x000000062e000000, 0x000000062e000000, 0x000000062e400000|  0%| F|  |TAMS 0x000000062e000000, 0x000000062e000000| Untracked 
| 185|0x000000062e400000, 0x000000062e400000, 0x000000062e800000|  0%| F|  |TAMS 0x000000062e400000, 0x000000062e400000| Untracked 
| 186|0x000000062e800000, 0x000000062e800000, 0x000000062ec00000|  0%| F|  |TAMS 0x000000062e800000, 0x000000062e800000| Untracked 
| 187|0x000000062ec00000, 0x000000062ec00000, 0x000000062f000000|  0%| F|  |TAMS 0x000000062ec00000, 0x000000062ec00000| Untracked 
| 188|0x000000062f000000, 0x000000062f000000, 0x000000062f400000|  0%| F|  |TAMS 0x000000062f000000, 0x000000062f000000| Untracked 
| 189|0x000000062f400000, 0x000000062f400000, 0x000000062f800000|  0%| F|  |TAMS 0x000000062f400000, 0x000000062f400000| Untracked 
| 190|0x000000062f800000, 0x000000062f800000, 0x000000062fc00000|  0%| F|  |TAMS 0x000000062f800000, 0x000000062f800000| Untracked 
| 191|0x000000062fc00000, 0x000000062fc00000, 0x0000000630000000|  0%| F|  |TAMS 0x000000062fc00000, 0x000000062fc00000| Untracked 
| 192|0x0000000630000000, 0x0000000630000000, 0x0000000630400000|  0%| F|  |TAMS 0x0000000630000000, 0x0000000630000000| Untracked 
| 193|0x0000000630400000, 0x0000000630400000, 0x0000000630800000|  0%| F|  |TAMS 0x0000000630400000, 0x0000000630400000| Untracked 
| 194|0x0000000630800000, 0x0000000630800000, 0x0000000630c00000|  0%| F|  |TAMS 0x0000000630800000, 0x0000000630800000| Untracked 
| 195|0x0000000630c00000, 0x0000000630c00000, 0x0000000631000000|  0%| F|  |TAMS 0x0000000630c00000, 0x0000000630c00000| Untracked 
| 196|0x0000000631000000, 0x0000000631000000, 0x0000000631400000|  0%| F|  |TAMS 0x0000000631000000, 0x0000000631000000| Untracked 
| 197|0x0000000631400000, 0x0000000631400000, 0x0000000631800000|  0%| F|  |TAMS 0x0000000631400000, 0x0000000631400000| Untracked 
| 198|0x0000000631800000, 0x0000000631800000, 0x0000000631c00000|  0%| F|  |TAMS 0x0000000631800000, 0x0000000631800000| Untracked 
| 199|0x0000000631c00000, 0x0000000631c00000, 0x0000000632000000|  0%| F|  |TAMS 0x0000000631c00000, 0x0000000631c00000| Untracked 
| 200|0x0000000632000000, 0x0000000632000000, 0x0000000632400000|  0%| F|  |TAMS 0x0000000632000000, 0x0000000632000000| Untracked 
| 201|0x0000000632400000, 0x0000000632400000, 0x0000000632800000|  0%| F|  |TAMS 0x0000000632400000, 0x0000000632400000| Untracked 
| 202|0x0000000632800000, 0x0000000632800000, 0x0000000632c00000|  0%| F|  |TAMS 0x0000000632800000, 0x0000000632800000| Untracked 
| 203|0x0000000632c00000, 0x0000000632c00000, 0x0000000633000000|  0%| F|  |TAMS 0x0000000632c00000, 0x0000000632c00000| Untracked 
| 204|0x0000000633000000, 0x0000000633000000, 0x0000000633400000|  0%| F|  |TAMS 0x0000000633000000, 0x0000000633000000| Untracked 
| 205|0x0000000633400000, 0x0000000633400000, 0x0000000633800000|  0%| F|  |TAMS 0x0000000633400000, 0x0000000633400000| Untracked 
| 206|0x0000000633800000, 0x0000000633800000, 0x0000000633c00000|  0%| F|  |TAMS 0x0000000633800000, 0x0000000633800000| Untracked 
| 207|0x0000000633c00000, 0x0000000633c00000, 0x0000000634000000|  0%| F|  |TAMS 0x0000000633c00000, 0x0000000633c00000| Untracked 
| 208|0x0000000634000000, 0x0000000634000000, 0x0000000634400000|  0%| F|  |TAMS 0x0000000634000000, 0x0000000634000000| Untracked 
| 209|0x0000000634400000, 0x0000000634400000, 0x0000000634800000|  0%| F|  |TAMS 0x0000000634400000, 0x0000000634400000| Untracked 
| 210|0x0000000634800000, 0x0000000634800000, 0x0000000634c00000|  0%| F|  |TAMS 0x0000000634800000, 0x0000000634800000| Untracked 
| 211|0x0000000634c00000, 0x0000000634c00000, 0x0000000635000000|  0%| F|  |TAMS 0x0000000634c00000, 0x0000000634c00000| Untracked 
| 212|0x0000000635000000, 0x0000000635000000, 0x0000000635400000|  0%| F|  |TAMS 0x0000000635000000, 0x0000000635000000| Untracked 
| 213|0x0000000635400000, 0x0000000635400000, 0x0000000635800000|  0%| F|  |TAMS 0x0000000635400000, 0x0000000635400000| Untracked 
| 214|0x0000000635800000, 0x0000000635800000, 0x0000000635c00000|  0%| F|  |TAMS 0x0000000635800000, 0x0000000635800000| Untracked 
| 215|0x0000000635c00000, 0x0000000635c00000, 0x0000000636000000|  0%| F|  |TAMS 0x0000000635c00000, 0x0000000635c00000| Untracked 
| 216|0x0000000636000000, 0x0000000636000000, 0x0000000636400000|  0%| F|  |TAMS 0x0000000636000000, 0x0000000636000000| Untracked 
| 217|0x0000000636400000, 0x0000000636400000, 0x0000000636800000|  0%| F|  |TAMS 0x0000000636400000, 0x0000000636400000| Untracked 
| 218|0x0000000636800000, 0x0000000636800000, 0x0000000636c00000|  0%| F|  |TAMS 0x0000000636800000, 0x0000000636800000| Untracked 
| 219|0x0000000636c00000, 0x0000000636c00000, 0x0000000637000000|  0%| F|  |TAMS 0x0000000636c00000, 0x0000000636c00000| Untracked 
| 220|0x0000000637000000, 0x0000000637000000, 0x0000000637400000|  0%| F|  |TAMS 0x0000000637000000, 0x0000000637000000| Untracked 

Card table byte_map: [0x000001752ab80000,0x000001752bb80000] _byte_map_base: 0x0000017527b80000

Marking Bits (Prev, Next): (CMBitMap*) 0x000001757fd4de20, (CMBitMap*) 0x000001757fd4de60
 Prev Bits: [0x000001752cb80000, 0x0000017534b80000)
 Next Bits: [0x0000017534b80000, 0x000001753cb80000)

Polling page: 0x000001757f760000

Metaspace:

Usage:
  Non-class:    162.96 MB used.
      Class:     24.82 MB used.
       Both:    187.78 MB used.

Virtual space:
  Non-class space:      192.00 MB reserved,     164.06 MB ( 85%) committed,  3 nodes.
      Class space:        1.00 GB reserved,      25.81 MB (  3%) committed,  1 nodes.
             Both:        1.19 GB reserved,     189.88 MB ( 16%) committed. 

Chunk freelists:
   Non-Class:  11.69 MB
       Class:  6.19 MB
        Both:  17.88 MB

MaxMetaspaceSize: 4.00 GB
CompressedClassSpaceSize: 1.00 GB
Initial GC threshold: 21.00 MB
Current GC threshold: 211.56 MB
CDS: on
MetaspaceReclaimPolicy: balanced
 - commit_granule_bytes: 65536.
 - commit_granule_words: 8192.
 - virtual_space_node_default_size: 8388608.
 - enlarge_chunks_in_place: 1.
 - new_chunks_are_fully_committed: 0.
 - uncommit_free_chunks: 1.
 - use_allocation_guard: 0.
 - handle_deallocations: 1.


Internal statistics:

num_allocs_failed_limit: 9.
num_arena_births: 3854.
num_arena_deaths: 42.
num_vsnodes_births: 4.
num_vsnodes_deaths: 0.
num_space_committed: 3036.
num_space_uncommitted: 0.
num_chunks_returned_to_freelist: 63.
num_chunks_taken_from_freelist: 12683.
num_chunk_merges: 13.
num_chunk_splits: 8003.
num_chunks_enlarged: 4867.
num_inconsistent_stats: 0.

CodeHeap 'non-profiled nmethods': size=259264Kb used=24960Kb max_used=25221Kb free=234304Kb
 bounds [0x00000175191b0000, 0x000001751aa60000, 0x0000017528ee0000]
CodeHeap 'profiled nmethods': size=259264Kb used=69144Kb max_used=69144Kb free=190120Kb
 bounds [0x0000017508ee0000, 0x000001750d270000, 0x0000017518c10000]
CodeHeap 'non-nmethods': size=5760Kb used=1923Kb max_used=2000Kb free=3837Kb
 bounds [0x0000017518c10000, 0x0000017518e80000, 0x00000175191b0000]
 total_blobs=33258 nmethods=32214 adapters=951
 compilation: enabled
              stopped_count=0, restarted_count=0
 full_count=0

Compilation events (20 events):
Event: 509.563 Thread 0x00000175c511fc70 nmethod 42698 0x000001750d265510 code [0x000001750d2656c0, 0x000001750d265808]
Event: 509.563 Thread 0x00000175c511fc70 42700       2       com.android.build.gradle.internal.packaging.ParsedPackagingOptions::getAction (149 bytes)
Event: 509.565 Thread 0x00000175c511fc70 nmethod 42700 0x000001750d265910 code [0x000001750d265c80, 0x000001750d266a38]
Event: 509.565 Thread 0x00000175c511fc70 42701       2       com.android.build.gradle.internal.packaging.ParsedPackagingOptions$getAction$1::<init> (10 bytes)
Event: 509.566 Thread 0x00000175c511fc70 nmethod 42701 0x000001750d267210 code [0x000001750d2673a0, 0x000001750d2674f8]
Event: 509.566 Thread 0x00000175c511fc70 42702       2       com.android.build.gradle.internal.packaging.ParsedPackagingOptions$getAction$2::<init> (10 bytes)
Event: 509.566 Thread 0x00000175c511fc70 nmethod 42702 0x000001750d267590 code [0x000001750d267720, 0x000001750d267878]
Event: 509.566 Thread 0x00000175c511fc70 42703       2       com.android.build.gradle.internal.packaging.ParsedPackagingOptions$getAction$3::<init> (10 bytes)
Event: 509.566 Thread 0x00000175c511fc70 nmethod 42703 0x000001750d267910 code [0x000001750d267aa0, 0x000001750d267bf8]
Event: 509.566 Thread 0x00000175c511fc70 42704       2       com.android.build.gradle.internal.tasks.MergeJavaResourcesDelegate$run$inputFilter$1::test (9 bytes)
Event: 509.566 Thread 0x00000175c511fc70 nmethod 42704 0x000001750d267c90 code [0x000001750d267e80, 0x000001750d2681b8]
Event: 509.566 Thread 0x00000175c511fc70 42705       2       com.android.build.gradle.internal.tasks.MergeJavaResourcesDelegate$run$inputFilter$1::test (27 bytes)
Event: 509.567 Thread 0x00000175c511fc70 nmethod 42705 0x000001750d268410 code [0x000001750d268600, 0x000001750d2688f8]
Event: 509.567 Thread 0x00000175c511fc70 42699       2       com.android.tools.r8.internal.km0::<init> (6 bytes)
Event: 509.567 Thread 0x00000175c511fc70 nmethod 42699 0x000001750d268b10 code [0x000001750d268cc0, 0x000001750d268de8]
Event: 509.567 Thread 0x00000175c511fc70 42677       2       com.android.tools.r8.internal.nm::a (35 bytes)
Event: 509.567 Thread 0x00000175c511fc70 nmethod 42677 0x000001750d268e90 code [0x000001750d269040, 0x000001750d2691d8]
Event: 509.567 Thread 0x00000175c511fc70 42706       1       com.android.tools.r8.synthesis.w0::e (2 bytes)
Event: 509.567 Thread 0x00000175c511fc70 nmethod 42706 0x000001751a936e10 code [0x000001751a936fa0, 0x000001751a937078]
Event: 509.567 Thread 0x00000175c511fc70 42708       2       com.android.tools.r8.internal.yb::a (374 bytes)

GC Heap History (20 events):
Event: 441.472 GC heap after
{Heap after GC invocations=83 (full 0):
 garbage-first heap   total 905216K, used 251048K [0x0000000600000000, 0x0000000800000000)
  region size 4096K, 3 young (12288K), 3 survivors (12288K)
 Metaspace       used 149804K, committed 151616K, reserved 1179648K
  class space    used 19943K, committed 20800K, reserved 1048576K
}
Event: 443.715 GC heap before
{Heap before GC invocations=83 (full 0):
 garbage-first heap   total 905216K, used 775336K [0x0000000600000000, 0x0000000800000000)
  region size 4096K, 132 young (540672K), 3 survivors (12288K)
 Metaspace       used 154464K, committed 156288K, reserved 1245184K
  class space    used 20495K, committed 21376K, reserved 1048576K
}
Event: 443.726 GC heap after
{Heap after GC invocations=84 (full 0):
 garbage-first heap   total 905216K, used 254940K [0x0000000600000000, 0x0000000800000000)
  region size 4096K, 4 young (16384K), 4 survivors (16384K)
 Metaspace       used 154464K, committed 156288K, reserved 1245184K
  class space    used 20495K, committed 21376K, reserved 1048576K
}
Event: 456.473 GC heap before
{Heap before GC invocations=84 (full 0):
 garbage-first heap   total 905216K, used 775132K [0x0000000600000000, 0x0000000800000000)
  region size 4096K, 132 young (540672K), 4 survivors (16384K)
 Metaspace       used 160061K, committed 161984K, reserved 1245184K
  class space    used 21189K, committed 22144K, reserved 1048576K
}
Event: 456.490 GC heap after
{Heap after GC invocations=85 (full 0):
 garbage-first heap   total 905216K, used 268059K [0x0000000600000000, 0x0000000800000000)
  region size 4096K, 7 young (28672K), 7 survivors (28672K)
 Metaspace       used 160061K, committed 161984K, reserved 1245184K
  class space    used 21189K, committed 22144K, reserved 1048576K
}
Event: 466.537 GC heap before
{Heap before GC invocations=85 (full 0):
 garbage-first heap   total 905216K, used 771867K [0x0000000600000000, 0x0000000800000000)
  region size 4096K, 131 young (536576K), 7 survivors (28672K)
 Metaspace       used 173976K, committed 175936K, reserved 1245184K
  class space    used 23380K, committed 24320K, reserved 1048576K
}
Event: 466.568 GC heap after
{Heap after GC invocations=86 (full 0):
 garbage-first heap   total 905216K, used 273004K [0x0000000600000000, 0x0000000800000000)
  region size 4096K, 8 young (32768K), 8 survivors (32768K)
 Metaspace       used 173976K, committed 175936K, reserved 1245184K
  class space    used 23380K, committed 24320K, reserved 1048576K
}
Event: 476.816 GC heap before
{Heap before GC invocations=86 (full 0):
 garbage-first heap   total 905216K, used 768620K [0x0000000600000000, 0x0000000800000000)
  region size 4096K, 130 young (532480K), 8 survivors (32768K)
 Metaspace       used 184610K, committed 186560K, reserved 1245184K
  class space    used 24750K, committed 25664K, reserved 1048576K
}
Event: 476.840 GC heap after
{Heap after GC invocations=87 (full 0):
 garbage-first heap   total 905216K, used 268046K [0x0000000600000000, 0x0000000800000000)
  region size 4096K, 7 young (28672K), 7 survivors (28672K)
 Metaspace       used 184610K, committed 186560K, reserved 1245184K
  class space    used 24750K, committed 25664K, reserved 1048576K
}
Event: 497.210 GC heap before
{Heap before GC invocations=87 (full 0):
 garbage-first heap   total 905216K, used 771854K [0x0000000600000000, 0x0000000800000000)
  region size 4096K, 131 young (536576K), 7 survivors (28672K)
 Metaspace       used 188602K, committed 190656K, reserved 1245184K
  class space    used 25034K, committed 25984K, reserved 1048576K
}
Event: 497.252 GC heap after
{Heap after GC invocations=88 (full 0):
 garbage-first heap   total 905216K, used 277977K [0x0000000600000000, 0x0000000800000000)
  region size 4096K, 9 young (36864K), 9 survivors (36864K)
 Metaspace       used 188602K, committed 190656K, reserved 1245184K
  class space    used 25034K, committed 25984K, reserved 1048576K
}
Event: 502.510 GC heap before
{Heap before GC invocations=88 (full 0):
 garbage-first heap   total 905216K, used 765401K [0x0000000600000000, 0x0000000800000000)
  region size 4096K, 129 young (528384K), 9 survivors (36864K)
 Metaspace       used 189881K, committed 192064K, reserved 1245184K
  class space    used 25149K, committed 26176K, reserved 1048576K
}
Event: 502.537 GC heap after
{Heap after GC invocations=89 (full 0):
 garbage-first heap   total 905216K, used 275806K [0x0000000600000000, 0x0000000800000000)
  region size 4096K, 9 young (36864K), 9 survivors (36864K)
 Metaspace       used 189881K, committed 192064K, reserved 1245184K
  class space    used 25149K, committed 26176K, reserved 1048576K
}
Event: 507.939 GC heap before
{Heap before GC invocations=89 (full 0):
 garbage-first heap   total 905216K, used 763230K [0x0000000600000000, 0x0000000800000000)
  region size 4096K, 129 young (528384K), 9 survivors (36864K)
 Metaspace       used 191116K, committed 193280K, reserved 1245184K
  class space    used 25284K, committed 26304K, reserved 1048576K
}
Event: 508.076 GC heap after
{Heap after GC invocations=90 (full 0):
 garbage-first heap   total 905216K, used 309540K [0x0000000600000000, 0x0000000800000000)
  region size 4096K, 17 young (69632K), 17 survivors (69632K)
 Metaspace       used 191116K, committed 193280K, reserved 1245184K
  class space    used 25284K, committed 26304K, reserved 1048576K
}
Event: 508.474 GC heap before
{Heap before GC invocations=90 (full 0):
 garbage-first heap   total 905216K, used 731428K [0x0000000600000000, 0x0000000800000000)
  region size 4096K, 121 young (495616K), 17 survivors (69632K)
 Metaspace       used 191528K, committed 193728K, reserved 1245184K
  class space    used 25359K, committed 26432K, reserved 1048576K
}
Event: 508.831 GC heap after
{Heap after GC invocations=91 (full 0):
 garbage-first heap   total 905216K, used 326724K [0x0000000600000000, 0x0000000800000000)
  region size 4096K, 6 young (24576K), 6 survivors (24576K)
 Metaspace       used 191528K, committed 193728K, reserved 1245184K
  class space    used 25359K, committed 26432K, reserved 1048576K
}
Event: 509.173 GC heap before
{Heap before GC invocations=91 (full 0):
 garbage-first heap   total 905216K, used 752708K [0x0000000600000000, 0x0000000800000000)
  region size 4096K, 110 young (450560K), 6 survivors (24576K)
 Metaspace       used 191673K, committed 193856K, reserved 1245184K
  class space    used 25368K, committed 26432K, reserved 1048576K
}
Event: 509.192 GC heap after
{Heap after GC invocations=92 (full 0):
 garbage-first heap   total 905216K, used 328372K [0x0000000600000000, 0x0000000800000000)
  region size 4096K, 7 young (28672K), 7 survivors (28672K)
 Metaspace       used 191673K, committed 193856K, reserved 1245184K
  class space    used 25368K, committed 26432K, reserved 1048576K
}
Event: 509.569 GC heap before
{Heap before GC invocations=92 (full 0):
 garbage-first heap   total 905216K, used 758452K [0x0000000600000000, 0x0000000800000000)
  region size 4096K, 112 young (458752K), 7 survivors (28672K)
 Metaspace       used 192289K, committed 194432K, reserved 1245184K
  class space    used 25420K, committed 26432K, reserved 1048576K
}

Dll operation events (16 events):
Event: 0.014 Loaded shared library C:\Users\Dr kocher\AppData\Local\Programs\Eclipse Adoptium\jdk-17.0.20.101-hotspot\bin\java.dll
Event: 0.032 Loaded shared library C:\Users\Dr kocher\AppData\Local\Programs\Eclipse Adoptium\jdk-17.0.20.101-hotspot\bin\jsvml.dll
Event: 0.070 Loaded shared library C:\Users\Dr kocher\AppData\Local\Programs\Eclipse Adoptium\jdk-17.0.20.101-hotspot\bin\zip.dll
Event: 0.073 Loaded shared library C:\Users\Dr kocher\AppData\Local\Programs\Eclipse Adoptium\jdk-17.0.20.101-hotspot\bin\instrument.dll
Event: 0.078 Loaded shared library C:\Users\Dr kocher\AppData\Local\Programs\Eclipse Adoptium\jdk-17.0.20.101-hotspot\bin\net.dll
Event: 0.080 Loaded shared library C:\Users\Dr kocher\AppData\Local\Programs\Eclipse Adoptium\jdk-17.0.20.101-hotspot\bin\nio.dll
Event: 0.082 Loaded shared library C:\Users\Dr kocher\AppData\Local\Programs\Eclipse Adoptium\jdk-17.0.20.101-hotspot\bin\zip.dll
Event: 0.281 Loaded shared library C:\Users\Dr kocher\AppData\Local\Programs\Eclipse Adoptium\jdk-17.0.20.101-hotspot\bin\jimage.dll
Event: 0.445 Loaded shared library C:\Users\Dr kocher\AppData\Local\Programs\Eclipse Adoptium\jdk-17.0.20.101-hotspot\bin\verify.dll
Event: 0.469 Loaded shared library C:\Users\Dr kocher\.gradle\native\660c5614fbf4a5f2a75b1949f50a0caf5cd603558e7d8a26e50b933a0cfb79d1\windows-amd64\native-platform.dll
Event: 0.483 Loaded shared library C:\Users\Dr kocher\.gradle\native\0.2.8\x86_64-windows-gnu\gradle-fileevents.dll
Event: 1.505 Loaded shared library C:\Users\Dr kocher\AppData\Local\Programs\Eclipse Adoptium\jdk-17.0.20.101-hotspot\bin\management.dll
Event: 1.507 Loaded shared library C:\Users\Dr kocher\AppData\Local\Programs\Eclipse Adoptium\jdk-17.0.20.101-hotspot\bin\management_ext.dll
Event: 1.795 Loaded shared library C:\Users\Dr kocher\AppData\Local\Programs\Eclipse Adoptium\jdk-17.0.20.101-hotspot\bin\extnet.dll
Event: 3.192 Loaded shared library C:\Users\Dr kocher\AppData\Local\Programs\Eclipse Adoptium\jdk-17.0.20.101-hotspot\bin\sunmscapi.dll
Event: 445.297 Loaded shared library C:\Users\Dr kocher\AppData\Local\Programs\Eclipse Adoptium\jdk-17.0.20.101-hotspot\bin\rmi.dll

Deoptimization events (20 events):
Event: 509.563 Thread 0x00000175cc19b860 Uncommon trap: trap_request=0xffffffde fr.pc=0x000001751a108c80 relative=0x00000000000004c0
Event: 509.563 Thread 0x00000175cc19b860 Uncommon trap: reason=class_check action=maybe_recompile pc=0x000001751a108c80 method=java.util.TreeSet.iterator()Ljava/util/Iterator; @ 4 c2
Event: 509.563 Thread 0x00000175cc19b860 DEOPT PACKING pc=0x000001751a108c80 sp=0x00000039963fdb10
Event: 509.563 Thread 0x00000175cc19b860 DEOPT UNPACKING pc=0x0000017518c669a3 sp=0x00000039963fdad0 mode 2
Event: 509.563 Thread 0x00000175cc19b860 Uncommon trap: trap_request=0xffffffde fr.pc=0x000001751982ffbc relative=0x000000000000039c
Event: 509.563 Thread 0x00000175cc19b860 Uncommon trap: reason=class_check action=maybe_recompile pc=0x000001751982ffbc method=java.util.TreeMap$KeySet.iterator()Ljava/util/Iterator; @ 4 c2
Event: 509.563 Thread 0x00000175cc19b860 DEOPT PACKING pc=0x000001751982ffbc sp=0x00000039963fdaa0
Event: 509.563 Thread 0x00000175cc19b860 DEOPT UNPACKING pc=0x0000017518c669a3 sp=0x00000039963fda60 mode 2
Event: 509.566 Thread 0x00000175cc19b860 Uncommon trap: trap_request=0xffffffde fr.pc=0x000001751a3ab150 relative=0x00000000000005f0
Event: 509.566 Thread 0x00000175cc19b860 Uncommon trap: reason=class_check action=maybe_recompile pc=0x000001751a3ab150 method=java.util.zip.DeflaterOutputStream.deflate()V @ 32 c2
Event: 509.566 Thread 0x00000175cc19b860 DEOPT PACKING pc=0x000001751a3ab150 sp=0x00000039963fd950
Event: 509.566 Thread 0x00000175cc19b860 DEOPT UNPACKING pc=0x0000017518c669a3 sp=0x00000039963fd920 mode 2
Event: 509.566 Thread 0x00000175cc19b860 Uncommon trap: trap_request=0xffffffde fr.pc=0x000001751a108c80 relative=0x00000000000004c0
Event: 509.566 Thread 0x00000175cc19b860 Uncommon trap: reason=class_check action=maybe_recompile pc=0x000001751a108c80 method=java.util.TreeSet.iterator()Ljava/util/Iterator; @ 4 c2
Event: 509.566 Thread 0x00000175cc19b860 DEOPT PACKING pc=0x000001751a108c80 sp=0x00000039963fdb10
Event: 509.566 Thread 0x00000175cc19b860 DEOPT UNPACKING pc=0x0000017518c669a3 sp=0x00000039963fdad0 mode 2
Event: 509.566 Thread 0x00000175cc19b860 Uncommon trap: trap_request=0xffffffde fr.pc=0x000001751982ffbc relative=0x000000000000039c
Event: 509.566 Thread 0x00000175cc19b860 Uncommon trap: reason=class_check action=maybe_recompile pc=0x000001751982ffbc method=java.util.TreeMap$KeySet.iterator()Ljava/util/Iterator; @ 4 c2
Event: 509.566 Thread 0x00000175cc19b860 DEOPT PACKING pc=0x000001751982ffbc sp=0x00000039963fdaa0
Event: 509.566 Thread 0x00000175cc19b860 DEOPT UNPACKING pc=0x0000017518c669a3 sp=0x00000039963fda60 mode 2

Classes loaded (20 events):
Event: 477.474 Loading class java/util/ArrayListCustomizer
Event: 477.474 Loading class java/util/ArrayListCustomizer done
Event: 497.253 Loading class sun/rmi/transport/DGCClient$EndpointEntry$CleanRequest
Event: 497.254 Loading class sun/rmi/transport/DGCClient$EndpointEntry$CleanRequest done
Event: 508.166 Loading class sun/nio/cs/US_ASCII$Decoder
Event: 508.167 Loading class sun/nio/cs/US_ASCII$Decoder done
Event: 509.439 Loading class java/util/stream/ReferencePipeline$15
Event: 509.439 Loading class java/util/stream/ReferencePipeline$15 done
Event: 509.442 Loading class java/util/stream/ReferencePipeline$15$1
Event: 509.442 Loading class java/util/stream/ReferencePipeline$15$1 done
Event: 509.523 Loading class sun/nio/cs/US_ASCII$Encoder
Event: 509.523 Loading class sun/nio/cs/US_ASCII$Encoder done
Event: 509.524 Loading class sun/nio/cs/Surrogate$Parser
Event: 509.525 Loading class sun/nio/cs/Surrogate$Parser done
Event: 509.525 Loading class sun/nio/cs/Surrogate
Event: 509.525 Loading class sun/nio/cs/Surrogate done
Event: 509.553 Loading class java/util/TreeMap$AscendingSubMap
Event: 509.555 Loading class java/util/TreeMap$AscendingSubMap done
Event: 509.555 Loading class java/util/TreeMap$NavigableSubMap$SubMapKeyIterator
Event: 509.556 Loading class java/util/TreeMap$NavigableSubMap$SubMapKeyIterator done

Classes unloaded (20 events):
Event: 406.011 Thread 0x000001753cd57be0 Unloading class 0x0000017582048c00 'java/lang/invoke/LambdaForm$MH+0x0000017582048c00'
Event: 406.011 Thread 0x000001753cd57be0 Unloading class 0x0000017582048000 'java/lang/invoke/LambdaForm$MH+0x0000017582048000'
Event: 406.011 Thread 0x000001753cd57be0 Unloading class 0x0000017581ffc800 'java/lang/invoke/LambdaForm$MH+0x0000017581ffc800'
Event: 406.011 Thread 0x000001753cd57be0 Unloading class 0x0000017581ffc400 'java/lang/invoke/LambdaForm$MH+0x0000017581ffc400'
Event: 406.011 Thread 0x000001753cd57be0 Unloading class 0x0000017581ffc000 'java/lang/invoke/LambdaForm$MH+0x0000017581ffc000'
Event: 406.011 Thread 0x000001753cd57be0 Unloading class 0x0000017581f88400 'java/lang/invoke/LambdaForm$MH+0x0000017581f88400'
Event: 406.011 Thread 0x000001753cd57be0 Unloading class 0x0000017581f87800 'java/lang/invoke/LambdaForm$MH+0x0000017581f87800'
Event: 406.011 Thread 0x000001753cd57be0 Unloading class 0x0000017581f87400 'java/lang/invoke/LambdaForm$MH+0x0000017581f87400'
Event: 406.011 Thread 0x000001753cd57be0 Unloading class 0x0000017581f85800 'java/lang/invoke/LambdaForm$MH+0x0000017581f85800'
Event: 406.011 Thread 0x000001753cd57be0 Unloading class 0x0000017581f85400 'java/lang/invoke/LambdaForm$MH+0x0000017581f85400'
Event: 406.011 Thread 0x000001753cd57be0 Unloading class 0x0000017581f35400 'java/lang/invoke/LambdaForm$MH+0x0000017581f35400'
Event: 406.011 Thread 0x000001753cd57be0 Unloading class 0x0000017581f34400 'java/lang/invoke/LambdaForm$MH+0x0000017581f34400'
Event: 406.011 Thread 0x000001753cd57be0 Unloading class 0x0000017581e81400 'java/lang/invoke/LambdaForm$MH+0x0000017581e81400'
Event: 406.011 Thread 0x000001753cd57be0 Unloading class 0x0000017581e7ac00 'java/lang/invoke/LambdaForm$MH+0x0000017581e7ac00'
Event: 406.011 Thread 0x000001753cd57be0 Unloading class 0x0000017581e70800 'java/lang/invoke/LambdaForm$MH+0x0000017581e70800'
Event: 406.011 Thread 0x000001753cd57be0 Unloading class 0x0000017581e32000 'java/lang/invoke/LambdaForm$MH+0x0000017581e32000'
Event: 406.011 Thread 0x000001753cd57be0 Unloading class 0x0000017581e2d800 'java/lang/invoke/LambdaForm$MH+0x0000017581e2d800'
Event: 406.011 Thread 0x000001753cd57be0 Unloading class 0x0000017581e25000 'java/lang/invoke/LambdaForm$MH+0x0000017581e25000'
Event: 406.011 Thread 0x000001753cd57be0 Unloading class 0x0000017581dd4000 'java/lang/invoke/LambdaForm$MH+0x0000017581dd4000'
Event: 406.011 Thread 0x000001753cd57be0 Unloading class 0x0000017581d18c00 'java/lang/invoke/LambdaForm$MH+0x0000017581d18c00'

Classes redefined (0 events):
No events

Internal exceptions (20 events):
Event: 507.698 Thread 0x00000175cc198ad0 Exception <a 'sun/nio/fs/WindowsException'{0x00000006267c3e20}> (0x00000006267c3e20) 
thrown [s\src\hotspot\share\prims\jni.cpp, line 516]
Event: 507.714 Thread 0x00000175cce6ce70 Exception <a 'sun/nio/fs/WindowsException'{0x0000000625bb2bd8}> (0x0000000625bb2bd8) 
thrown [s\src\hotspot\share\prims\jni.cpp, line 516]
Event: 507.719 Thread 0x00000175ca0ecba0 Exception <a 'sun/nio/fs/WindowsException'{0x0000000624c52a78}> (0x0000000624c52a78) 
thrown [s\src\hotspot\share\prims\jni.cpp, line 516]
Event: 507.744 Thread 0x00000175cce6ce70 Exception <a 'sun/nio/fs/WindowsException'{0x0000000624283408}> (0x0000000624283408) 
thrown [s\src\hotspot\share\prims\jni.cpp, line 516]
Event: 507.754 Thread 0x00000175cce6ce70 Exception <a 'sun/nio/fs/WindowsException'{0x00000006235c8be8}> (0x00000006235c8be8) 
thrown [s\src\hotspot\share\prims\jni.cpp, line 516]
Event: 507.755 Thread 0x00000175cc198ad0 Exception <a 'sun/nio/fs/WindowsException'{0x00000006234230a0}> (0x00000006234230a0) 
thrown [s\src\hotspot\share\prims\jni.cpp, line 516]
Event: 507.773 Thread 0x00000175ca0ecba0 Exception <a 'sun/nio/fs/WindowsException'{0x0000000622dc6740}> (0x0000000622dc6740) 
thrown [s\src\hotspot\share\prims\jni.cpp, line 516]
Event: 507.807 Thread 0x00000175cce6c960 Exception <a 'sun/nio/fs/WindowsException'{0x00000006210b4118}> (0x00000006210b4118) 
thrown [s\src\hotspot\share\prims\jni.cpp, line 516]
Event: 507.843 Thread 0x00000175cce6c960 Exception <a 'sun/nio/fs/WindowsException'{0x000000061f947bc0}> (0x000000061f947bc0) 
thrown [s\src\hotspot\share\prims\jni.cpp, line 516]
Event: 507.871 Thread 0x00000175cce6c960 Exception <a 'sun/nio/fs/WindowsException'{0x000000061dbc5648}> (0x000000061dbc5648) 
thrown [s\src\hotspot\share\prims\jni.cpp, line 516]
Event: 507.888 Thread 0x00000175cce6c960 Exception <a 'sun/nio/fs/WindowsException'{0x000000061d191398}> (0x000000061d191398) 
thrown [s\src\hotspot\share\prims\jni.cpp, line 516]
Event: 508.134 Thread 0x00000175cce67350 Exception <a 'sun/nio/fs/WindowsException'{0x0000000633880680}> (0x0000000633880680) 
thrown [s\src\hotspot\share\prims\jni.cpp, line 516]
Event: 508.166 Thread 0x00000175cce67350 Exception <a 'sun/nio/fs/WindowsException'{0x000000063301e120}> (0x000000063301e120) 
thrown [s\src\hotspot\share\prims\jni.cpp, line 516]
Event: 509.354 Thread 0x00000175cce6bf40 Exception <a 'sun/nio/fs/WindowsException'{0x000000062bd30108}> (0x000000062bd30108) 
thrown [s\src\hotspot\share\prims\jni.cpp, line 516]
Event: 509.357 Thread 0x00000175cce6bf40 Exception <a 'sun/nio/fs/WindowsException'{0x000000062bd78238}> (0x000000062bd78238) 
thrown [s\src\hotspot\share\prims\jni.cpp, line 516]
Event: 509.400 Thread 0x00000175cce6bf40 Exception <a 'sun/nio/fs/WindowsException'{0x000000062bda0640}> (0x000000062bda0640) 
thrown [s\src\hotspot\share\prims\jni.cpp, line 516]
Event: 509.455 Thread 0x00000175cce6ce70 Exception <a 'sun/nio/fs/WindowsException'{0x0000000625754e38}> (0x0000000625754e38) 
thrown [s\src\hotspot\share\prims\jni.cpp, line 516]
Event: 509.513 Thread 0x00000175cc198ad0 Exception <a 'sun/nio/fs/WindowsException'{0x0000000620f17c08}> (0x0000000620f17c08) 
thrown [s\src\hotspot\share\prims\jni.cpp, line 516]
Event: 509.541 Thread 0x00000175cc198ad0 Exception <a 'sun/nio/fs/WindowsException'{0x000000061f0ef108}> (0x000000061f0ef108) 
thrown [s\src\hotspot\share\prims\jni.cpp, line 516]
Event: 509.556 Thread 0x00000175cc198ad0 Exception <a 'sun/nio/fs/WindowsException'{0x000000061e3c76e8}> (0x000000061e3c76e8) 
thrown [s\src\hotspot\share\prims\jni.cpp, line 516]

VM Operations (20 events):
Event: 508.292 Executing VM operation: ICBufferFull done
Event: 508.339 Executing VM operation: HandshakeAllThreads
Event: 508.340 Executing VM operation: HandshakeAllThreads done
Event: 508.344 Executing VM operation: HandshakeAllThreads
Event: 508.347 Executing VM operation: HandshakeAllThreads done
Event: 508.399 Executing VM operation: ICBufferFull
Event: 508.400 Executing VM operation: ICBufferFull done
Event: 508.474 Executing VM operation: G1CollectForAllocation
Event: 508.831 Executing VM operation: G1CollectForAllocation done
Event: 509.097 Executing VM operation: ICBufferFull
Event: 509.098 Executing VM operation: ICBufferFull done
Event: 509.173 Executing VM operation: G1CollectForAllocation
Event: 509.193 Executing VM operation: G1CollectForAllocation done
Event: 509.295 Executing VM operation: ICBufferFull
Event: 509.295 Executing VM operation: ICBufferFull done
Event: 509.439 Executing VM operation: ICBufferFull
Event: 509.441 Executing VM operation: ICBufferFull done
Event: 509.491 Executing VM operation: HandshakeAllThreads
Event: 509.492 Executing VM operation: HandshakeAllThreads done
Event: 509.568 Executing VM operation: G1CollectForAllocation

Memory protections (0 events):
No events

Nmethod flushes (20 events):
Event: 508.446 Thread 0x00000175c5122590 flushing  nmethod 0x000001750c892c90
Event: 508.447 Thread 0x00000175c5122590 flushing  nmethod 0x000001750c8ef710
Event: 508.447 Thread 0x00000175c5122590 flushing  nmethod 0x000001750c8efc90
Event: 508.447 Thread 0x00000175c5122590 flushing  nmethod 0x000001750c9c1e10
Event: 508.447 Thread 0x00000175c5122590 flushing  nmethod 0x000001750c9c2290
Event: 508.449 Thread 0x00000175c5122590 flushing  nmethod 0x000001750cb5bd10
Event: 508.449 Thread 0x00000175c5122590 flushing  nmethod 0x000001750cb62310
Event: 508.451 Thread 0x00000175c5122590 flushing  nmethod 0x000001750cd49e90
Event: 508.451 Thread 0x00000175c5122590 flushing  nmethod 0x000001750cdb1890
Event: 508.451 Thread 0x00000175c5122590 flushing  nmethod 0x000001750cdb2510
Event: 508.451 Thread 0x00000175c5122590 flushing  nmethod 0x000001750cde5710
Event: 508.451 Thread 0x00000175c5122590 flushing  nmethod 0x000001750cde5d10
Event: 508.451 Thread 0x00000175c5122590 flushing  nmethod 0x000001750cde7490
Event: 508.451 Thread 0x00000175c5122590 flushing  nmethod 0x000001750ce05590
Event: 508.451 Thread 0x00000175c5122590 flushing  nmethod 0x000001750ce05d90
Event: 508.452 Thread 0x00000175c5122590 flushing  nmethod 0x000001750ce44890
Event: 508.452 Thread 0x00000175c5122590 flushing  nmethod 0x000001750ce45490
Event: 508.452 Thread 0x00000175c5122590 flushing  nmethod 0x000001750ce8e990
Event: 508.452 Thread 0x00000175c5122590 flushing  nmethod 0x000001750ce90290
Event: 508.452 Thread 0x00000175c5122590 flushing  nmethod 0x000001750ce90b90

Events (20 events):
Event: 497.179 Thread 0x00000175dabf6960 Thread added: 0x00000175d3312aa0
Event: 497.257 Thread 0x00000175d4c8a910 Thread exited: 0x00000175d4c8a910
Event: 497.257 Thread 0x00000175c9c2a1b0 Thread exited: 0x00000175c9c2a1b0
Event: 499.552 Thread 0x00000175d3312aa0 Thread exited: 0x00000175d3312aa0
Event: 499.597 Thread 0x00000175c511fc70 Thread added: 0x00000175c6493b50
Event: 499.669 Thread 0x00000175cba82350 Thread added: 0x00000175ce43fda0
Event: 500.178 Thread 0x00000175c6493b50 Thread exited: 0x00000175c6493b50
Event: 500.340 Thread 0x00000175dabf6960 Thread exited: 0x00000175dabf6960
Event: 500.444 Thread 0x00000175ca03e7c0 Thread exited: 0x00000175ca03e7c0
Event: 500.514 Thread 0x00000175cba90720 Thread exited: 0x00000175cba90720
Event: 500.525 Thread 0x00000175cba90210 Thread exited: 0x00000175cba90210
Event: 500.528 Thread 0x00000175cba8c550 Thread exited: 0x00000175cba8c550
Event: 502.540 Thread 0x00000175ce43fda0 Thread exited: 0x00000175ce43fda0
Event: 503.442 Thread 0x00000175c511fc70 Thread added: 0x00000175d44d4b90
Event: 504.501 Thread 0x00000175d44d4b90 Thread exited: 0x00000175d44d4b90
Event: 507.625 Thread 0x00000175c511fc70 Thread added: 0x00000175cd31da60
Event: 507.671 Thread 0x00000175c511fc70 Thread added: 0x00000175dabf5970
Event: 507.928 Thread 0x00000175cc19bd70 Thread exited: 0x00000175cc19bd70
Event: 507.928 Thread 0x00000175cc19cca0 Thread exited: 0x00000175cc19cca0
Event: 508.076 Thread 0x00000175cc19c280 Thread exited: 0x00000175cc19c280


Dynamic libraries:
0x00007ff741bf0000 - 0x00007ff741bfe000 	C:\Users\Dr kocher\AppData\Local\Programs\Eclipse Adoptium\jdk-17.0.20.101-hotspot\bin\java.exe
0x00007ff8d1000000 - 0x00007ff8d1266000 	C:\WINDOWS\SYSTEM32\ntdll.dll
0x00007ff8d0350000 - 0x00007ff8d0419000 	C:\WINDOWS\System32\KERNEL32.DLL
0x00007ff8ce7c0000 - 0x00007ff8cebbf000 	C:\WINDOWS\System32\KERNELBASE.dll
0x00007ff8ce210000 - 0x00007ff8ce35c000 	C:\WINDOWS\System32\ucrtbase.dll
0x00007ff8af9e0000 - 0x00007ff8af9f8000 	C:\Users\Dr kocher\AppData\Local\Programs\Eclipse Adoptium\jdk-17.0.20.101-hotspot\bin\jli.dll
0x00007ff8b01b0000 - 0x00007ff8b01ce000 	C:\Users\Dr kocher\AppData\Local\Programs\Eclipse Adoptium\jdk-17.0.20.101-hotspot\bin\VCRUNTIME140.dll
0x00007ff8d0640000 - 0x00007ff8d0806000 	C:\WINDOWS\System32\USER32.dll
0x00007ff8ced00000 - 0x00007ff8ced27000 	C:\WINDOWS\System32\win32u.dll
0x00007ff8b6020000 - 0x00007ff8b62b1000 	C:\WINDOWS\WinSxS\amd64_microsoft.windows.common-controls_6595b64144ccf1df_6.0.26100.8972_none_3e0da176e32f9d4b\COMCTL32.dll
0x00007ff8cf6b0000 - 0x00007ff8cf759000 	C:\WINDOWS\System32\msvcrt.dll
0x00007ff8d0600000 - 0x00007ff8d062b000 	C:\WINDOWS\System32\GDI32.dll
0x00007ff8cebd0000 - 0x00007ff8cecf9000 	C:\WINDOWS\System32\gdi32full.dll
0x00007ff8ce710000 - 0x00007ff8ce7b3000 	C:\WINDOWS\System32\msvcp_win.dll
0x00007ff8d0f10000 - 0x00007ff8d0f42000 	C:\WINDOWS\System32\IMM32.DLL
0x00007ff8c1790000 - 0x00007ff8c179c000 	C:\Users\Dr kocher\AppData\Local\Programs\Eclipse Adoptium\jdk-17.0.20.101-hotspot\bin\vcruntime140_1.dll
0x00007ff885c00000 - 0x00007ff885c8d000 	C:\Users\Dr kocher\AppData\Local\Programs\Eclipse Adoptium\jdk-17.0.20.101-hotspot\bin\msvcp140.dll
0x00007ff81e670000 - 0x00007ff81f2dc000 	C:\Users\Dr kocher\AppData\Local\Programs\Eclipse Adoptium\jdk-17.0.20.101-hotspot\bin\server\jvm.dll
0x00007ff8d0c60000 - 0x00007ff8d0d1c000 	C:\WINDOWS\System32\ADVAPI32.dll
0x00007ff8cfef0000 - 0x00007ff8cff99000 	C:\WINDOWS\System32\sechost.dll
0x00007ff8d0df0000 - 0x00007ff8d0f08000 	C:\WINDOWS\System32\RPCRT4.dll
0x00007ff8ced30000 - 0x00007ff8cedb2000 	C:\WINDOWS\System32\WS2_32.dll
0x00007ff8ce070000 - 0x00007ff8ce0ce000 	C:\WINDOWS\SYSTEM32\POWRPROF.dll
0x00007ff8c1b30000 - 0x00007ff8c1b66000 	C:\WINDOWS\SYSTEM32\WINMM.dll
0x00007ff8c7c70000 - 0x00007ff8c7c7b000 	C:\WINDOWS\SYSTEM32\VERSION.dll
0x00007ff8ce050000 - 0x00007ff8ce065000 	C:\WINDOWS\SYSTEM32\UMPDC.dll
0x00007ff8ccf00000 - 0x00007ff8ccf1b000 	C:\WINDOWS\SYSTEM32\kernel.appcore.dll
0x00007ff8af7a0000 - 0x00007ff8af7aa000 	C:\Users\Dr kocher\AppData\Local\Programs\Eclipse Adoptium\jdk-17.0.20.101-hotspot\bin\jimage.dll
0x00007ff8b77b0000 - 0x00007ff8b79f2000 	C:\WINDOWS\SYSTEM32\DBGHELP.DLL
0x00007ff8cee60000 - 0x00007ff8cf1e5000 	C:\WINDOWS\System32\combase.dll
0x00007ff8d0110000 - 0x00007ff8d01e9000 	C:\WINDOWS\System32\OLEAUT32.dll
0x00007ff8a2c50000 - 0x00007ff8a2c8b000 	C:\WINDOWS\SYSTEM32\dbgcore.DLL
0x00007ff8ce430000 - 0x00007ff8ce4dc000 	C:\WINDOWS\System32\bcryptPrimitives.dll
0x00007ff8a1a20000 - 0x00007ff8a1a2e000 	C:\Users\Dr kocher\AppData\Local\Programs\Eclipse Adoptium\jdk-17.0.20.101-hotspot\bin\instrument.dll
0x00007ff885d30000 - 0x00007ff885d55000 	C:\Users\Dr kocher\AppData\Local\Programs\Eclipse Adoptium\jdk-17.0.20.101-hotspot\bin\java.dll
0x00007ff8286c0000 - 0x00007ff828797000 	C:\Users\Dr kocher\AppData\Local\Programs\Eclipse Adoptium\jdk-17.0.20.101-hotspot\bin\jsvml.dll
0x00007ff8cf760000 - 0x00007ff8cfee8000 	C:\WINDOWS\System32\SHELL32.dll
0x00007ff8cbd00000 - 0x00007ff8cc59b000 	C:\WINDOWS\SYSTEM32\windows.storage.dll
0x00007ff8d0250000 - 0x00007ff8d0349000 	C:\WINDOWS\System32\SHCORE.dll
0x00007ff8cede0000 - 0x00007ff8cee46000 	C:\WINDOWS\System32\shlwapi.dll
0x00007ff8ce130000 - 0x00007ff8ce159000 	C:\WINDOWS\SYSTEM32\profapi.dll
0x00007ff885cf0000 - 0x00007ff885d08000 	C:\Users\Dr kocher\AppData\Local\Programs\Eclipse Adoptium\jdk-17.0.20.101-hotspot\bin\zip.dll
0x00007ff8a2f00000 - 0x00007ff8a2f1a000 	C:\Users\Dr kocher\AppData\Local\Programs\Eclipse Adoptium\jdk-17.0.20.101-hotspot\bin\net.dll
0x00007ff8c74e0000 - 0x00007ff8c7607000 	C:\WINDOWS\SYSTEM32\WINHTTP.dll
0x00007ff8cd4b0000 - 0x00007ff8cd51c000 	C:\WINDOWS\system32\mswsock.dll
0x00007ff885d10000 - 0x00007ff885d26000 	C:\Users\Dr kocher\AppData\Local\Programs\Eclipse Adoptium\jdk-17.0.20.101-hotspot\bin\nio.dll
0x00007ff8af670000 - 0x00007ff8af680000 	C:\Users\Dr kocher\AppData\Local\Programs\Eclipse Adoptium\jdk-17.0.20.101-hotspot\bin\verify.dll
0x00007ff845e80000 - 0x00007ff845ea7000 	C:\Users\Dr kocher\.gradle\native\660c5614fbf4a5f2a75b1949f50a0caf5cd603558e7d8a26e50b933a0cfb79d1\windows-amd64\native-platform.dll
0x00007ff804c90000 - 0x00007ff804d07000 	C:\Users\Dr kocher\.gradle\native\0.2.8\x86_64-windows-gnu\gradle-fileevents.dll
0x00007ff8b0460000 - 0x00007ff8b046a000 	C:\Users\Dr kocher\AppData\Local\Programs\Eclipse Adoptium\jdk-17.0.20.101-hotspot\bin\management.dll
0x00007ff8b0450000 - 0x00007ff8b045c000 	C:\Users\Dr kocher\AppData\Local\Programs\Eclipse Adoptium\jdk-17.0.20.101-hotspot\bin\management_ext.dll
0x00007ff8cee50000 - 0x00007ff8cee58000 	C:\WINDOWS\System32\PSAPI.DLL
0x00007ff8cc8d0000 - 0x00007ff8cc903000 	C:\WINDOWS\SYSTEM32\IPHLPAPI.DLL
0x00007ff8d0630000 - 0x00007ff8d063a000 	C:\WINDOWS\System32\NSI.dll
0x00007ff8c7c20000 - 0x00007ff8c7c3d000 	C:\WINDOWS\SYSTEM32\dhcpcsvc6.DLL
0x00007ff8c7740000 - 0x00007ff8c7765000 	C:\WINDOWS\SYSTEM32\dhcpcsvc.DLL
0x00007ff8cc9c0000 - 0x00007ff8ccb18000 	C:\WINDOWS\SYSTEM32\DNSAPI.dll
0x00007ff8cd2b0000 - 0x00007ff8cd2bd000 	C:\WINDOWS\SYSTEM32\DSPARSE.dll
0x00007ff8a4260000 - 0x00007ff8a4269000 	C:\Users\Dr kocher\AppData\Local\Programs\Eclipse Adoptium\jdk-17.0.20.101-hotspot\bin\extnet.dll
0x00007ff8cd7a0000 - 0x00007ff8cd7bb000 	C:\WINDOWS\SYSTEM32\CRYPTSP.dll
0x00007ff8cce60000 - 0x00007ff8cce99000 	C:\WINDOWS\system32\rsaenh.dll
0x00007ff8cd560000 - 0x00007ff8cd592000 	C:\WINDOWS\SYSTEM32\USERENV.dll
0x00007ff8ce100000 - 0x00007ff8ce12a000 	C:\WINDOWS\SYSTEM32\bcrypt.dll
0x00007ff8cd7c0000 - 0x00007ff8cd7cc000 	C:\WINDOWS\SYSTEM32\CRYPTBASE.dll
0x00007ff89fef0000 - 0x00007ff89fefe000 	C:\Users\Dr kocher\AppData\Local\Programs\Eclipse Adoptium\jdk-17.0.20.101-hotspot\bin\sunmscapi.dll
0x00007ff8ce580000 - 0x00007ff8ce6fe000 	C:\WINDOWS\System32\CRYPT32.dll
0x00007ff8cda50000 - 0x00007ff8cda80000 	C:\WINDOWS\SYSTEM32\ncrypt.dll
0x00007ff8cda00000 - 0x00007ff8cda3f000 	C:\WINDOWS\SYSTEM32\NTASN1.dll
0x00007ff8982a0000 - 0x00007ff8982a8000 	C:\WINDOWS\system32\wshunix.dll
0x00007ff8c7730000 - 0x00007ff8c773b000 	C:\Windows\System32\rasadhlp.dll
0x00007ff8c71c0000 - 0x00007ff8c7246000 	C:\WINDOWS\System32\fwpuclnt.dll
0x00007ff8cd030000 - 0x00007ff8cd066000 	C:\WINDOWS\SYSTEM32\ntmarta.dll
0x00007ff8cb150000 - 0x00007ff8cb1f0000 	C:\WINDOWS\system32\apphelp.dll
0x00007ff8a0ce0000 - 0x00007ff8a0ce7000 	C:\Users\Dr kocher\AppData\Local\Programs\Eclipse Adoptium\jdk-17.0.20.101-hotspot\bin\rmi.dll

dbghelp: loaded successfully - version: 4.0.5 - missing functions: none
symbol engine: initialized successfully - sym options: 0x614 - pdb path: .;C:\Users\Dr kocher\AppData\Local\Programs\Eclipse Adoptium\jdk-17.0.20.101-hotspot\bin;C:\WINDOWS\SYSTEM32;C:\WINDOWS\WinSxS\amd64_microsoft.windows.common-controls_6595b64144ccf1df_6.0.26100.8972_none_3e0da176e32f9d4b;C:\Users\Dr kocher\AppData\Local\Programs\Eclipse Adoptium\jdk-17.0.20.101-hotspot\bin\server;C:\Users\Dr kocher\.gradle\native\660c5614fbf4a5f2a75b1949f50a0caf5cd603558e7d8a26e50b933a0cfb79d1\windows-amd64;C:\Users\Dr kocher\.gradle\native\0.2.8\x86_64-windows-gnu

VM Arguments:
jvm_args: --add-opens=java.base/java.lang=ALL-UNNAMED --add-opens=java.base/java.lang.invoke=ALL-UNNAMED --add-opens=java.base/java.util=ALL-UNNAMED --add-opens=java.prefs/java.util.prefs=ALL-UNNAMED --add-exports=jdk.compiler/com.sun.tools.javac.api=ALL-UNNAMED --add-exports=jdk.compiler/com.sun.tools.javac.util=ALL-UNNAMED --add-opens=java.base/java.util=ALL-UNNAMED --add-opens=java.prefs/java.util.prefs=ALL-UNNAMED --add-opens=java.base/java.nio.charset=ALL-UNNAMED --add-opens=java.base/java.net=ALL-UNNAMED --add-opens=java.base/java.util.concurrent=ALL-UNNAMED --add-opens=java.base/java.util.concurrent.atomic=ALL-UNNAMED --add-opens=java.xml/javax.xml.namespace=ALL-UNNAMED --add-opens=java.base/java.time=ALL-UNNAMED -XX:MaxMetaspaceSize=4G -XX:ReservedCodeCacheSize=512m -XX:+HeapDumpOnOutOfMemoryError -Xmx8G -Dfile.encoding=windows-1256 -Duser.country=US -Duser.language=en -Duser.variant -javaagent:C:\Users\Dr kocher\.gradle\wrapper\dists\gradle-9.3.1-all\9ot9r568e8zfvvd4mn8rbu1j0\gradle-9.3.1\lib\agents\gradle-instrumentation-agent-9.3.1.jar 
java_command: org.gradle.launcher.daemon.bootstrap.GradleDaemon 9.3.1
java_class_path (initial): C:\Users\Dr kocher\.gradle\wrapper\dists\gradle-9.3.1-all\9ot9r568e8zfvvd4mn8rbu1j0\gradle-9.3.1\lib\gradle-daemon-main-9.3.1.jar
Launcher Type: SUN_STANDARD

[Global flags]
     intx CICompilerCount                          = 4                                         {product} {ergonomic}
     uint ConcGCThreads                            = 3                                         {product} {ergonomic}
     uint G1ConcRefinementThreads                  = 10                                        {product} {ergonomic}
   size_t G1HeapRegionSize                         = 4194304                                   {product} {ergonomic}
    uintx GCDrainStackTargetSize                   = 64                                        {product} {ergonomic}
     bool HeapDumpOnOutOfMemoryError               = true                                   {manageable} {command line}
   size_t InitialHeapSize                          = 134217728                                 {product} {ergonomic}
   size_t MarkStackSize                            = 4194304                                   {product} {ergonomic}
   size_t MaxHeapSize                              = 8589934592                                {product} {command line}
   size_t MaxMetaspaceSize                         = 4294967296                                {product} {command line}
   size_t MaxNewSize                               = 5150605312                                {product} {ergonomic}
   size_t MinHeapDeltaBytes                        = 4194304                                   {product} {ergonomic}
   size_t MinHeapSize                              = 8388608                                   {product} {ergonomic}
    uintx NonNMethodCodeHeapSize                   = 5839372                                {pd product} {ergonomic}
    uintx NonProfiledCodeHeapSize                  = 265515770                              {pd product} {ergonomic}
    uintx ProfiledCodeHeapSize                     = 265515770                              {pd product} {ergonomic}
    uintx ReservedCodeCacheSize                    = 536870912                              {pd product} {command line}
     bool SegmentedCodeCache                       = true                                      {product} {ergonomic}
   size_t SoftMaxHeapSize                          = 8589934592                             {manageable} {ergonomic}
   double SweeperThreshold                         = 0.234375                                  {product} {ergonomic}
     bool UseCompressedClassPointers               = true                           {product lp64_product} {ergonomic}
     bool UseCompressedOops                        = true                           {product lp64_product} {ergonomic}
     bool UseG1GC                                  = true                                      {product} {ergonomic}
     bool UseLargePagesIndividualAllocation        = false                                  {pd product} {ergonomic}

Logging:
Log output configuration:
 #0: stdout all=warning uptime,level,tags
 #1: stderr all=off uptime,level,tags

Environment Variables:
CLASSPATH=C:\Users\Dr kocher\Desktop\zewin_rx_scan\android\\gradle\wrapper\gradle-wrapper.jar
PATH=C:\Users\Dr kocher\AppData\Local\Programs\Eclipse Adoptium\jdk-17.0.20.101-hotspot\bin;C:\Python314\Scripts\;C:\Python314\;C:\WINDOWS\system32;C:\WINDOWS;C:\WINDOWS\System32\Wbem;C:\WINDOWS\System32\WindowsPowerShell\v1.0\;C:\WINDOWS\System32\OpenSSH\;C:\Program Files (x86)\ZeroTier\One\;C:\xampp\php;C:\ProgramData\ComposerSetup\bin;C:\ZKBioTime\Python37;C:\ZKBioTime\Python37\Scripts;C:\ZKBioTime\Python37\Library\bin;C:\ZKBioTime\zkeco_dlls;C:\ZKBioTime\pgsql\bin;C:\ZKBioTime\tools\wkhtmltox\bin;C:\Program Files\Git\cmd;C:\Program Files\nodejs\;C:\ProgramData\chocolatey\bin;C:\Users\Dr kocher\AppData\Local\Programs\Eclipse Adoptium\jdk-17.0.20.101-hotspot\bin;C:\Users\Dr kocher\AppData\Local\Microsoft\WindowsApps;C:\Users\Dr kocher\AppData\Roaming\Composer\vendor\bin;C:\Users\Dr kocher\AppData\Local\Programs\Microsoft VS Code\bin;C:\ProgramData\ComposerSetup\bin;C:\Users\Dr kocher\AppData\Roaming\npm;C:\Users\Dr kocher\AppData\Local\Programs\cursor\resources\app\bin;C:\Android\cmdline-tools\latest\bin;C:\Android\platform-tools;C:\flutter\bin;;C:\flutter\bin\mingit\cmd
USERNAME=Dr kocher
OS=Windows_NT
PROCESSOR_IDENTIFIER=AMD64 Family 25 Model 80 Stepping 0, AuthenticAMD
TMP=C:\Users\DRKOCH~1\AppData\Local\Temp
TEMP=C:\Users\DRKOCH~1\AppData\Local\Temp



Periodic native trim disabled


---------------  S Y S T E M  ---------------

OS:
 Windows 11 , 64 bit Build 26100 (10.0.26100.8972)
OS uptime: 7 days 23:39 hours

CPU: total 12 (initial active 12) (12 cores per cpu, 2 threads per core) family 25 model 80 stepping 0 microcode 0xa50000c, cx8, cmov, fxsr, ht, mmx, 3dnowpref, sse, sse2, sse3, ssse3, sse4a, sse4.1, sse4.2, popcnt, lzcnt, tsc, tscinvbit, avx, avx2, aes, erms, clmul, bmi1, bmi2, adx, sha, fma, vzeroupper, clflush, clflushopt
Processor Information for all 12 processors :
  Max Mhz: 3600, Current Mhz: 3600, Mhz Limit: 3600

Memory: 4k page, system-wide physical 8083M (616M free)
TotalPageFile size 32659M (AvailPageFile size 361M)
current process WorkingSet (physical memory assigned to process): 1115M, peak: 1121M
current process commit charge ("private bytes"): 1509M, peak: 2472M

vm_info: OpenJDK 64-Bit Server VM (17.0.20.1+1) for windows-amd64 JRE (17.0.20.1+1), built on Aug 18 2026 20:44:09 by "admin" with MS VC++ 17.12 (VS2022)

END.
