#
# There is insufficient memory for the Java Runtime Environment to continue.
# Native memory allocation (mmap) failed to map 1325400064 bytes. Error detail: G1 virtual space
# Possible reasons:
#   The system is out of physical RAM or swap space
#   This process is running with CompressedOops enabled, and the Java Heap may be blocking the growth of the native heap
# Possible solutions:
#   Reduce memory load on the system
#   Increase physical memory or swap space
#   Check if swap backing store is full
#   Decrease Java heap size (-Xmx/-Xms)
#   Decrease number of Java threads
#   Decrease Java thread stack sizes (-Xss)
#   Set larger code cache with -XX:ReservedCodeCacheSize=
#   JVM is running with Zero Based Compressed Oops mode in which the Java heap is
#     placed in the first 32GB address space. The Java Heap base address is the
#     maximum limit for the native heap growth. Please use -XX:HeapBaseMinAddress
#     to set the Java Heap base and to place the Java Heap above 32GB virtual address.
# This output file may be truncated or incomplete.
#
#  Out of Memory Error (os_windows.cpp:3630), pid=44540, tid=34272
#
# JRE version: OpenJDK Runtime Environment Temurin-17.0.20.1+1 (17.0.20.1+1) (build 17.0.20.1+1)
# Java VM: OpenJDK 64-Bit Server VM Temurin-17.0.20.1+1 (17.0.20.1+1, mixed mode, sharing, tiered, compressed oops, compressed class ptrs, g1 gc, windows-amd64)
# No core dump will be written. Minidumps are not enabled by default on client versions of Windows
#

---------------  S U M M A R Y ------------

Command Line: --add-opens=java.base/java.lang=ALL-UNNAMED --add-opens=java.base/java.lang.invoke=ALL-UNNAMED --add-opens=java.base/java.util=ALL-UNNAMED --add-opens=java.prefs/java.util.prefs=ALL-UNNAMED --add-exports=jdk.compiler/com.sun.tools.javac.api=ALL-UNNAMED --add-exports=jdk.compiler/com.sun.tools.javac.util=ALL-UNNAMED --add-opens=java.base/java.util=ALL-UNNAMED --add-opens=java.prefs/java.util.prefs=ALL-UNNAMED --add-opens=java.base/java.nio.charset=ALL-UNNAMED --add-opens=java.base/java.net=ALL-UNNAMED --add-opens=java.base/java.util.concurrent=ALL-UNNAMED --add-opens=java.base/java.util.concurrent.atomic=ALL-UNNAMED --add-opens=java.xml/javax.xml.namespace=ALL-UNNAMED --add-opens=java.base/java.time=ALL-UNNAMED -XX:MaxMetaspaceSize=4G -XX:ReservedCodeCacheSize=512m -XX:+HeapDumpOnOutOfMemoryError -Xmx8G -Dfile.encoding=windows-1256 -Duser.country=US -Duser.language=en -Duser.variant -javaagent:C:\Users\Dr kocher\.gradle\wrapper\dists\gradle-9.3.1-all\9ot9r568e8zfvvd4mn8rbu1j0\gradle-9.3.1\lib\agents\gradle-instrumentation-agent-9.3.1.jar org.gradle.launcher.daemon.bootstrap.GradleDaemon 9.3.1

Host: AMD Ryzen 5 5500                               , 12 cores, 7G,  Windows 11 , 64 bit Build 26100 (10.0.26100.8972)
Time: Thu Sep 17 14:56:51 2026 Arabic Standard Time elapsed time: 206.597687 seconds (0d 0h 3m 26s)

---------------  T H R E A D  ---------------

Current thread (0x00000259c737c4a0):  VMThread "VM Thread" [stack: 0x000000c591400000,0x000000c591500000] [id=34272]

Stack: [0x000000c591400000,0x000000c591500000]
Native frames: (J=compiled Java code, j=interpreted, Vv=VM code, C=native code)
V  [jvm.dll+0x684d39]
V  [jvm.dll+0x83a565]
V  [jvm.dll+0x83bfde]
V  [jvm.dll+0x83c663]
V  [jvm.dll+0x2490cf]
V  [jvm.dll+0x681af9]
V  [jvm.dll+0x6768ba]
V  [jvm.dll+0x309467]
V  [jvm.dll+0x310a56]
V  [jvm.dll+0x360f3e]
V  [jvm.dll+0x36117d]
V  [jvm.dll+0x2e04ec]
V  [jvm.dll+0x2de8c2]
V  [jvm.dll+0x2de05c]
V  [jvm.dll+0x320cab]
V  [jvm.dll+0x840e7d]
V  [jvm.dll+0x841bb3]
V  [jvm.dll+0x8420df]
V  [jvm.dll+0x8424c5]
V  [jvm.dll+0x84258e]
V  [jvm.dll+0x7eb17c]
V  [jvm.dll+0x683c07]
C  [ucrtbase.dll+0x2cd30]
C  [KERNEL32.DLL+0x2ccb7]
C  [ntdll.dll+0xaad6c]

VM_Operation (0x000000c592ff7e50): G1CollectForAllocation, mode: safepoint, requested by thread 0x0000025a0f01d850


---------------  P R O C E S S  ---------------

Threads class SMR info:
_java_thread_list=0x0000025a163633c0, length=177, elements={
0x000002598bebf070, 0x00000259c73827a0, 0x00000259c7384580, 0x00000259c73a16b0,
0x00000259c73a1f80, 0x00000259c73a33c0, 0x00000259c73a6fb0, 0x0000025a0f011580,
0x0000025a0f012630, 0x0000025a0f01f1a0, 0x0000025a0f01e270, 0x0000025a0f01c410,
0x0000025a0f01ec90, 0x0000025a0f01bf00, 0x0000025a0f01ce30, 0x0000025a0f01c920,
0x0000025a0f01f6b0, 0x0000025a0f01d340, 0x0000025a0f01d850, 0x0000025a0f01dd60,
0x0000025a10bae440, 0x0000025a10baf370, 0x0000025a10baee60, 0x0000025a10baf880,
0x0000025a10bb02a0, 0x0000025a10bafd90, 0x0000025a10badf30, 0x0000025a10bb07b0,
0x0000025a10bb16e0, 0x0000025a10bb0cc0, 0x0000025a10bb11d0, 0x0000025a10bb2100,
0x0000025a10bb1bf0, 0x0000025a11ca3790, 0x0000025a11ca3ca0, 0x0000025a10bb3030,
0x0000025a13863210, 0x0000025a13863720, 0x0000025a13861dd0, 0x0000025a13860ea0,
0x0000025a138627f0, 0x0000025a13863c30, 0x0000025a138613b0, 0x0000025a13860480,
0x0000025a13864140, 0x0000025a13860990, 0x0000025a13862d00, 0x0000025a13864650,
0x0000025a13864b60, 0x0000025a138622e0, 0x0000025a13865070, 0x0000025a138618c0,
0x0000025a13865580, 0x0000025a13865a90, 0x0000025a13865fa0, 0x0000025a138664b0,
0x0000025a138669c0, 0x0000025a138678f0, 0x0000025a13866ed0, 0x0000025a138673e0,
0x0000025a11ca8380, 0x0000025a21025f20, 0x0000025a21024ae0, 0x0000025a21025a10,
0x0000025a210240c0, 0x0000025a21025500, 0x0000025a21023190, 0x0000025a210236a0,
0x0000025a21027360, 0x0000025a21023bb0, 0x0000025a21027870, 0x0000025a21027d80,
0x0000025a210245d0, 0x0000025a21028290, 0x0000025a210287a0, 0x0000025a21024ff0,
0x0000025a210291c0, 0x0000025a210296d0, 0x0000025a2102ab10, 0x0000025a21029be0,
0x0000025a21028cb0, 0x0000025a2102a0f0, 0x0000025a14acb1a0, 0x0000025a14ac9d60,
0x0000025a14acb6b0, 0x0000025a14acac90, 0x0000025a14ac8920, 0x0000025a14ac9340,
0x0000025a14aca270, 0x0000025a14aca780, 0x0000025a14acf370, 0x0000025a14acda20,
0x0000025a21026e50, 0x0000025a0f01e780, 0x0000025a0f4da420, 0x0000025a0f4d9a00,
0x0000025a0f4d9f10, 0x0000025a0f4d7180, 0x0000025a0f4da930, 0x0000025a0f4dae40,
0x0000025a0f4d7690, 0x0000025a0f4d8fe0, 0x0000025a0f4db350, 0x0000025a0f4d8ad0,
0x0000025a0f4d94f0, 0x0000025a0f4d7ba0, 0x0000025a0f4db860, 0x0000025a0f4d80b0,
0x0000025a0f4dbd70, 0x0000025a0f4d85c0, 0x0000025a0f4dd1b0, 0x0000025a0f4dc280,
0x0000025a0f4dc790, 0x0000025a0f4dcca0, 0x0000025a0f4ddbd0, 0x0000025a0f4dd6c0,
0x0000025a0f4de5f0, 0x0000025a0f4de0e0, 0x0000025a0f4deb00, 0x0000025a17444060,
0x0000025a17444a80, 0x0000025a174459b0, 0x0000025a17443b50, 0x0000025a17444f90,
0x0000025a17445ec0, 0x0000025a17444570, 0x0000025a17446df0, 0x0000025a17443640,
0x0000025a17449160, 0x0000025a17447300, 0x0000025a17447d20, 0x0000025a17447810,
0x0000025a17448230, 0x0000025a17448740, 0x0000025a17449670, 0x0000025a174463d0,
0x0000025a17448c50, 0x0000025a1744a090, 0x0000025a174468e0, 0x0000025a1744a5a0,
0x0000025a1744aab0, 0x0000025a11ca3280, 0x0000025a21c8c010, 0x0000025a21c8eda0,
0x0000025a21c8c520, 0x0000025a21c8d960, 0x0000025a21c8ca30, 0x0000025a21c8d450,
0x0000025a21c901e0, 0x0000025a21c91110, 0x0000025a21c90c00, 0x0000025a21c91620,
0x0000025a21c8f2b0, 0x0000025a21c906f0, 0x0000025a21c8fcd0, 0x0000025a21c91b30,
0x0000025a21c8de70, 0x0000025a21c8e380, 0x0000025a21c92550, 0x0000025a21c92040,
0x0000025a21c92a60, 0x0000025a21c92f70, 0x0000025a21c8f7c0, 0x0000025a21c93480,
0x0000025a21c93990, 0x0000025a13fadc70, 0x0000025a13fac830, 0x0000025a13fad760,
0x0000025a13faf5c0, 0x0000025a13facd40, 0x0000025a13fae690, 0x0000025a13faeba0,
0x0000025a13fb6010, 0x0000025a13fb3790, 0x0000025a13fb55f0, 0x0000025a13fb2860,
0x0000025a13fb9cd0
}

Java Threads: ( => current thread )
  0x000002598bebf070 JavaThread "main" [_thread_blocked, id=40668, stack(0x000000c590e00000,0x000000c590f00000)]
  0x00000259c73827a0 JavaThread "Reference Handler" daemon [_thread_blocked, id=15028, stack(0x000000c591500000,0x000000c591600000)]
  0x00000259c7384580 JavaThread "Finalizer" daemon [_thread_blocked, id=14236, stack(0x000000c591600000,0x000000c591700000)]
  0x00000259c73a16b0 JavaThread "Signal Dispatcher" daemon [_thread_blocked, id=50748, stack(0x000000c591700000,0x000000c591800000)]
  0x00000259c73a1f80 JavaThread "Attach Listener" daemon [_thread_blocked, id=50916, stack(0x000000c591800000,0x000000c591900000)]
  0x00000259c73a33c0 JavaThread "Service Thread" daemon [_thread_blocked, id=37084, stack(0x000000c591900000,0x000000c591a00000)]
  0x00000259c73a6fb0 JavaThread "Monitor Deflation Thread" daemon [_thread_blocked, id=37416, stack(0x000000c591a00000,0x000000c591b00000)]
  0x0000025a0f011580 JavaThread "C2 CompilerThread0" daemon [_thread_blocked, id=25256, stack(0x000000c591b00000,0x000000c591c00000)]
  0x0000025a0f012630 JavaThread "C1 CompilerThread0" daemon [_thread_blocked, id=17544, stack(0x000000c591c00000,0x000000c591d00000)]
  0x0000025a0f01f1a0 JavaThread "Sweeper thread" daemon [_thread_blocked, id=2364, stack(0x000000c591d00000,0x000000c591e00000)]
  0x0000025a0f01e270 JavaThread "Common-Cleaner" daemon [_thread_blocked, id=50308, stack(0x000000c591e00000,0x000000c591f00000)]
  0x0000025a0f01c410 JavaThread "Notification Thread" daemon [_thread_blocked, id=49928, stack(0x000000c591f00000,0x000000c592000000)]
  0x0000025a0f01ec90 JavaThread "Daemon health stats" [_thread_blocked, id=17696, stack(0x000000c592600000,0x000000c592700000)]
  0x0000025a0f01bf00 JavaThread "Incoming local TCP Connector on port 34054" [_thread_in_native, id=22212, stack(0x000000c592a00000,0x000000c592b00000)]
  0x0000025a0f01ce30 JavaThread "Daemon periodic checks" [_thread_blocked, id=41112, stack(0x000000c592b00000,0x000000c592c00000)]
  0x0000025a0f01c920 JavaThread "Daemon" [_thread_blocked, id=40408, stack(0x000000c592c00000,0x000000c592d00000)]
  0x0000025a0f01f6b0 JavaThread "Handler for socket connection from /127.0.0.1:34054 to /127.0.0.1:34055" [_thread_in_native, id=22084, stack(0x000000c592d00000,0x000000c592e00000)]
  0x0000025a0f01d340 JavaThread "Cancel handler" [_thread_blocked, id=1296, stack(0x000000c592e00000,0x000000c592f00000)]
  0x0000025a0f01d850 JavaThread "Daemon worker" [_thread_blocked, id=49360, stack(0x000000c592f00000,0x000000c593000000)]
  0x0000025a0f01dd60 JavaThread "Asynchronous log dispatcher for DefaultDaemonConnection: socket connection from /127.0.0.1:34054 to /127.0.0.1:34055" [_thread_blocked, id=38212, stack(0x000000c593000000,0x000000c593100000)]
  0x0000025a10bae440 JavaThread "Stdin handler" [_thread_blocked, id=15472, stack(0x000000c593100000,0x000000c593200000)]
  0x0000025a10baf370 JavaThread "Daemon client event forwarder" [_thread_blocked, id=752, stack(0x000000c593200000,0x000000c593300000)]
  0x0000025a10baee60 JavaThread "Cache worker for journal cache (C:\Users\Dr kocher\.gradle\caches\journal-1)" [_thread_blocked, id=32544, stack(0x000000c593300000,0x000000c593400000)]
  0x0000025a10baf880 JavaThread "File lock request listener" [_thread_in_native, id=17788, stack(0x000000c593400000,0x000000c593500000)]
  0x0000025a10bb02a0 JavaThread "Cache worker for file hash cache (C:\Users\Dr kocher\.gradle\caches\9.3.1\fileHashes)" [_thread_blocked, id=4676, stack(0x000000c593500000,0x000000c593600000)]
  0x0000025a10bafd90 JavaThread "Cache worker for file hash cache (C:\Users\Dr kocher\Desktop\zewin_rx_scan\android\.gradle\9.3.1\fileHashes)" [_thread_blocked, id=20344, stack(0x000000c593900000,0x000000c593a00000)]
  0x0000025a10badf30 JavaThread "Cache worker for Build Output Cleanup Cache (C:\Users\Dr kocher\Desktop\zewin_rx_scan\android\.gradle\buildOutputCleanup)" [_thread_blocked, id=18116, stack(0x000000c593a00000,0x000000c593b00000)]
  0x0000025a10bb07b0 JavaThread "File watcher server" daemon [_thread_in_native, id=50456, stack(0x000000c593b00000,0x000000c593c00000)]
  0x0000025a10bb16e0 JavaThread "File watcher consumer" daemon [_thread_blocked, id=49428, stack(0x000000c593c00000,0x000000c593d00000)]
  0x0000025a10bb0cc0 JavaThread "Cache worker for checksums cache (C:\Users\Dr kocher\Desktop\zewin_rx_scan\android\.gradle\9.3.1\checksums)" [_thread_blocked, id=19732, stack(0x000000c593d00000,0x000000c593e00000)]
  0x0000025a10bb11d0 JavaThread "Cache worker for file content cache (C:\Users\Dr kocher\.gradle\caches\9.3.1\fileContent)" [_thread_blocked, id=41936, stack(0x000000c593e00000,0x000000c593f00000)]
  0x0000025a10bb2100 JavaThread "Cache worker for cache directory md-supplier (C:\Users\Dr kocher\.gradle\caches\9.3.1\md-supplier)" [_thread_blocked, id=21308, stack(0x000000c594000000,0x000000c594100000)]
  0x0000025a10bb1bf0 JavaThread "Cache worker for cache directory md-rule (C:\Users\Dr kocher\.gradle\caches\9.3.1\md-rule)" [_thread_blocked, id=7044, stack(0x000000c594100000,0x000000c594200000)]
  0x0000025a11ca3790 JavaThread "Cache worker for Build Output Cleanup Cache (C:\flutter\packages\flutter_tools\gradle\.gradle\buildOutputCleanup)" [_thread_blocked, id=43944, stack(0x000000c590d00000,0x000000c590e00000)]
  0x0000025a11ca3ca0 JavaThread "Kotlin DSL Writer" [_thread_blocked, id=5044, stack(0x000000c594400000,0x000000c594500000)]
  0x0000025a10bb3030 JavaThread "Unconstrained build operations" [_thread_blocked, id=17136, stack(0x000000c590b00000,0x000000c590c00000)]
  0x0000025a13863210 JavaThread "Unconstrained build operations Thread 2" [_thread_blocked, id=17116, stack(0x000000c590c00000,0x000000c590d00000)]
  0x0000025a13863720 JavaThread "Unconstrained build operations Thread 3" [_thread_blocked, id=46464, stack(0x000000c594600000,0x000000c594700000)]
  0x0000025a13861dd0 JavaThread "Unconstrained build operations Thread 4" [_thread_blocked, id=35048, stack(0x000000c594800000,0x000000c594900000)]
  0x0000025a13860ea0 JavaThread "Unconstrained build operations Thread 5" [_thread_blocked, id=47808, stack(0x000000c594900000,0x000000c594a00000)]
  0x0000025a138627f0 JavaThread "Unconstrained build operations Thread 6" [_thread_blocked, id=43440, stack(0x000000c594a00000,0x000000c594b00000)]
  0x0000025a13863c30 JavaThread "Unconstrained build operations Thread 7" [_thread_blocked, id=27780, stack(0x000000c594b00000,0x000000c594c00000)]
  0x0000025a138613b0 JavaThread "Unconstrained build operations Thread 8" [_thread_blocked, id=50900, stack(0x000000c594c00000,0x000000c594d00000)]
  0x0000025a13860480 JavaThread "Unconstrained build operations Thread 9" [_thread_blocked, id=48216, stack(0x000000c594d00000,0x000000c594e00000)]
  0x0000025a13864140 JavaThread "Unconstrained build operations Thread 10" [_thread_blocked, id=51092, stack(0x000000c594e00000,0x000000c594f00000)]
  0x0000025a13860990 JavaThread "Unconstrained build operations Thread 11" [_thread_blocked, id=22004, stack(0x000000c594f00000,0x000000c595000000)]
  0x0000025a13862d00 JavaThread "Unconstrained build operations Thread 12" [_thread_blocked, id=45688, stack(0x000000c595000000,0x000000c595100000)]
  0x0000025a13864650 JavaThread "Unconstrained build operations Thread 13" [_thread_blocked, id=38560, stack(0x000000c594700000,0x000000c594800000)]
  0x0000025a13864b60 JavaThread "Unconstrained build operations Thread 14" [_thread_blocked, id=44416, stack(0x000000c595100000,0x000000c595200000)]
  0x0000025a138622e0 JavaThread "Unconstrained build operations Thread 15" [_thread_blocked, id=14068, stack(0x000000c595200000,0x000000c595300000)]
  0x0000025a13865070 JavaThread "Unconstrained build operations Thread 16" [_thread_blocked, id=50352, stack(0x000000c595300000,0x000000c595400000)]
  0x0000025a138618c0 JavaThread "Unconstrained build operations Thread 17" [_thread_blocked, id=37884, stack(0x000000c595400000,0x000000c595500000)]
  0x0000025a13865580 JavaThread "Unconstrained build operations Thread 18" [_thread_blocked, id=18956, stack(0x000000c595500000,0x000000c595600000)]
  0x0000025a13865a90 JavaThread "Unconstrained build operations Thread 19" [_thread_blocked, id=47264, stack(0x000000c595600000,0x000000c595700000)]
  0x0000025a13865fa0 JavaThread "Unconstrained build operations Thread 20" [_thread_blocked, id=49812, stack(0x000000c595700000,0x000000c595800000)]
  0x0000025a138664b0 JavaThread "Unconstrained build operations Thread 21" [_thread_blocked, id=35224, stack(0x000000c595800000,0x000000c595900000)]
  0x0000025a138669c0 JavaThread "Unconstrained build operations Thread 22" [_thread_blocked, id=41736, stack(0x000000c595900000,0x000000c595a00000)]
  0x0000025a138678f0 JavaThread "Unconstrained build operations Thread 23" [_thread_blocked, id=49420, stack(0x000000c595a00000,0x000000c595b00000)]
  0x0000025a13866ed0 JavaThread "Unconstrained build operations Thread 24" [_thread_blocked, id=40352, stack(0x000000c595b00000,0x000000c595c00000)]
  0x0000025a138673e0 JavaThread "Unconstrained build operations Thread 25" [_thread_blocked, id=40876, stack(0x000000c595c00000,0x000000c595d00000)]
  0x0000025a11ca8380 JavaThread "Unconstrained build operations Thread 26" [_thread_blocked, id=48608, stack(0x000000c595d00000,0x000000c595e00000)]
  0x0000025a21025f20 JavaThread "Unconstrained build operations Thread 27" [_thread_blocked, id=32708, stack(0x000000c595e00000,0x000000c595f00000)]
  0x0000025a21024ae0 JavaThread "Unconstrained build operations Thread 28" [_thread_blocked, id=44780, stack(0x000000c595f00000,0x000000c596000000)]
  0x0000025a21025a10 JavaThread "Unconstrained build operations Thread 29" [_thread_blocked, id=33468, stack(0x000000c596000000,0x000000c596100000)]
  0x0000025a210240c0 JavaThread "Unconstrained build operations Thread 30" [_thread_blocked, id=45816, stack(0x000000c596100000,0x000000c596200000)]
  0x0000025a21025500 JavaThread "Unconstrained build operations Thread 31" [_thread_blocked, id=5632, stack(0x000000c596200000,0x000000c596300000)]
  0x0000025a21023190 JavaThread "Unconstrained build operations Thread 32" [_thread_blocked, id=25624, stack(0x000000c596300000,0x000000c596400000)]
  0x0000025a210236a0 JavaThread "Unconstrained build operations Thread 33" [_thread_blocked, id=36380, stack(0x000000c596400000,0x000000c596500000)]
  0x0000025a21027360 JavaThread "Unconstrained build operations Thread 34" [_thread_blocked, id=36716, stack(0x000000c596500000,0x000000c596600000)]
  0x0000025a21023bb0 JavaThread "Unconstrained build operations Thread 35" [_thread_blocked, id=49076, stack(0x000000c596800000,0x000000c596900000)]
  0x0000025a21027870 JavaThread "Unconstrained build operations Thread 36" [_thread_blocked, id=3860, stack(0x000000c596900000,0x000000c596a00000)]
  0x0000025a21027d80 JavaThread "Unconstrained build operations Thread 37" [_thread_blocked, id=46660, stack(0x000000c596a00000,0x000000c596b00000)]
  0x0000025a210245d0 JavaThread "Unconstrained build operations Thread 38" [_thread_blocked, id=35744, stack(0x000000c596b00000,0x000000c596c00000)]
  0x0000025a21028290 JavaThread "Unconstrained build operations Thread 39" [_thread_blocked, id=44392, stack(0x000000c596c00000,0x000000c596d00000)]
  0x0000025a210287a0 JavaThread "Unconstrained build operations Thread 40" [_thread_blocked, id=30320, stack(0x000000c596d00000,0x000000c596e00000)]
  0x0000025a21024ff0 JavaThread "Unconstrained build operations Thread 41" [_thread_blocked, id=21600, stack(0x000000c596e00000,0x000000c596f00000)]
  0x0000025a210291c0 JavaThread "Unconstrained build operations Thread 42" [_thread_blocked, id=50276, stack(0x000000c596f00000,0x000000c597000000)]
  0x0000025a210296d0 JavaThread "Unconstrained build operations Thread 43" [_thread_blocked, id=4964, stack(0x000000c596600000,0x000000c596700000)]
  0x0000025a2102ab10 JavaThread "Unconstrained build operations Thread 44" [_thread_blocked, id=15004, stack(0x000000c596700000,0x000000c596800000)]
  0x0000025a21029be0 JavaThread "Unconstrained build operations Thread 45" [_thread_blocked, id=40540, stack(0x000000c597000000,0x000000c597100000)]
  0x0000025a21028cb0 JavaThread "Unconstrained build operations Thread 46" [_thread_blocked, id=50512, stack(0x000000c597100000,0x000000c597200000)]
  0x0000025a2102a0f0 JavaThread "Unconstrained build operations Thread 47" [_thread_blocked, id=28540, stack(0x000000c597200000,0x000000c597300000)]
  0x0000025a14acb1a0 JavaThread "Unconstrained build operations Thread 48" [_thread_blocked, id=30728, stack(0x000000c597300000,0x000000c597400000)]
  0x0000025a14ac9d60 JavaThread "Unconstrained build operations Thread 49" [_thread_blocked, id=5804, stack(0x000000c597400000,0x000000c597500000)]
  0x0000025a14acb6b0 JavaThread "Unconstrained build operations Thread 50" [_thread_blocked, id=37000, stack(0x000000c597500000,0x000000c597600000)]
  0x0000025a14acac90 JavaThread "Unconstrained build operations Thread 51" [_thread_blocked, id=31084, stack(0x000000c597600000,0x000000c597700000)]
  0x0000025a14ac8920 JavaThread "Unconstrained build operations Thread 52" [_thread_blocked, id=46044, stack(0x000000c597700000,0x000000c597800000)]
  0x0000025a14ac9340 JavaThread "Unconstrained build operations Thread 53" [_thread_blocked, id=29756, stack(0x000000c597800000,0x000000c597900000)]
  0x0000025a14aca270 JavaThread "Memory manager" [_thread_blocked, id=42652, stack(0x000000c597b00000,0x000000c597c00000)]
  0x0000025a14aca780 JavaThread "build event listener" [_thread_blocked, id=48424, stack(0x000000c597c00000,0x000000c597d00000)]
  0x0000025a14acf370 JavaThread "included builds" [_thread_blocked, id=2464, stack(0x000000c597a00000,0x000000c597b00000)]
  0x0000025a14acda20 JavaThread "Execution worker" [_thread_blocked, id=51140, stack(0x000000c597d00000,0x000000c597e00000)]
  0x0000025a21026e50 JavaThread "Execution worker Thread 2" [_thread_blocked, id=42132, stack(0x000000c597e00000,0x000000c597f00000)]
  0x0000025a0f01e780 JavaThread "Execution worker Thread 3" [_thread_blocked, id=28088, stack(0x000000c597f00000,0x000000c598000000)]
  0x0000025a0f4da420 JavaThread "Execution worker Thread 4" [_thread_blocked, id=37636, stack(0x000000c598000000,0x000000c598100000)]
  0x0000025a0f4d9a00 JavaThread "Execution worker Thread 5" [_thread_blocked, id=39308, stack(0x000000c598100000,0x000000c598200000)]
  0x0000025a0f4d9f10 JavaThread "Execution worker Thread 6" [_thread_blocked, id=26492, stack(0x000000c598200000,0x000000c598300000)]
  0x0000025a0f4d7180 JavaThread "Execution worker Thread 7" [_thread_blocked, id=47124, stack(0x000000c598300000,0x000000c598400000)]
  0x0000025a0f4da930 JavaThread "Execution worker Thread 8" [_thread_blocked, id=49840, stack(0x000000c598400000,0x000000c598500000)]
  0x0000025a0f4dae40 JavaThread "Execution worker Thread 9" [_thread_blocked, id=16068, stack(0x000000c598500000,0x000000c598600000)]
  0x0000025a0f4d7690 JavaThread "Execution worker Thread 10" [_thread_blocked, id=27288, stack(0x000000c598600000,0x000000c598700000)]
  0x0000025a0f4d8fe0 JavaThread "Execution worker Thread 11" [_thread_blocked, id=14384, stack(0x000000c598700000,0x000000c598800000)]
  0x0000025a0f4db350 JavaThread "Cache worker for execution history cache (C:\flutter\packages\flutter_tools\gradle\.gradle\9.3.1\executionHistory)" [_thread_blocked, id=46852, stack(0x000000c598800000,0x000000c598900000)]
  0x0000025a0f4d8ad0 JavaThread "Unconstrained build operations Thread 54" [_thread_blocked, id=48932, stack(0x000000c598900000,0x000000c598a00000)]
  0x0000025a0f4d94f0 JavaThread "Unconstrained build operations Thread 55" [_thread_blocked, id=39536, stack(0x000000c598a00000,0x000000c598b00000)]
  0x0000025a0f4d7ba0 JavaThread "Unconstrained build operations Thread 56" [_thread_blocked, id=43424, stack(0x000000c598b00000,0x000000c598c00000)]
  0x0000025a0f4db860 JavaThread "Unconstrained build operations Thread 57" [_thread_blocked, id=31648, stack(0x000000c598c00000,0x000000c598d00000)]
  0x0000025a0f4d80b0 JavaThread "Unconstrained build operations Thread 58" [_thread_blocked, id=41976, stack(0x000000c598d00000,0x000000c598e00000)]
  0x0000025a0f4dbd70 JavaThread "Unconstrained build operations Thread 59" [_thread_blocked, id=37240, stack(0x000000c598e00000,0x000000c598f00000)]
  0x0000025a0f4d85c0 JavaThread "Unconstrained build operations Thread 60" [_thread_blocked, id=38700, stack(0x000000c598f00000,0x000000c599000000)]
  0x0000025a0f4dd1b0 JavaThread "Unconstrained build operations Thread 61" [_thread_blocked, id=5580, stack(0x000000c599000000,0x000000c599100000)]
  0x0000025a0f4dc280 JavaThread "Unconstrained build operations Thread 62" [_thread_blocked, id=36904, stack(0x000000c599100000,0x000000c599200000)]
  0x0000025a0f4dc790 JavaThread "Unconstrained build operations Thread 63" [_thread_blocked, id=46292, stack(0x000000c597900000,0x000000c597a00000)]
  0x0000025a0f4dcca0 JavaThread "Unconstrained build operations Thread 64" [_thread_blocked, id=1860, stack(0x000000c599200000,0x000000c599300000)]
  0x0000025a0f4ddbd0 JavaThread "Unconstrained build operations Thread 65" [_thread_blocked, id=44472, stack(0x000000c599300000,0x000000c599400000)]
  0x0000025a0f4dd6c0 JavaThread "Unconstrained build operations Thread 66" [_thread_blocked, id=50592, stack(0x000000c599400000,0x000000c599500000)]
  0x0000025a0f4de5f0 JavaThread "Unconstrained build operations Thread 67" [_thread_blocked, id=37840, stack(0x000000c599500000,0x000000c599600000)]
  0x0000025a0f4de0e0 JavaThread "Unconstrained build operations Thread 68" [_thread_blocked, id=48168, stack(0x000000c599600000,0x000000c599700000)]
  0x0000025a0f4deb00 JavaThread "Unconstrained build operations Thread 69" [_thread_blocked, id=5116, stack(0x000000c599700000,0x000000c599800000)]
  0x0000025a17444060 JavaThread "Unconstrained build operations Thread 70" [_thread_blocked, id=41124, stack(0x000000c599800000,0x000000c599900000)]
  0x0000025a17444a80 JavaThread "Unconstrained build operations Thread 71" [_thread_blocked, id=5708, stack(0x000000c599900000,0x000000c599a00000)]
  0x0000025a174459b0 JavaThread "Unconstrained build operations Thread 72" [_thread_blocked, id=2188, stack(0x000000c599a00000,0x000000c599b00000)]
  0x0000025a17443b50 JavaThread "Unconstrained build operations Thread 73" [_thread_blocked, id=49748, stack(0x000000c599b00000,0x000000c599c00000)]
  0x0000025a17444f90 JavaThread "Unconstrained build operations Thread 74" [_thread_blocked, id=38012, stack(0x000000c599c00000,0x000000c599d00000)]
  0x0000025a17445ec0 JavaThread "Unconstrained build operations Thread 75" [_thread_blocked, id=34108, stack(0x000000c599d00000,0x000000c599e00000)]
  0x0000025a17444570 JavaThread "Unconstrained build operations Thread 76" [_thread_blocked, id=27428, stack(0x000000c599e00000,0x000000c599f00000)]
  0x0000025a17446df0 JavaThread "Unconstrained build operations Thread 77" [_thread_blocked, id=48736, stack(0x000000c599f00000,0x000000c59a000000)]
  0x0000025a17443640 JavaThread "Unconstrained build operations Thread 78" [_thread_blocked, id=46600, stack(0x000000c59a000000,0x000000c59a100000)]
  0x0000025a17449160 JavaThread "Unconstrained build operations Thread 79" [_thread_blocked, id=50860, stack(0x000000c59a100000,0x000000c59a200000)]
  0x0000025a17447300 JavaThread "Unconstrained build operations Thread 80" [_thread_blocked, id=1112, stack(0x000000c59a200000,0x000000c59a300000)]
  0x0000025a17447d20 JavaThread "Unconstrained build operations Thread 81" [_thread_blocked, id=49300, stack(0x000000c59a300000,0x000000c59a400000)]
  0x0000025a17447810 JavaThread "Unconstrained build operations Thread 82" [_thread_blocked, id=39084, stack(0x000000c59a400000,0x000000c59a500000)]
  0x0000025a17448230 JavaThread "Unconstrained build operations Thread 83" [_thread_blocked, id=48748, stack(0x000000c59a500000,0x000000c59a600000)]
  0x0000025a17448740 JavaThread "Unconstrained build operations Thread 84" [_thread_blocked, id=34300, stack(0x000000c59a600000,0x000000c59a700000)]
  0x0000025a17449670 JavaThread "Unconstrained build operations Thread 85" [_thread_blocked, id=45272, stack(0x000000c59a700000,0x000000c59a800000)]
  0x0000025a174463d0 JavaThread "Unconstrained build operations Thread 86" [_thread_blocked, id=50520, stack(0x000000c59a800000,0x000000c59a900000)]
  0x0000025a17448c50 JavaThread "Unconstrained build operations Thread 87" [_thread_blocked, id=35604, stack(0x000000c59a900000,0x000000c59aa00000)]
  0x0000025a1744a090 JavaThread "Unconstrained build operations Thread 88" [_thread_blocked, id=33428, stack(0x000000c59aa00000,0x000000c59ab00000)]
  0x0000025a174468e0 JavaThread "Unconstrained build operations Thread 89" [_thread_blocked, id=43548, stack(0x000000c59ab00000,0x000000c59ac00000)]
  0x0000025a1744a5a0 JavaThread "Unconstrained build operations Thread 90" [_thread_blocked, id=7568, stack(0x000000c59ac00000,0x000000c59ad00000)]
  0x0000025a1744aab0 JavaThread "Unconstrained build operations Thread 91" [_thread_blocked, id=34560, stack(0x000000c59ad00000,0x000000c59ae00000)]
  0x0000025a11ca3280 JavaThread "Unconstrained build operations Thread 92" [_thread_blocked, id=30948, stack(0x000000c59ae00000,0x000000c59af00000)]
  0x0000025a21c8c010 JavaThread "Unconstrained build operations Thread 93" [_thread_blocked, id=16452, stack(0x000000c59af00000,0x000000c59b000000)]
  0x0000025a21c8eda0 JavaThread "Unconstrained build operations Thread 94" [_thread_blocked, id=15016, stack(0x000000c59b000000,0x000000c59b100000)]
  0x0000025a21c8c520 JavaThread "Unconstrained build operations Thread 95" [_thread_blocked, id=35808, stack(0x000000c59b100000,0x000000c59b200000)]
  0x0000025a21c8d960 JavaThread "Unconstrained build operations Thread 96" [_thread_blocked, id=30904, stack(0x000000c59b200000,0x000000c59b300000)]
  0x0000025a21c8ca30 JavaThread "Unconstrained build operations Thread 97" [_thread_blocked, id=17288, stack(0x000000c59b300000,0x000000c59b400000)]
  0x0000025a21c8d450 JavaThread "Unconstrained build operations Thread 98" [_thread_blocked, id=46404, stack(0x000000c59b400000,0x000000c59b500000)]
  0x0000025a21c901e0 JavaThread "Unconstrained build operations Thread 99" [_thread_blocked, id=19304, stack(0x000000c59b500000,0x000000c59b600000)]
  0x0000025a21c91110 JavaThread "Unconstrained build operations Thread 100" [_thread_blocked, id=49996, stack(0x000000c59b600000,0x000000c59b700000)]
  0x0000025a21c90c00 JavaThread "Unconstrained build operations Thread 101" [_thread_blocked, id=40052, stack(0x000000c59b700000,0x000000c59b800000)]
  0x0000025a21c91620 JavaThread "Unconstrained build operations Thread 102" [_thread_blocked, id=17636, stack(0x000000c59b800000,0x000000c59b900000)]
  0x0000025a21c8f2b0 JavaThread "Unconstrained build operations Thread 103" [_thread_blocked, id=46784, stack(0x000000c59b900000,0x000000c59ba00000)]
  0x0000025a21c906f0 JavaThread "Unconstrained build operations Thread 104" [_thread_blocked, id=25112, stack(0x000000c59ba00000,0x000000c59bb00000)]
  0x0000025a21c8fcd0 JavaThread "Unconstrained build operations Thread 105" [_thread_blocked, id=39668, stack(0x000000c59bb00000,0x000000c59bc00000)]
  0x0000025a21c91b30 JavaThread "Unconstrained build operations Thread 106" [_thread_blocked, id=46180, stack(0x000000c59bc00000,0x000000c59bd00000)]
  0x0000025a21c8de70 JavaThread "Unconstrained build operations Thread 107" [_thread_blocked, id=33432, stack(0x000000c59bd00000,0x000000c59be00000)]
  0x0000025a21c8e380 JavaThread "Unconstrained build operations Thread 108" [_thread_blocked, id=48700, stack(0x000000c59be00000,0x000000c59bf00000)]
  0x0000025a21c92550 JavaThread "Unconstrained build operations Thread 109" [_thread_blocked, id=37844, stack(0x000000c59bf00000,0x000000c59c000000)]
  0x0000025a21c92040 JavaThread "Unconstrained build operations Thread 110" [_thread_blocked, id=50260, stack(0x000000c59c000000,0x000000c59c100000)]
  0x0000025a21c92a60 JavaThread "Unconstrained build operations Thread 111" [_thread_blocked, id=16444, stack(0x000000c59c100000,0x000000c59c200000)]
  0x0000025a21c92f70 JavaThread "Unconstrained build operations Thread 112" [_thread_blocked, id=31368, stack(0x000000c59c200000,0x000000c59c300000)]
  0x0000025a21c8f7c0 JavaThread "Unconstrained build operations Thread 113" [_thread_blocked, id=7608, stack(0x000000c59c300000,0x000000c59c400000)]
  0x0000025a21c93480 JavaThread "Unconstrained build operations Thread 114" [_thread_blocked, id=50356, stack(0x000000c59c400000,0x000000c59c500000)]
  0x0000025a21c93990 JavaThread "Unconstrained build operations Thread 115" [_thread_blocked, id=14584, stack(0x000000c59c500000,0x000000c59c600000)]
  0x0000025a13fadc70 JavaThread "Unconstrained build operations Thread 116" [_thread_blocked, id=35460, stack(0x000000c59c600000,0x000000c59c700000)]
  0x0000025a13fac830 JavaThread "Unconstrained build operations Thread 117" [_thread_blocked, id=45164, stack(0x000000c59c700000,0x000000c59c800000)]
  0x0000025a13fad760 JavaThread "Unconstrained build operations Thread 118" [_thread_blocked, id=43492, stack(0x000000c59c800000,0x000000c59c900000)]
  0x0000025a13faf5c0 JavaThread "Unconstrained build operations Thread 119" [_thread_blocked, id=18412, stack(0x000000c59c900000,0x000000c59ca00000)]
  0x0000025a13facd40 JavaThread "Unconstrained build operations Thread 120" [_thread_blocked, id=42028, stack(0x000000c59ca00000,0x000000c59cb00000)]
  0x0000025a13fae690 JavaThread "WorkerExecutor Queue" [_thread_blocked, id=7240, stack(0x000000c59cc00000,0x000000c59cd00000)]
  0x0000025a13faeba0 JavaThread "RMI Scheduler(0)" daemon [_thread_blocked, id=30232, stack(0x000000c594200000,0x000000c594300000)]
  0x0000025a13fb6010 JavaThread "RMI GC Daemon" daemon [_thread_blocked, id=35772, stack(0x000000c59cd00000,0x000000c59ce00000)]
  0x0000025a13fb3790 JavaThread "RMI TCP Accept-0" daemon [_thread_in_native, id=45600, stack(0x000000c59ce00000,0x000000c59cf00000)]
  0x0000025a13fb55f0 JavaThread "RMI Reaper" [_thread_blocked, id=39692, stack(0x000000c59cf00000,0x000000c59d000000)]
  0x0000025a13fb2860 JavaThread "RMI TCP Connection(idle)" daemon [_thread_blocked, id=35296, stack(0x000000c59d000000,0x000000c59d100000)]
  0x0000025a13fb9cd0 JavaThread "Kotlin DSL Writer" [_thread_blocked, id=18260, stack(0x000000c594300000,0x000000c594400000)]

Other Threads:
=>0x00000259c737c4a0 VMThread "VM Thread" [stack: 0x000000c591400000,0x000000c591500000] [id=34272]
  0x0000025a0f212190 WatcherThread [stack: 0x000000c592000000,0x000000c592100000] [id=24748]
  0x000002598bf6ebe0 GCTaskThread "GC Thread#0" [stack: 0x000000c590f00000,0x000000c591000000] [id=22616]
  0x0000025a0f30f7a0 GCTaskThread "GC Thread#1" [stack: 0x000000c592200000,0x000000c592300000] [id=48556]
  0x0000025a0f30fa60 GCTaskThread "GC Thread#2" [stack: 0x000000c592300000,0x000000c592400000] [id=31560]
  0x0000025a1017a790 GCTaskThread "GC Thread#3" [stack: 0x000000c592400000,0x000000c592500000] [id=41636]
  0x0000025a0f64d1d0 GCTaskThread "GC Thread#4" [stack: 0x000000c592500000,0x000000c592600000] [id=27376]
  0x0000025a0f049b00 GCTaskThread "GC Thread#5" [stack: 0x000000c592700000,0x000000c592800000] [id=49776]
  0x0000025a101538d0 GCTaskThread "GC Thread#6" [stack: 0x000000c592800000,0x000000c592900000] [id=22604]
  0x0000025a0f075a40 GCTaskThread "GC Thread#7" [stack: 0x000000c592900000,0x000000c592a00000] [id=40500]
  0x0000025a12aae260 GCTaskThread "GC Thread#8" [stack: 0x000000c592100000,0x000000c592200000] [id=37368]
  0x0000025a12aac9a0 GCTaskThread "GC Thread#9" [stack: 0x000000c593600000,0x000000c593700000] [id=34028]
  0x00000259c71c1bb0 ConcurrentGCThread "G1 Main Marker" [stack: 0x000000c591000000,0x000000c591100000] [id=30624]
  0x00000259c71c24e0 ConcurrentGCThread "G1 Conc#0" [stack: 0x000000c591100000,0x000000c591200000] [id=21948]
  0x0000025a12aad760 ConcurrentGCThread "G1 Conc#1" [stack: 0x000000c593700000,0x000000c593800000] [id=45452]
  0x0000025a12aada20 ConcurrentGCThread "G1 Conc#2" [stack: 0x000000c593800000,0x000000c593900000] [id=45480]
  0x00000259c7236900 ConcurrentGCThread "G1 Refine#0" [stack: 0x000000c591200000,0x000000c591300000] [id=43640]
  0x0000025a1188d950 ConcurrentGCThread "G1 Refine#1" [stack: 0x000000c593f00000,0x000000c594000000] [id=30636]
  0x00000259c72370e0 ConcurrentGCThread "G1 Service" [stack: 0x000000c591300000,0x000000c591400000] [id=37768]

Threads with active compile tasks:
C2 CompilerThread0  207158 29487       4       org.jetbrains.org.objectweb.asm.tree.MethodNode::visitParameterAnnotation (104 bytes)

VM state: at safepoint (normal execution)

VM Mutex/Monitor currently owned by a thread:  ([mutex/lock_event])
[0x000002598bebb840] Threads_lock - owner thread: 0x00000259c737c4a0
[0x000002598bebb210] Heap_lock - owner thread: 0x0000025a0f01d850

Heap address: 0x0000000600000000, size: 8192 MB, Compressed Oops mode: Zero based, Oop shift amount: 3

CDS archive(s) mapped at: [0x00000259ca000000-0x00000259cabb0000-0x00000259cabb0000), size 12255232, SharedBaseAddress: 0x00000259ca000000, ArchiveRelocationMode: 1.
Compressed class space mapped at: 0x00000259cb000000-0x0000025a0b000000, reserved size: 1073741824
Narrow klass base: 0x00000259ca000000, Narrow klass shift: 0, Narrow klass range: 0x100000000

GC Precious Log:
 CPUs: 12 total, 12 available
 Memory: 8083M
 Large Page Support: Disabled
 NUMA Support: Disabled
 Compressed Oops: Enabled (Zero based)
 Heap Region Size: 4M
 Heap Min Capacity: 8M
 Heap Initial Capacity: 128M
 Heap Max Capacity: 8G
 Pre-touch: Disabled
 Parallel Workers: 10
 Concurrent Workers: 3
 Concurrent Refinement Workers: 10
 Periodic GC: Disabled

Heap:
 garbage-first heap   total 1482752K, used 309509K [0x0000000600000000, 0x0000000800000000)
  region size 4096K, 13 young (53248K), 13 survivors (53248K)
 Metaspace       used 163036K, committed 164032K, reserved 1245184K
  class space    used 20147K, committed 20608K, reserved 1048576K

Heap Regions: E=young(eden), S=young(survivor), O=old, HS=humongous(starts), HC=humongous(continues), CS=collection set, F=free, OA=open archive, CA=closed archive, TAMS=top-at-mark-start (previous, next)
|   0|0x0000000600000000, 0x0000000600400000, 0x0000000600400000|100%|HS|  |TAMS 0x0000000600400000, 0x0000000600000000| Complete 
|   1|0x0000000600400000, 0x0000000600800000, 0x0000000600800000|100%| O|  |TAMS 0x0000000600800000, 0x0000000600400000| Untracked 
|   2|0x0000000600800000, 0x0000000600c00000, 0x0000000600c00000|100%| O|  |TAMS 0x0000000600c00000, 0x0000000600800000| Untracked 
|   3|0x0000000600c00000, 0x0000000601000000, 0x0000000601000000|100%| O|  |TAMS 0x0000000601000000, 0x0000000600c00000| Untracked 
|   4|0x0000000601000000, 0x0000000601400000, 0x0000000601400000|100%| O|  |TAMS 0x0000000601000000, 0x0000000601000000| Untracked 
|   5|0x0000000601400000, 0x0000000601800000, 0x0000000601800000|100%| O|  |TAMS 0x0000000601800000, 0x0000000601400000| Untracked 
|   6|0x0000000601800000, 0x0000000601c00000, 0x0000000601c00000|100%| O|  |TAMS 0x0000000601c00000, 0x0000000601800000| Untracked 
|   7|0x0000000601c00000, 0x0000000602000000, 0x0000000602000000|100%| O|  |TAMS 0x0000000602000000, 0x0000000601c00000| Untracked 
|   8|0x0000000602000000, 0x0000000602400000, 0x0000000602400000|100%| O|  |TAMS 0x0000000602000000, 0x0000000602000000| Untracked 
|   9|0x0000000602400000, 0x0000000602800000, 0x0000000602800000|100%| O|  |TAMS 0x0000000602400000, 0x0000000602400000| Untracked 
|  10|0x0000000602800000, 0x0000000602c00000, 0x0000000602c00000|100%| O|  |TAMS 0x0000000602c00000, 0x0000000602800000| Untracked 
|  11|0x0000000602c00000, 0x0000000603000000, 0x0000000603000000|100%| O|  |TAMS 0x0000000603000000, 0x0000000602c00000| Untracked 
|  12|0x0000000603000000, 0x0000000603400000, 0x0000000603400000|100%| O|  |TAMS 0x0000000603400000, 0x0000000603000000| Untracked 
|  13|0x0000000603400000, 0x0000000603800000, 0x0000000603800000|100%| O|  |TAMS 0x0000000603400000, 0x0000000603400000| Untracked 
|  14|0x0000000603800000, 0x0000000603c00000, 0x0000000603c00000|100%| O|  |TAMS 0x0000000603800000, 0x0000000603800000| Untracked 
|  15|0x0000000603c00000, 0x0000000604000000, 0x0000000604000000|100%| O|  |TAMS 0x0000000603c00000, 0x0000000603c00000| Untracked 
|  16|0x0000000604000000, 0x0000000604400000, 0x0000000604400000|100%| O|  |TAMS 0x0000000604000000, 0x0000000604000000| Untracked 
|  17|0x0000000604400000, 0x0000000604800000, 0x0000000604800000|100%| O|  |TAMS 0x0000000604400000, 0x0000000604400000| Untracked 
|  18|0x0000000604800000, 0x0000000604c00000, 0x0000000604c00000|100%| O|  |TAMS 0x0000000604c00000, 0x0000000604800000| Untracked 
|  19|0x0000000604c00000, 0x0000000605000000, 0x0000000605000000|100%| O|  |TAMS 0x0000000605000000, 0x0000000604c00000| Untracked 
|  20|0x0000000605000000, 0x000000060527d400, 0x0000000605400000| 62%| O|  |TAMS 0x000000060527d400, 0x0000000605000000| Untracked 
|  21|0x0000000605400000, 0x0000000605800000, 0x0000000605800000|100%| O|  |TAMS 0x0000000605800000, 0x0000000605400000| Untracked 
|  22|0x0000000605800000, 0x0000000605c00000, 0x0000000605c00000|100%| O|  |TAMS 0x0000000605c00000, 0x0000000605800000| Untracked 
|  23|0x0000000605c00000, 0x0000000606000000, 0x0000000606000000|100%| O|  |TAMS 0x0000000606000000, 0x0000000605c00000| Untracked 
|  24|0x0000000606000000, 0x0000000606400000, 0x0000000606400000|100%| O|  |TAMS 0x0000000606400000, 0x0000000606000000| Untracked 
|  25|0x0000000606400000, 0x0000000606800000, 0x0000000606800000|100%| O|  |TAMS 0x0000000606800000, 0x0000000606400000| Untracked 
|  26|0x0000000606800000, 0x0000000606c00000, 0x0000000606c00000|100%| O|  |TAMS 0x0000000606c00000, 0x0000000606800000| Untracked 
|  27|0x0000000606c00000, 0x0000000607000000, 0x0000000607000000|100%| O|  |TAMS 0x0000000607000000, 0x0000000606c00000| Untracked 
|  28|0x0000000607000000, 0x0000000607400000, 0x0000000607400000|100%| O|  |TAMS 0x0000000607400000, 0x0000000607000000| Untracked 
|  29|0x0000000607400000, 0x0000000607800000, 0x0000000607800000|100%| O|  |TAMS 0x0000000607800000, 0x0000000607400000| Untracked 
|  30|0x0000000607800000, 0x0000000607ba7c00, 0x0000000607c00000| 91%| O|  |TAMS 0x0000000607ba7c00, 0x0000000607800000| Untracked 
|  31|0x0000000607c00000, 0x0000000608000000, 0x0000000608000000|100%| O|  |TAMS 0x0000000607c00000, 0x0000000607c00000| Untracked 
|  32|0x0000000608000000, 0x0000000608400000, 0x0000000608400000|100%|HS|  |TAMS 0x0000000608000000, 0x0000000608000000| Complete 
|  33|0x0000000608400000, 0x0000000608800000, 0x0000000608800000|100%| O|  |TAMS 0x0000000608400000, 0x0000000608400000| Untracked 
|  34|0x0000000608800000, 0x0000000608c00000, 0x0000000608c00000|100%| O|  |TAMS 0x0000000608800000, 0x0000000608800000| Untracked 
|  35|0x0000000608c00000, 0x0000000609000000, 0x0000000609000000|100%| O|  |TAMS 0x0000000608c00000, 0x0000000608c00000| Untracked 
|  36|0x0000000609000000, 0x0000000609400000, 0x0000000609400000|100%| O|  |TAMS 0x0000000609000000, 0x0000000609000000| Untracked 
|  37|0x0000000609400000, 0x0000000609800000, 0x0000000609800000|100%| O|  |TAMS 0x0000000609400000, 0x0000000609400000| Untracked 
|  38|0x0000000609800000, 0x0000000609c00000, 0x0000000609c00000|100%| O|  |TAMS 0x0000000609800000, 0x0000000609800000| Untracked 
|  39|0x0000000609c00000, 0x000000060a000000, 0x000000060a000000|100%| O|  |TAMS 0x0000000609c00000, 0x0000000609c00000| Untracked 
|  40|0x000000060a000000, 0x000000060a400000, 0x000000060a400000|100%| O|  |TAMS 0x000000060a000000, 0x000000060a000000| Untracked 
|  41|0x000000060a400000, 0x000000060a800000, 0x000000060a800000|100%| O|  |TAMS 0x000000060a400000, 0x000000060a400000| Untracked 
|  42|0x000000060a800000, 0x000000060ac00000, 0x000000060ac00000|100%| O|  |TAMS 0x000000060a800000, 0x000000060a800000| Untracked 
|  43|0x000000060ac00000, 0x000000060b000000, 0x000000060b000000|100%| O|  |TAMS 0x000000060ac00000, 0x000000060ac00000| Untracked 
|  44|0x000000060b000000, 0x000000060b400000, 0x000000060b400000|100%| O|  |TAMS 0x000000060b000000, 0x000000060b000000| Untracked 
|  45|0x000000060b400000, 0x000000060b800000, 0x000000060b800000|100%| O|  |TAMS 0x000000060b400000, 0x000000060b400000| Untracked 
|  46|0x000000060b800000, 0x000000060bc00000, 0x000000060bc00000|100%| O|  |TAMS 0x000000060b800000, 0x000000060b800000| Untracked 
|  47|0x000000060bc00000, 0x000000060c000000, 0x000000060c000000|100%| O|  |TAMS 0x000000060bc00000, 0x000000060bc00000| Untracked 
|  48|0x000000060c000000, 0x000000060c400000, 0x000000060c400000|100%| O|  |TAMS 0x000000060c000000, 0x000000060c000000| Untracked 
|  49|0x000000060c400000, 0x000000060c800000, 0x000000060c800000|100%| O|  |TAMS 0x000000060c400000, 0x000000060c400000| Untracked 
|  50|0x000000060c800000, 0x000000060cc00000, 0x000000060cc00000|100%| O|  |TAMS 0x000000060c800000, 0x000000060c800000| Untracked 
|  51|0x000000060cc00000, 0x000000060d000000, 0x000000060d000000|100%| O|  |TAMS 0x000000060cc00000, 0x000000060cc00000| Untracked 
|  52|0x000000060d000000, 0x000000060d400000, 0x000000060d400000|100%| O|  |TAMS 0x000000060d000000, 0x000000060d000000| Untracked 
|  53|0x000000060d400000, 0x000000060d800000, 0x000000060d800000|100%| O|  |TAMS 0x000000060d400000, 0x000000060d400000| Untracked 
|  54|0x000000060d800000, 0x000000060dc00000, 0x000000060dc00000|100%| O|  |TAMS 0x000000060d800000, 0x000000060d800000| Untracked 
|  55|0x000000060dc00000, 0x000000060e000000, 0x000000060e000000|100%| O|  |TAMS 0x000000060dc00000, 0x000000060dc00000| Untracked 
|  56|0x000000060e000000, 0x000000060e400000, 0x000000060e400000|100%| O|  |TAMS 0x000000060e000000, 0x000000060e000000| Untracked 
|  57|0x000000060e400000, 0x000000060e800000, 0x000000060e800000|100%| O|  |TAMS 0x000000060e400000, 0x000000060e400000| Untracked 
|  58|0x000000060e800000, 0x000000060ec00000, 0x000000060ec00000|100%| O|  |TAMS 0x000000060e800000, 0x000000060e800000| Untracked 
|  59|0x000000060ec00000, 0x000000060f000000, 0x000000060f000000|100%| O|  |TAMS 0x000000060ec00000, 0x000000060ec00000| Untracked 
|  60|0x000000060f000000, 0x000000060f400000, 0x000000060f400000|100%| O|  |TAMS 0x000000060f000000, 0x000000060f000000| Untracked 
|  61|0x000000060f400000, 0x000000060f800000, 0x000000060f800000|100%| O|  |TAMS 0x000000060f400000, 0x000000060f400000| Untracked 
|  62|0x000000060f800000, 0x000000060fc00000, 0x000000060fc00000|100%| O|  |TAMS 0x000000060f800000, 0x000000060f800000| Untracked 
|  63|0x000000060fc00000, 0x000000060ff59c00, 0x0000000610000000| 83%| O|  |TAMS 0x000000060fc00000, 0x000000060fc00000| Untracked 
|  64|0x0000000610000000, 0x0000000610000000, 0x0000000610400000|  0%| F|  |TAMS 0x0000000610000000, 0x0000000610000000| Untracked 
|  65|0x0000000610400000, 0x0000000610400000, 0x0000000610800000|  0%| F|  |TAMS 0x0000000610400000, 0x0000000610400000| Untracked 
|  66|0x0000000610800000, 0x0000000610800000, 0x0000000610c00000|  0%| F|  |TAMS 0x0000000610800000, 0x0000000610800000| Untracked 
|  67|0x0000000610c00000, 0x0000000610c00000, 0x0000000611000000|  0%| F|  |TAMS 0x0000000610c00000, 0x0000000610c00000| Untracked 
|  68|0x0000000611000000, 0x0000000611000000, 0x0000000611400000|  0%| F|  |TAMS 0x0000000611000000, 0x0000000611000000| Untracked 
|  69|0x0000000611400000, 0x0000000611400000, 0x0000000611800000|  0%| F|  |TAMS 0x0000000611400000, 0x0000000611400000| Untracked 
|  70|0x0000000611800000, 0x0000000611800000, 0x0000000611c00000|  0%| F|  |TAMS 0x0000000611800000, 0x0000000611800000| Untracked 
|  71|0x0000000611c00000, 0x0000000611c00000, 0x0000000612000000|  0%| F|  |TAMS 0x0000000611c00000, 0x0000000611c00000| Untracked 
|  72|0x0000000612000000, 0x0000000612000000, 0x0000000612400000|  0%| F|  |TAMS 0x0000000612000000, 0x0000000612000000| Untracked 
|  73|0x0000000612400000, 0x0000000612400000, 0x0000000612800000|  0%| F|  |TAMS 0x0000000612400000, 0x0000000612400000| Untracked 
|  74|0x0000000612800000, 0x0000000612800000, 0x0000000612c00000|  0%| F|  |TAMS 0x0000000612800000, 0x0000000612800000| Untracked 
|  75|0x0000000612c00000, 0x0000000612c00000, 0x0000000613000000|  0%| F|  |TAMS 0x0000000612c00000, 0x0000000612c00000| Untracked 
|  76|0x0000000613000000, 0x0000000613000000, 0x0000000613400000|  0%| F|  |TAMS 0x0000000613000000, 0x0000000613000000| Untracked 
|  77|0x0000000613400000, 0x0000000613400000, 0x0000000613800000|  0%| F|  |TAMS 0x0000000613400000, 0x0000000613400000| Untracked 
|  78|0x0000000613800000, 0x0000000613800000, 0x0000000613c00000|  0%| F|  |TAMS 0x0000000613800000, 0x0000000613800000| Untracked 
|  79|0x0000000613c00000, 0x0000000613c00000, 0x0000000614000000|  0%| F|  |TAMS 0x0000000613c00000, 0x0000000613c00000| Untracked 
|  80|0x0000000614000000, 0x0000000614000000, 0x0000000614400000|  0%| F|  |TAMS 0x0000000614000000, 0x0000000614000000| Untracked 
|  81|0x0000000614400000, 0x0000000614400000, 0x0000000614800000|  0%| F|  |TAMS 0x0000000614400000, 0x0000000614400000| Untracked 
|  82|0x0000000614800000, 0x0000000614800000, 0x0000000614c00000|  0%| F|  |TAMS 0x0000000614800000, 0x0000000614800000| Untracked 
|  83|0x0000000614c00000, 0x0000000614c00000, 0x0000000615000000|  0%| F|  |TAMS 0x0000000614c00000, 0x0000000614c00000| Untracked 
|  84|0x0000000615000000, 0x0000000615000000, 0x0000000615400000|  0%| F|  |TAMS 0x0000000615000000, 0x0000000615000000| Untracked 
|  85|0x0000000615400000, 0x0000000615400000, 0x0000000615800000|  0%| F|  |TAMS 0x0000000615400000, 0x0000000615400000| Untracked 
|  86|0x0000000615800000, 0x0000000615800000, 0x0000000615c00000|  0%| F|  |TAMS 0x0000000615800000, 0x0000000615800000| Untracked 
|  87|0x0000000615c00000, 0x0000000615c00000, 0x0000000616000000|  0%| F|  |TAMS 0x0000000615c00000, 0x0000000615c00000| Untracked 
|  88|0x0000000616000000, 0x0000000616000000, 0x0000000616400000|  0%| F|  |TAMS 0x0000000616000000, 0x0000000616000000| Untracked 
|  89|0x0000000616400000, 0x0000000616400000, 0x0000000616800000|  0%| F|  |TAMS 0x0000000616400000, 0x0000000616400000| Untracked 
|  90|0x0000000616800000, 0x0000000616800000, 0x0000000616c00000|  0%| F|  |TAMS 0x0000000616800000, 0x0000000616800000| Untracked 
|  91|0x0000000616c00000, 0x0000000616c00000, 0x0000000617000000|  0%| F|  |TAMS 0x0000000616c00000, 0x0000000616c00000| Untracked 
|  92|0x0000000617000000, 0x0000000617000000, 0x0000000617400000|  0%| F|  |TAMS 0x0000000617000000, 0x0000000617000000| Untracked 
|  93|0x0000000617400000, 0x0000000617400000, 0x0000000617800000|  0%| F|  |TAMS 0x0000000617400000, 0x0000000617400000| Untracked 
|  94|0x0000000617800000, 0x0000000617800000, 0x0000000617c00000|  0%| F|  |TAMS 0x0000000617800000, 0x0000000617800000| Untracked 
|  95|0x0000000617c00000, 0x0000000617c00000, 0x0000000618000000|  0%| F|  |TAMS 0x0000000617c00000, 0x0000000617c00000| Untracked 
|  96|0x0000000618000000, 0x0000000618000000, 0x0000000618400000|  0%| F|  |TAMS 0x0000000618000000, 0x0000000618000000| Untracked 
|  97|0x0000000618400000, 0x0000000618400000, 0x0000000618800000|  0%| F|  |TAMS 0x0000000618400000, 0x0000000618400000| Untracked 
|  98|0x0000000618800000, 0x0000000618800000, 0x0000000618c00000|  0%| F|  |TAMS 0x0000000618800000, 0x0000000618800000| Untracked 
|  99|0x0000000618c00000, 0x0000000618c00000, 0x0000000619000000|  0%| F|  |TAMS 0x0000000618c00000, 0x0000000618c00000| Untracked 
| 100|0x0000000619000000, 0x0000000619000000, 0x0000000619400000|  0%| F|  |TAMS 0x0000000619000000, 0x0000000619000000| Untracked 
| 101|0x0000000619400000, 0x0000000619400000, 0x0000000619800000|  0%| F|  |TAMS 0x0000000619400000, 0x0000000619400000| Untracked 
| 102|0x0000000619800000, 0x0000000619800000, 0x0000000619c00000|  0%| F|  |TAMS 0x0000000619800000, 0x0000000619800000| Untracked 
| 103|0x0000000619c00000, 0x0000000619c00000, 0x000000061a000000|  0%| F|  |TAMS 0x0000000619c00000, 0x0000000619c00000| Untracked 
| 104|0x000000061a000000, 0x000000061a000000, 0x000000061a400000|  0%| F|  |TAMS 0x000000061a000000, 0x000000061a000000| Untracked 
| 105|0x000000061a400000, 0x000000061a400000, 0x000000061a800000|  0%| F|  |TAMS 0x000000061a400000, 0x000000061a400000| Untracked 
| 106|0x000000061a800000, 0x000000061a800000, 0x000000061ac00000|  0%| F|  |TAMS 0x000000061a800000, 0x000000061a800000| Untracked 
| 107|0x000000061ac00000, 0x000000061ac00000, 0x000000061b000000|  0%| F|  |TAMS 0x000000061ac00000, 0x000000061ac00000| Untracked 
| 108|0x000000061b000000, 0x000000061b000000, 0x000000061b400000|  0%| F|  |TAMS 0x000000061b000000, 0x000000061b000000| Untracked 
| 109|0x000000061b400000, 0x000000061b400000, 0x000000061b800000|  0%| F|  |TAMS 0x000000061b400000, 0x000000061b400000| Untracked 
| 110|0x000000061b800000, 0x000000061b800000, 0x000000061bc00000|  0%| F|  |TAMS 0x000000061b800000, 0x000000061b800000| Untracked 
| 111|0x000000061bc00000, 0x000000061bc00000, 0x000000061c000000|  0%| F|  |TAMS 0x000000061bc00000, 0x000000061bc00000| Untracked 
| 112|0x000000061c000000, 0x000000061c000000, 0x000000061c400000|  0%| F|  |TAMS 0x000000061c000000, 0x000000061c000000| Untracked 
| 113|0x000000061c400000, 0x000000061c400000, 0x000000061c800000|  0%| F|  |TAMS 0x000000061c400000, 0x000000061c400000| Untracked 
| 114|0x000000061c800000, 0x000000061c800000, 0x000000061cc00000|  0%| F|  |TAMS 0x000000061c800000, 0x000000061c800000| Untracked 
| 115|0x000000061cc00000, 0x000000061cc00000, 0x000000061d000000|  0%| F|  |TAMS 0x000000061cc00000, 0x000000061cc00000| Untracked 
| 116|0x000000061d000000, 0x000000061d000000, 0x000000061d400000|  0%| F|  |TAMS 0x000000061d000000, 0x000000061d000000| Untracked 
| 117|0x000000061d400000, 0x000000061d400000, 0x000000061d800000|  0%| F|  |TAMS 0x000000061d400000, 0x000000061d400000| Untracked 
| 118|0x000000061d800000, 0x000000061d800000, 0x000000061dc00000|  0%| F|  |TAMS 0x000000061d800000, 0x000000061d800000| Untracked 
| 119|0x000000061dc00000, 0x000000061dc00000, 0x000000061e000000|  0%| F|  |TAMS 0x000000061dc00000, 0x000000061dc00000| Untracked 
| 120|0x000000061e000000, 0x000000061e000000, 0x000000061e400000|  0%| F|  |TAMS 0x000000061e000000, 0x000000061e000000| Untracked 
| 121|0x000000061e400000, 0x000000061e400000, 0x000000061e800000|  0%| F|  |TAMS 0x000000061e400000, 0x000000061e400000| Untracked 
| 122|0x000000061e800000, 0x000000061e800000, 0x000000061ec00000|  0%| F|  |TAMS 0x000000061e800000, 0x000000061e800000| Untracked 
| 123|0x000000061ec00000, 0x000000061ec00000, 0x000000061f000000|  0%| F|  |TAMS 0x000000061ec00000, 0x000000061ec00000| Untracked 
| 124|0x000000061f000000, 0x000000061f000000, 0x000000061f400000|  0%| F|  |TAMS 0x000000061f000000, 0x000000061f000000| Untracked 
| 125|0x000000061f400000, 0x000000061f400000, 0x000000061f800000|  0%| F|  |TAMS 0x000000061f400000, 0x000000061f400000| Untracked 
| 126|0x000000061f800000, 0x000000061f800000, 0x000000061fc00000|  0%| F|  |TAMS 0x000000061f800000, 0x000000061f800000| Untracked 
| 127|0x000000061fc00000, 0x000000061fc00000, 0x0000000620000000|  0%| F|  |TAMS 0x000000061fc00000, 0x000000061fc00000| Untracked 
| 128|0x0000000620000000, 0x0000000620000000, 0x0000000620400000|  0%| F|  |TAMS 0x0000000620000000, 0x0000000620000000| Untracked 
| 129|0x0000000620400000, 0x0000000620400000, 0x0000000620800000|  0%| F|  |TAMS 0x0000000620400000, 0x0000000620400000| Untracked 
| 130|0x0000000620800000, 0x0000000620800000, 0x0000000620c00000|  0%| F|  |TAMS 0x0000000620800000, 0x0000000620800000| Untracked 
| 131|0x0000000620c00000, 0x0000000620c00000, 0x0000000621000000|  0%| F|  |TAMS 0x0000000620c00000, 0x0000000620c00000| Untracked 
| 132|0x0000000621000000, 0x00000006210c2a80, 0x0000000621400000| 19%| S|CS|TAMS 0x0000000621000000, 0x0000000621000000| Complete 
| 133|0x0000000621400000, 0x0000000621800000, 0x0000000621800000|100%| S|CS|TAMS 0x0000000621400000, 0x0000000621400000| Complete 
| 134|0x0000000621800000, 0x0000000621c00000, 0x0000000621c00000|100%| S|CS|TAMS 0x0000000621800000, 0x0000000621800000| Complete 
| 135|0x0000000621c00000, 0x0000000622000000, 0x0000000622000000|100%| S|CS|TAMS 0x0000000621c00000, 0x0000000621c00000| Complete 
| 136|0x0000000622000000, 0x0000000622400000, 0x0000000622400000|100%| S|CS|TAMS 0x0000000622000000, 0x0000000622000000| Complete 
| 137|0x0000000622400000, 0x0000000622800000, 0x0000000622800000|100%| S|CS|TAMS 0x0000000622400000, 0x0000000622400000| Complete 
| 138|0x0000000622800000, 0x0000000622c00000, 0x0000000622c00000|100%| S|CS|TAMS 0x0000000622800000, 0x0000000622800000| Complete 
| 139|0x0000000622c00000, 0x0000000623000000, 0x0000000623000000|100%| S|CS|TAMS 0x0000000622c00000, 0x0000000622c00000| Complete 
| 140|0x0000000623000000, 0x0000000623400000, 0x0000000623400000|100%| S|CS|TAMS 0x0000000623000000, 0x0000000623000000| Complete 
| 141|0x0000000623400000, 0x0000000623800000, 0x0000000623800000|100%| S|CS|TAMS 0x0000000623400000, 0x0000000623400000| Complete 
| 142|0x0000000623800000, 0x0000000623c00000, 0x0000000623c00000|100%| S|CS|TAMS 0x0000000623800000, 0x0000000623800000| Complete 
| 143|0x0000000623c00000, 0x0000000624000000, 0x0000000624000000|100%| S|CS|TAMS 0x0000000623c00000, 0x0000000623c00000| Complete 
| 144|0x0000000624000000, 0x0000000624400000, 0x0000000624400000|100%| S|CS|TAMS 0x0000000624000000, 0x0000000624000000| Complete 
| 145|0x0000000624400000, 0x0000000624400000, 0x0000000624800000|  0%| F|  |TAMS 0x0000000624400000, 0x0000000624400000| Untracked 
| 146|0x0000000624800000, 0x0000000624800000, 0x0000000624c00000|  0%| F|  |TAMS 0x0000000624800000, 0x0000000624800000| Untracked 
| 147|0x0000000624c00000, 0x0000000624c00000, 0x0000000625000000|  0%| F|  |TAMS 0x0000000624c00000, 0x0000000624c00000| Untracked 
| 148|0x0000000625000000, 0x0000000625000000, 0x0000000625400000|  0%| F|  |TAMS 0x0000000625000000, 0x0000000625000000| Untracked 
| 149|0x0000000625400000, 0x0000000625400000, 0x0000000625800000|  0%| F|  |TAMS 0x0000000625400000, 0x0000000625400000| Untracked 
| 150|0x0000000625800000, 0x0000000625800000, 0x0000000625c00000|  0%| F|  |TAMS 0x0000000625800000, 0x0000000625800000| Untracked 
| 151|0x0000000625c00000, 0x0000000625c00000, 0x0000000626000000|  0%| F|  |TAMS 0x0000000625c00000, 0x0000000625c00000| Untracked 
| 152|0x0000000626000000, 0x0000000626000000, 0x0000000626400000|  0%| F|  |TAMS 0x0000000626000000, 0x0000000626000000| Untracked 
| 153|0x0000000626400000, 0x0000000626400000, 0x0000000626800000|  0%| F|  |TAMS 0x0000000626400000, 0x0000000626400000| Untracked 
| 154|0x0000000626800000, 0x0000000626800000, 0x0000000626c00000|  0%| F|  |TAMS 0x0000000626800000, 0x0000000626800000| Untracked 
| 155|0x0000000626c00000, 0x0000000626c00000, 0x0000000627000000|  0%| F|  |TAMS 0x0000000626c00000, 0x0000000626c00000| Untracked 
| 156|0x0000000627000000, 0x0000000627000000, 0x0000000627400000|  0%| F|  |TAMS 0x0000000627000000, 0x0000000627000000| Untracked 
| 157|0x0000000627400000, 0x0000000627400000, 0x0000000627800000|  0%| F|  |TAMS 0x0000000627400000, 0x0000000627400000| Untracked 
| 158|0x0000000627800000, 0x0000000627800000, 0x0000000627c00000|  0%| F|  |TAMS 0x0000000627800000, 0x0000000627800000| Untracked 
| 159|0x0000000627c00000, 0x0000000627c00000, 0x0000000628000000|  0%| F|  |TAMS 0x0000000627c00000, 0x0000000627c00000| Untracked 
| 160|0x0000000628000000, 0x0000000628000000, 0x0000000628400000|  0%| F|  |TAMS 0x0000000628000000, 0x0000000628000000| Untracked 
| 161|0x0000000628400000, 0x0000000628400000, 0x0000000628800000|  0%| F|  |TAMS 0x0000000628400000, 0x0000000628400000| Untracked 
| 162|0x0000000628800000, 0x0000000628800000, 0x0000000628c00000|  0%| F|  |TAMS 0x0000000628800000, 0x0000000628800000| Untracked 
| 163|0x0000000628c00000, 0x0000000628c00000, 0x0000000629000000|  0%| F|  |TAMS 0x0000000628c00000, 0x0000000628c00000| Untracked 
| 164|0x0000000629000000, 0x0000000629000000, 0x0000000629400000|  0%| F|  |TAMS 0x0000000629000000, 0x0000000629000000| Untracked 
| 165|0x0000000629400000, 0x0000000629400000, 0x0000000629800000|  0%| F|  |TAMS 0x0000000629400000, 0x0000000629400000| Untracked 
| 166|0x0000000629800000, 0x0000000629800000, 0x0000000629c00000|  0%| F|  |TAMS 0x0000000629800000, 0x0000000629800000| Untracked 
| 167|0x0000000629c00000, 0x0000000629c00000, 0x000000062a000000|  0%| F|  |TAMS 0x0000000629c00000, 0x0000000629c00000| Untracked 
| 168|0x000000062a000000, 0x000000062a000000, 0x000000062a400000|  0%| F|  |TAMS 0x000000062a000000, 0x000000062a000000| Untracked 
| 169|0x000000062a400000, 0x000000062a400000, 0x000000062a800000|  0%| F|  |TAMS 0x000000062a400000, 0x000000062a400000| Untracked 
| 170|0x000000062a800000, 0x000000062a800000, 0x000000062ac00000|  0%| F|  |TAMS 0x000000062a800000, 0x000000062a800000| Untracked 
| 171|0x000000062ac00000, 0x000000062ac00000, 0x000000062b000000|  0%| F|  |TAMS 0x000000062ac00000, 0x000000062ac00000| Untracked 
| 172|0x000000062b000000, 0x000000062b000000, 0x000000062b400000|  0%| F|  |TAMS 0x000000062b000000, 0x000000062b000000| Untracked 
| 173|0x000000062b400000, 0x000000062b400000, 0x000000062b800000|  0%| F|  |TAMS 0x000000062b400000, 0x000000062b400000| Untracked 
| 174|0x000000062b800000, 0x000000062b800000, 0x000000062bc00000|  0%| F|  |TAMS 0x000000062b800000, 0x000000062b800000| Untracked 
| 175|0x000000062bc00000, 0x000000062bc00000, 0x000000062c000000|  0%| F|  |TAMS 0x000000062bc00000, 0x000000062bc00000| Untracked 
| 176|0x000000062c000000, 0x000000062c000000, 0x000000062c400000|  0%| F|  |TAMS 0x000000062c000000, 0x000000062c000000| Untracked 
| 177|0x000000062c400000, 0x000000062c400000, 0x000000062c800000|  0%| F|  |TAMS 0x000000062c400000, 0x000000062c400000| Untracked 
| 178|0x000000062c800000, 0x000000062c800000, 0x000000062cc00000|  0%| F|  |TAMS 0x000000062c800000, 0x000000062c800000| Untracked 
| 179|0x000000062cc00000, 0x000000062cc00000, 0x000000062d000000|  0%| F|  |TAMS 0x000000062cc00000, 0x000000062cc00000| Untracked 
| 180|0x000000062d000000, 0x000000062d000000, 0x000000062d400000|  0%| F|  |TAMS 0x000000062d000000, 0x000000062d000000| Untracked 
| 181|0x000000062d400000, 0x000000062d400000, 0x000000062d800000|  0%| F|  |TAMS 0x000000062d400000, 0x000000062d400000| Untracked 
| 182|0x000000062d800000, 0x000000062d800000, 0x000000062dc00000|  0%| F|  |TAMS 0x000000062d800000, 0x000000062d800000| Untracked 
| 183|0x000000062dc00000, 0x000000062dc00000, 0x000000062e000000|  0%| F|  |TAMS 0x000000062dc00000, 0x000000062dc00000| Untracked 
| 184|0x000000062e000000, 0x000000062e000000, 0x000000062e400000|  0%| F|  |TAMS 0x000000062e000000, 0x000000062e000000| Untracked 
| 185|0x000000062e400000, 0x000000062e400000, 0x000000062e800000|  0%| F|  |TAMS 0x000000062e400000, 0x000000062e400000| Untracked 
| 186|0x000000062e800000, 0x000000062e800000, 0x000000062ec00000|  0%| F|  |TAMS 0x000000062e800000, 0x000000062e800000| Untracked 
| 187|0x000000062ec00000, 0x000000062ec00000, 0x000000062f000000|  0%| F|  |TAMS 0x000000062ec00000, 0x000000062ec00000| Untracked 
| 188|0x000000062f000000, 0x000000062f000000, 0x000000062f400000|  0%| F|  |TAMS 0x000000062f000000, 0x000000062f000000| Untracked 
| 189|0x000000062f400000, 0x000000062f400000, 0x000000062f800000|  0%| F|  |TAMS 0x000000062f400000, 0x000000062f400000| Untracked 
| 190|0x000000062f800000, 0x000000062f800000, 0x000000062fc00000|  0%| F|  |TAMS 0x000000062f800000, 0x000000062f800000| Untracked 
| 191|0x000000062fc00000, 0x000000062fc00000, 0x0000000630000000|  0%| F|  |TAMS 0x000000062fc00000, 0x000000062fc00000| Untracked 
| 192|0x0000000630000000, 0x0000000630000000, 0x0000000630400000|  0%| F|  |TAMS 0x0000000630000000, 0x0000000630000000| Untracked 
| 193|0x0000000630400000, 0x0000000630400000, 0x0000000630800000|  0%| F|  |TAMS 0x0000000630400000, 0x0000000630400000| Untracked 
| 194|0x0000000630800000, 0x0000000630800000, 0x0000000630c00000|  0%| F|  |TAMS 0x0000000630800000, 0x0000000630800000| Untracked 
| 195|0x0000000630c00000, 0x0000000630c00000, 0x0000000631000000|  0%| F|  |TAMS 0x0000000630c00000, 0x0000000630c00000| Untracked 
| 196|0x0000000631000000, 0x0000000631000000, 0x0000000631400000|  0%| F|  |TAMS 0x0000000631000000, 0x0000000631000000| Untracked 
| 197|0x0000000631400000, 0x0000000631400000, 0x0000000631800000|  0%| F|  |TAMS 0x0000000631400000, 0x0000000631400000| Untracked 
| 198|0x0000000631800000, 0x0000000631800000, 0x0000000631c00000|  0%| F|  |TAMS 0x0000000631800000, 0x0000000631800000| Untracked 
| 199|0x0000000631c00000, 0x0000000631c00000, 0x0000000632000000|  0%| F|  |TAMS 0x0000000631c00000, 0x0000000631c00000| Untracked 
| 200|0x0000000632000000, 0x0000000632000000, 0x0000000632400000|  0%| F|  |TAMS 0x0000000632000000, 0x0000000632000000| Untracked 
| 201|0x0000000632400000, 0x0000000632400000, 0x0000000632800000|  0%| F|  |TAMS 0x0000000632400000, 0x0000000632400000| Untracked 
| 202|0x0000000632800000, 0x0000000632800000, 0x0000000632c00000|  0%| F|  |TAMS 0x0000000632800000, 0x0000000632800000| Untracked 
| 203|0x0000000632c00000, 0x0000000632c00000, 0x0000000633000000|  0%| F|  |TAMS 0x0000000632c00000, 0x0000000632c00000| Untracked 
| 204|0x0000000633000000, 0x0000000633000000, 0x0000000633400000|  0%| F|  |TAMS 0x0000000633000000, 0x0000000633000000| Untracked 
| 205|0x0000000633400000, 0x0000000633400000, 0x0000000633800000|  0%| F|  |TAMS 0x0000000633400000, 0x0000000633400000| Untracked 
| 206|0x0000000633800000, 0x0000000633800000, 0x0000000633c00000|  0%| F|  |TAMS 0x0000000633800000, 0x0000000633800000| Untracked 
| 207|0x0000000633c00000, 0x0000000633c00000, 0x0000000634000000|  0%| F|  |TAMS 0x0000000633c00000, 0x0000000633c00000| Untracked 
| 208|0x0000000634000000, 0x0000000634000000, 0x0000000634400000|  0%| F|  |TAMS 0x0000000634000000, 0x0000000634000000| Untracked 
| 209|0x0000000634400000, 0x0000000634400000, 0x0000000634800000|  0%| F|  |TAMS 0x0000000634400000, 0x0000000634400000| Untracked 
| 210|0x0000000634800000, 0x0000000634800000, 0x0000000634c00000|  0%| F|  |TAMS 0x0000000634800000, 0x0000000634800000| Untracked 
| 211|0x0000000634c00000, 0x0000000634c00000, 0x0000000635000000|  0%| F|  |TAMS 0x0000000634c00000, 0x0000000634c00000| Untracked 
| 212|0x0000000635000000, 0x0000000635000000, 0x0000000635400000|  0%| F|  |TAMS 0x0000000635000000, 0x0000000635000000| Untracked 
| 213|0x0000000635400000, 0x0000000635400000, 0x0000000635800000|  0%| F|  |TAMS 0x0000000635400000, 0x0000000635400000| Untracked 
| 214|0x0000000635800000, 0x0000000635800000, 0x0000000635c00000|  0%| F|  |TAMS 0x0000000635800000, 0x0000000635800000| Untracked 
| 215|0x0000000635c00000, 0x0000000635c00000, 0x0000000636000000|  0%| F|  |TAMS 0x0000000635c00000, 0x0000000635c00000| Untracked 
| 216|0x0000000636000000, 0x0000000636000000, 0x0000000636400000|  0%| F|  |TAMS 0x0000000636000000, 0x0000000636000000| Untracked 
| 217|0x0000000636400000, 0x0000000636400000, 0x0000000636800000|  0%| F|  |TAMS 0x0000000636400000, 0x0000000636400000| Untracked 
| 218|0x0000000636800000, 0x0000000636800000, 0x0000000636c00000|  0%| F|  |TAMS 0x0000000636800000, 0x0000000636800000| Untracked 
| 219|0x0000000636c00000, 0x0000000636c00000, 0x0000000637000000|  0%| F|  |TAMS 0x0000000636c00000, 0x0000000636c00000| Untracked 
| 220|0x0000000637000000, 0x0000000637000000, 0x0000000637400000|  0%| F|  |TAMS 0x0000000637000000, 0x0000000637000000| Untracked 
| 221|0x0000000637400000, 0x0000000637400000, 0x0000000637800000|  0%| F|  |TAMS 0x0000000637400000, 0x0000000637400000| Untracked 
| 222|0x0000000637800000, 0x0000000637800000, 0x0000000637c00000|  0%| F|  |TAMS 0x0000000637800000, 0x0000000637800000| Untracked 
| 223|0x0000000637c00000, 0x0000000637c00000, 0x0000000638000000|  0%| F|  |TAMS 0x0000000637c00000, 0x0000000637c00000| Untracked 
| 224|0x0000000638000000, 0x0000000638000000, 0x0000000638400000|  0%| F|  |TAMS 0x0000000638000000, 0x0000000638000000| Untracked 
| 225|0x0000000638400000, 0x0000000638400000, 0x0000000638800000|  0%| F|  |TAMS 0x0000000638400000, 0x0000000638400000| Untracked 
| 226|0x0000000638800000, 0x0000000638800000, 0x0000000638c00000|  0%| F|  |TAMS 0x0000000638800000, 0x0000000638800000| Untracked 
| 227|0x0000000638c00000, 0x0000000638c00000, 0x0000000639000000|  0%| F|  |TAMS 0x0000000638c00000, 0x0000000638c00000| Untracked 
| 228|0x0000000639000000, 0x0000000639000000, 0x0000000639400000|  0%| F|  |TAMS 0x0000000639000000, 0x0000000639000000| Untracked 
| 229|0x0000000639400000, 0x0000000639400000, 0x0000000639800000|  0%| F|  |TAMS 0x0000000639400000, 0x0000000639400000| Untracked 
| 230|0x0000000639800000, 0x0000000639800000, 0x0000000639c00000|  0%| F|  |TAMS 0x0000000639800000, 0x0000000639800000| Untracked 
| 231|0x0000000639c00000, 0x0000000639c00000, 0x000000063a000000|  0%| F|  |TAMS 0x0000000639c00000, 0x0000000639c00000| Untracked 
| 232|0x000000063a000000, 0x000000063a000000, 0x000000063a400000|  0%| F|  |TAMS 0x000000063a000000, 0x000000063a000000| Untracked 
| 233|0x000000063a400000, 0x000000063a400000, 0x000000063a800000|  0%| F|  |TAMS 0x000000063a400000, 0x000000063a400000| Untracked 
| 234|0x000000063a800000, 0x000000063a800000, 0x000000063ac00000|  0%| F|  |TAMS 0x000000063a800000, 0x000000063a800000| Untracked 
| 235|0x000000063ac00000, 0x000000063ac00000, 0x000000063b000000|  0%| F|  |TAMS 0x000000063ac00000, 0x000000063ac00000| Untracked 
| 236|0x000000063b000000, 0x000000063b000000, 0x000000063b400000|  0%| F|  |TAMS 0x000000063b000000, 0x000000063b000000| Untracked 
| 237|0x000000063b400000, 0x000000063b400000, 0x000000063b800000|  0%| F|  |TAMS 0x000000063b400000, 0x000000063b400000| Untracked 
| 238|0x000000063b800000, 0x000000063b800000, 0x000000063bc00000|  0%| F|  |TAMS 0x000000063b800000, 0x000000063b800000| Untracked 
| 239|0x000000063bc00000, 0x000000063bc00000, 0x000000063c000000|  0%| F|  |TAMS 0x000000063bc00000, 0x000000063bc00000| Untracked 
| 240|0x000000063c000000, 0x000000063c000000, 0x000000063c400000|  0%| F|  |TAMS 0x000000063c000000, 0x000000063c000000| Untracked 
| 241|0x000000063c400000, 0x000000063c400000, 0x000000063c800000|  0%| F|  |TAMS 0x000000063c400000, 0x000000063c400000| Untracked 
| 242|0x000000063c800000, 0x000000063c800000, 0x000000063cc00000|  0%| F|  |TAMS 0x000000063c800000, 0x000000063c800000| Untracked 
| 243|0x000000063cc00000, 0x000000063cc00000, 0x000000063d000000|  0%| F|  |TAMS 0x000000063cc00000, 0x000000063cc00000| Untracked 
| 244|0x000000063d000000, 0x000000063d000000, 0x000000063d400000|  0%| F|  |TAMS 0x000000063d000000, 0x000000063d000000| Untracked 
| 245|0x000000063d400000, 0x000000063d400000, 0x000000063d800000|  0%| F|  |TAMS 0x000000063d400000, 0x000000063d400000| Untracked 
| 246|0x000000063d800000, 0x000000063d800000, 0x000000063dc00000|  0%| F|  |TAMS 0x000000063d800000, 0x000000063d800000| Untracked 
| 247|0x000000063dc00000, 0x000000063dc00000, 0x000000063e000000|  0%| F|  |TAMS 0x000000063dc00000, 0x000000063dc00000| Untracked 
| 248|0x000000063e000000, 0x000000063e000000, 0x000000063e400000|  0%| F|  |TAMS 0x000000063e000000, 0x000000063e000000| Untracked 
| 249|0x000000063e400000, 0x000000063e400000, 0x000000063e800000|  0%| F|  |TAMS 0x000000063e400000, 0x000000063e400000| Untracked 
| 250|0x000000063e800000, 0x000000063e800000, 0x000000063ec00000|  0%| F|  |TAMS 0x000000063e800000, 0x000000063e800000| Untracked 
| 251|0x000000063ec00000, 0x000000063ec00000, 0x000000063f000000|  0%| F|  |TAMS 0x000000063ec00000, 0x000000063ec00000| Untracked 
| 252|0x000000063f000000, 0x000000063f000000, 0x000000063f400000|  0%| F|  |TAMS 0x000000063f000000, 0x000000063f000000| Untracked 
| 253|0x000000063f400000, 0x000000063f400000, 0x000000063f800000|  0%| F|  |TAMS 0x000000063f400000, 0x000000063f400000| Untracked 
| 254|0x000000063f800000, 0x000000063f800000, 0x000000063fc00000|  0%| F|  |TAMS 0x000000063f800000, 0x000000063f800000| Untracked 
| 255|0x000000063fc00000, 0x000000063fc00000, 0x0000000640000000|  0%| F|  |TAMS 0x000000063fc00000, 0x000000063fc00000| Untracked 
| 256|0x0000000640000000, 0x0000000640000000, 0x0000000640400000|  0%| F|  |TAMS 0x0000000640000000, 0x0000000640000000| Untracked 
| 257|0x0000000640400000, 0x0000000640400000, 0x0000000640800000|  0%| F|  |TAMS 0x0000000640400000, 0x0000000640400000| Untracked 
| 258|0x0000000640800000, 0x0000000640800000, 0x0000000640c00000|  0%| F|  |TAMS 0x0000000640800000, 0x0000000640800000| Untracked 
| 259|0x0000000640c00000, 0x0000000640c00000, 0x0000000641000000|  0%| F|  |TAMS 0x0000000640c00000, 0x0000000640c00000| Untracked 
| 260|0x0000000641000000, 0x0000000641000000, 0x0000000641400000|  0%| F|  |TAMS 0x0000000641000000, 0x0000000641000000| Untracked 
| 261|0x0000000641400000, 0x0000000641400000, 0x0000000641800000|  0%| F|  |TAMS 0x0000000641400000, 0x0000000641400000| Untracked 
| 262|0x0000000641800000, 0x0000000641800000, 0x0000000641c00000|  0%| F|  |TAMS 0x0000000641800000, 0x0000000641800000| Untracked 
| 263|0x0000000641c00000, 0x0000000641c00000, 0x0000000642000000|  0%| F|  |TAMS 0x0000000641c00000, 0x0000000641c00000| Untracked 
| 264|0x0000000642000000, 0x0000000642000000, 0x0000000642400000|  0%| F|  |TAMS 0x0000000642000000, 0x0000000642000000| Untracked 
| 265|0x0000000642400000, 0x0000000642400000, 0x0000000642800000|  0%| F|  |TAMS 0x0000000642400000, 0x0000000642400000| Untracked 
| 266|0x0000000642800000, 0x0000000642800000, 0x0000000642c00000|  0%| F|  |TAMS 0x0000000642800000, 0x0000000642800000| Untracked 
| 267|0x0000000642c00000, 0x0000000642c00000, 0x0000000643000000|  0%| F|  |TAMS 0x0000000642c00000, 0x0000000642c00000| Untracked 
| 268|0x0000000643000000, 0x0000000643000000, 0x0000000643400000|  0%| F|  |TAMS 0x0000000643000000, 0x0000000643000000| Untracked 
| 269|0x0000000643400000, 0x0000000643400000, 0x0000000643800000|  0%| F|  |TAMS 0x0000000643400000, 0x0000000643400000| Untracked 
| 270|0x0000000643800000, 0x0000000643800000, 0x0000000643c00000|  0%| F|  |TAMS 0x0000000643800000, 0x0000000643800000| Untracked 
| 271|0x0000000643c00000, 0x0000000643c00000, 0x0000000644000000|  0%| F|  |TAMS 0x0000000643c00000, 0x0000000643c00000| Untracked 
| 272|0x0000000644000000, 0x0000000644000000, 0x0000000644400000|  0%| F|  |TAMS 0x0000000644000000, 0x0000000644000000| Untracked 
| 273|0x0000000644400000, 0x0000000644400000, 0x0000000644800000|  0%| F|  |TAMS 0x0000000644400000, 0x0000000644400000| Untracked 
| 274|0x0000000644800000, 0x0000000644800000, 0x0000000644c00000|  0%| F|  |TAMS 0x0000000644800000, 0x0000000644800000| Untracked 
| 275|0x0000000644c00000, 0x0000000644c00000, 0x0000000645000000|  0%| F|  |TAMS 0x0000000644c00000, 0x0000000644c00000| Untracked 
| 276|0x0000000645000000, 0x0000000645000000, 0x0000000645400000|  0%| F|  |TAMS 0x0000000645000000, 0x0000000645000000| Untracked 
| 277|0x0000000645400000, 0x0000000645400000, 0x0000000645800000|  0%| F|  |TAMS 0x0000000645400000, 0x0000000645400000| Untracked 
| 278|0x0000000645800000, 0x0000000645800000, 0x0000000645c00000|  0%| F|  |TAMS 0x0000000645800000, 0x0000000645800000| Untracked 
| 279|0x0000000645c00000, 0x0000000645c00000, 0x0000000646000000|  0%| F|  |TAMS 0x0000000645c00000, 0x0000000645c00000| Untracked 
| 280|0x0000000646000000, 0x0000000646000000, 0x0000000646400000|  0%| F|  |TAMS 0x0000000646000000, 0x0000000646000000| Untracked 
| 281|0x0000000646400000, 0x0000000646400000, 0x0000000646800000|  0%| F|  |TAMS 0x0000000646400000, 0x0000000646400000| Untracked 
| 282|0x0000000646800000, 0x0000000646800000, 0x0000000646c00000|  0%| F|  |TAMS 0x0000000646800000, 0x0000000646800000| Untracked 
| 283|0x0000000646c00000, 0x0000000646c00000, 0x0000000647000000|  0%| F|  |TAMS 0x0000000646c00000, 0x0000000646c00000| Untracked 
| 284|0x0000000647000000, 0x0000000647000000, 0x0000000647400000|  0%| F|  |TAMS 0x0000000647000000, 0x0000000647000000| Untracked 
| 285|0x0000000647400000, 0x0000000647400000, 0x0000000647800000|  0%| F|  |TAMS 0x0000000647400000, 0x0000000647400000| Untracked 
| 286|0x0000000647800000, 0x0000000647800000, 0x0000000647c00000|  0%| F|  |TAMS 0x0000000647800000, 0x0000000647800000| Untracked 
| 287|0x0000000647c00000, 0x0000000647c00000, 0x0000000648000000|  0%| F|  |TAMS 0x0000000647c00000, 0x0000000647c00000| Untracked 
| 288|0x0000000648000000, 0x0000000648000000, 0x0000000648400000|  0%| F|  |TAMS 0x0000000648000000, 0x0000000648000000| Untracked 
| 289|0x0000000648400000, 0x0000000648400000, 0x0000000648800000|  0%| F|  |TAMS 0x0000000648400000, 0x0000000648400000| Untracked 
| 290|0x0000000648800000, 0x0000000648800000, 0x0000000648c00000|  0%| F|  |TAMS 0x0000000648800000, 0x0000000648800000| Untracked 
| 291|0x0000000648c00000, 0x0000000648c00000, 0x0000000649000000|  0%| F|  |TAMS 0x0000000648c00000, 0x0000000648c00000| Untracked 
| 292|0x0000000649000000, 0x0000000649000000, 0x0000000649400000|  0%| F|  |TAMS 0x0000000649000000, 0x0000000649000000| Untracked 
| 293|0x0000000649400000, 0x0000000649400000, 0x0000000649800000|  0%| F|  |TAMS 0x0000000649400000, 0x0000000649400000| Untracked 
| 294|0x0000000649800000, 0x0000000649800000, 0x0000000649c00000|  0%| F|  |TAMS 0x0000000649800000, 0x0000000649800000| Untracked 
| 295|0x0000000649c00000, 0x0000000649c00000, 0x000000064a000000|  0%| F|  |TAMS 0x0000000649c00000, 0x0000000649c00000| Untracked 
| 296|0x000000064a000000, 0x000000064a000000, 0x000000064a400000|  0%| F|  |TAMS 0x000000064a000000, 0x000000064a000000| Untracked 
| 297|0x000000064a400000, 0x000000064a400000, 0x000000064a800000|  0%| F|  |TAMS 0x000000064a400000, 0x000000064a400000| Untracked 
| 298|0x000000064a800000, 0x000000064a800000, 0x000000064ac00000|  0%| F|  |TAMS 0x000000064a800000, 0x000000064a800000| Untracked 
| 299|0x000000064ac00000, 0x000000064ac00000, 0x000000064b000000|  0%| F|  |TAMS 0x000000064ac00000, 0x000000064ac00000| Untracked 
| 300|0x000000064b000000, 0x000000064b000000, 0x000000064b400000|  0%| F|  |TAMS 0x000000064b000000, 0x000000064b000000| Untracked 
| 301|0x000000064b400000, 0x000000064b400000, 0x000000064b800000|  0%| F|  |TAMS 0x000000064b400000, 0x000000064b400000| Untracked 
| 302|0x000000064b800000, 0x000000064b800000, 0x000000064bc00000|  0%| F|  |TAMS 0x000000064b800000, 0x000000064b800000| Untracked 
| 303|0x000000064bc00000, 0x000000064bc00000, 0x000000064c000000|  0%| F|  |TAMS 0x000000064bc00000, 0x000000064bc00000| Untracked 
| 304|0x000000064c000000, 0x000000064c000000, 0x000000064c400000|  0%| F|  |TAMS 0x000000064c000000, 0x000000064c000000| Untracked 
| 305|0x000000064c400000, 0x000000064c400000, 0x000000064c800000|  0%| F|  |TAMS 0x000000064c400000, 0x000000064c400000| Untracked 
| 306|0x000000064c800000, 0x000000064c800000, 0x000000064cc00000|  0%| F|  |TAMS 0x000000064c800000, 0x000000064c800000| Untracked 
| 307|0x000000064cc00000, 0x000000064cc00000, 0x000000064d000000|  0%| F|  |TAMS 0x000000064cc00000, 0x000000064cc00000| Untracked 
| 308|0x000000064d000000, 0x000000064d000000, 0x000000064d400000|  0%| F|  |TAMS 0x000000064d000000, 0x000000064d000000| Untracked 
| 309|0x000000064d400000, 0x000000064d400000, 0x000000064d800000|  0%| F|  |TAMS 0x000000064d400000, 0x000000064d400000| Untracked 
| 310|0x000000064d800000, 0x000000064d800000, 0x000000064dc00000|  0%| F|  |TAMS 0x000000064d800000, 0x000000064d800000| Untracked 
| 311|0x000000064dc00000, 0x000000064dc00000, 0x000000064e000000|  0%| F|  |TAMS 0x000000064dc00000, 0x000000064dc00000| Untracked 
| 312|0x000000064e000000, 0x000000064e000000, 0x000000064e400000|  0%| F|  |TAMS 0x000000064e000000, 0x000000064e000000| Untracked 
| 313|0x000000064e400000, 0x000000064e400000, 0x000000064e800000|  0%| F|  |TAMS 0x000000064e400000, 0x000000064e400000| Untracked 
| 314|0x000000064e800000, 0x000000064e800000, 0x000000064ec00000|  0%| F|  |TAMS 0x000000064e800000, 0x000000064e800000| Untracked 
| 315|0x000000064ec00000, 0x000000064ec00000, 0x000000064f000000|  0%| F|  |TAMS 0x000000064ec00000, 0x000000064ec00000| Untracked 
| 316|0x000000064f000000, 0x000000064f000000, 0x000000064f400000|  0%| F|  |TAMS 0x000000064f000000, 0x000000064f000000| Untracked 
| 317|0x000000064f400000, 0x000000064f400000, 0x000000064f800000|  0%| F|  |TAMS 0x000000064f400000, 0x000000064f400000| Untracked 
| 318|0x000000064f800000, 0x000000064f800000, 0x000000064fc00000|  0%| F|  |TAMS 0x000000064f800000, 0x000000064f800000| Untracked 
| 319|0x000000064fc00000, 0x000000064fc00000, 0x0000000650000000|  0%| F|  |TAMS 0x000000064fc00000, 0x000000064fc00000| Untracked 
| 320|0x0000000650000000, 0x0000000650000000, 0x0000000650400000|  0%| F|  |TAMS 0x0000000650000000, 0x0000000650000000| Untracked 
| 321|0x0000000650400000, 0x0000000650400000, 0x0000000650800000|  0%| F|  |TAMS 0x0000000650400000, 0x0000000650400000| Untracked 
| 322|0x0000000650800000, 0x0000000650800000, 0x0000000650c00000|  0%| F|  |TAMS 0x0000000650800000, 0x0000000650800000| Untracked 
| 323|0x0000000650c00000, 0x0000000650c00000, 0x0000000651000000|  0%| F|  |TAMS 0x0000000650c00000, 0x0000000650c00000| Untracked 
| 324|0x0000000651000000, 0x0000000651000000, 0x0000000651400000|  0%| F|  |TAMS 0x0000000651000000, 0x0000000651000000| Untracked 
| 325|0x0000000651400000, 0x0000000651400000, 0x0000000651800000|  0%| F|  |TAMS 0x0000000651400000, 0x0000000651400000| Untracked 
| 326|0x0000000651800000, 0x0000000651800000, 0x0000000651c00000|  0%| F|  |TAMS 0x0000000651800000, 0x0000000651800000| Untracked 
| 327|0x0000000651c00000, 0x0000000651c00000, 0x0000000652000000|  0%| F|  |TAMS 0x0000000651c00000, 0x0000000651c00000| Untracked 
| 328|0x0000000652000000, 0x0000000652000000, 0x0000000652400000|  0%| F|  |TAMS 0x0000000652000000, 0x0000000652000000| Untracked 
| 329|0x0000000652400000, 0x0000000652400000, 0x0000000652800000|  0%| F|  |TAMS 0x0000000652400000, 0x0000000652400000| Untracked 
| 330|0x0000000652800000, 0x0000000652800000, 0x0000000652c00000|  0%| F|  |TAMS 0x0000000652800000, 0x0000000652800000| Untracked 
| 331|0x0000000652c00000, 0x0000000652c00000, 0x0000000653000000|  0%| F|  |TAMS 0x0000000652c00000, 0x0000000652c00000| Untracked 
| 332|0x0000000653000000, 0x0000000653000000, 0x0000000653400000|  0%| F|  |TAMS 0x0000000653000000, 0x0000000653000000| Untracked 
| 333|0x0000000653400000, 0x0000000653400000, 0x0000000653800000|  0%| F|  |TAMS 0x0000000653400000, 0x0000000653400000| Untracked 
| 334|0x0000000653800000, 0x0000000653800000, 0x0000000653c00000|  0%| F|  |TAMS 0x0000000653800000, 0x0000000653800000| Untracked 
| 335|0x0000000653c00000, 0x0000000653c00000, 0x0000000654000000|  0%| F|  |TAMS 0x0000000653c00000, 0x0000000653c00000| Untracked 
| 336|0x0000000654000000, 0x0000000654000000, 0x0000000654400000|  0%| F|  |TAMS 0x0000000654000000, 0x0000000654000000| Untracked 
| 337|0x0000000654400000, 0x0000000654400000, 0x0000000654800000|  0%| F|  |TAMS 0x0000000654400000, 0x0000000654400000| Untracked 
| 338|0x0000000654800000, 0x0000000654800000, 0x0000000654c00000|  0%| F|  |TAMS 0x0000000654800000, 0x0000000654800000| Untracked 
| 339|0x0000000654c00000, 0x0000000654c00000, 0x0000000655000000|  0%| F|  |TAMS 0x0000000654c00000, 0x0000000654c00000| Untracked 
| 340|0x0000000655000000, 0x0000000655000000, 0x0000000655400000|  0%| F|  |TAMS 0x0000000655000000, 0x0000000655000000| Untracked 
| 341|0x0000000655400000, 0x0000000655400000, 0x0000000655800000|  0%| F|  |TAMS 0x0000000655400000, 0x0000000655400000| Untracked 
| 342|0x0000000655800000, 0x0000000655800000, 0x0000000655c00000|  0%| F|  |TAMS 0x0000000655800000, 0x0000000655800000| Untracked 
| 343|0x0000000655c00000, 0x0000000655c00000, 0x0000000656000000|  0%| F|  |TAMS 0x0000000655c00000, 0x0000000655c00000| Untracked 
| 344|0x0000000656000000, 0x0000000656000000, 0x0000000656400000|  0%| F|  |TAMS 0x0000000656000000, 0x0000000656000000| Untracked 
| 345|0x0000000656400000, 0x0000000656400000, 0x0000000656800000|  0%| F|  |TAMS 0x0000000656400000, 0x0000000656400000| Untracked 
| 346|0x0000000656800000, 0x0000000656800000, 0x0000000656c00000|  0%| F|  |TAMS 0x0000000656800000, 0x0000000656800000| Untracked 
| 347|0x0000000656c00000, 0x0000000656c00000, 0x0000000657000000|  0%| F|  |TAMS 0x0000000656c00000, 0x0000000656c00000| Untracked 
| 348|0x0000000657000000, 0x0000000657000000, 0x0000000657400000|  0%| F|  |TAMS 0x0000000657000000, 0x0000000657000000| Untracked 
| 349|0x0000000657400000, 0x0000000657400000, 0x0000000657800000|  0%| F|  |TAMS 0x0000000657400000, 0x0000000657400000| Untracked 
| 350|0x0000000657800000, 0x0000000657800000, 0x0000000657c00000|  0%| F|  |TAMS 0x0000000657800000, 0x0000000657800000| Untracked 
| 351|0x0000000657c00000, 0x0000000657c00000, 0x0000000658000000|  0%| F|  |TAMS 0x0000000657c00000, 0x0000000657c00000| Untracked 
| 352|0x0000000658000000, 0x0000000658000000, 0x0000000658400000|  0%| F|  |TAMS 0x0000000658000000, 0x0000000658000000| Untracked 
| 353|0x0000000658400000, 0x0000000658400000, 0x0000000658800000|  0%| F|  |TAMS 0x0000000658400000, 0x0000000658400000| Untracked 
| 354|0x0000000658800000, 0x0000000658800000, 0x0000000658c00000|  0%| F|  |TAMS 0x0000000658800000, 0x0000000658800000| Untracked 
| 355|0x0000000658c00000, 0x0000000658c00000, 0x0000000659000000|  0%| F|  |TAMS 0x0000000658c00000, 0x0000000658c00000| Untracked 
| 356|0x0000000659000000, 0x0000000659000000, 0x0000000659400000|  0%| F|  |TAMS 0x0000000659000000, 0x0000000659000000| Untracked 
| 357|0x0000000659400000, 0x0000000659400000, 0x0000000659800000|  0%| F|  |TAMS 0x0000000659400000, 0x0000000659400000| Untracked 
| 358|0x0000000659800000, 0x0000000659800000, 0x0000000659c00000|  0%| F|  |TAMS 0x0000000659800000, 0x0000000659800000| Untracked 
| 359|0x0000000659c00000, 0x0000000659c00000, 0x000000065a000000|  0%| F|  |TAMS 0x0000000659c00000, 0x0000000659c00000| Untracked 
| 360|0x000000065a000000, 0x000000065a000000, 0x000000065a400000|  0%| F|  |TAMS 0x000000065a000000, 0x000000065a000000| Untracked 
| 361|0x000000065a400000, 0x000000065a400000, 0x000000065a800000|  0%| F|  |TAMS 0x000000065a400000, 0x000000065a400000| Untracked 

Card table byte_map: [0x00000259b51b0000,0x00000259b61b0000] _byte_map_base: 0x00000259b21b0000

Marking Bits (Prev, Next): (CMBitMap*) 0x00000259c71b12c0, (CMBitMap*) 0x00000259c71b1280
 Prev Bits: [0x00000259bf1b0000, 0x00000259c71b0000)
 Next Bits: [0x00000259b71b0000, 0x00000259bf1b0000)

Polling page: 0x0000025989dd0000

Metaspace:

Usage:
  Non-class:    139.54 MB used.
      Class:     19.68 MB used.
       Both:    159.22 MB used.

Virtual space:
  Non-class space:      192.00 MB reserved,     140.06 MB ( 73%) committed,  3 nodes.
      Class space:        1.00 GB reserved,      20.12 MB (  2%) committed,  1 nodes.
             Both:        1.19 GB reserved,     160.19 MB ( 13%) committed. 

Chunk freelists:
   Non-Class:  3.91 MB
       Class:  11.69 MB
        Both:  15.60 MB

MaxMetaspaceSize: 4.00 GB
CompressedClassSpaceSize: 1.00 GB
Initial GC threshold: 21.00 MB
Current GC threshold: 178.88 MB
CDS: on
MetaspaceReclaimPolicy: balanced
 - commit_granule_bytes: 65536.
 - commit_granule_words: 8192.
 - virtual_space_node_default_size: 8388608.
 - enlarge_chunks_in_place: 1.
 - new_chunks_are_fully_committed: 0.
 - uncommit_free_chunks: 1.
 - use_allocation_guard: 0.
 - handle_deallocations: 1.


Internal statistics:

num_allocs_failed_limit: 18.
num_arena_births: 1390.
num_arena_deaths: 0.
num_vsnodes_births: 4.
num_vsnodes_deaths: 0.
num_space_committed: 2561.
num_space_uncommitted: 0.
num_chunks_returned_to_freelist: 18.
num_chunks_taken_from_freelist: 7620.
num_chunk_merges: 18.
num_chunk_splits: 5512.
num_chunks_enlarged: 4204.
num_inconsistent_stats: 0.

CodeHeap 'non-profiled nmethods': size=259264Kb used=21792Kb max_used=21792Kb free=237471Kb
 bounds [0x00000259a3d10000, 0x00000259a5260000, 0x00000259b3a40000]
CodeHeap 'profiled nmethods': size=259264Kb used=49763Kb max_used=49763Kb free=209500Kb
 bounds [0x0000025993a40000, 0x0000025996ae0000, 0x00000259a3770000]
CodeHeap 'non-nmethods': size=5760Kb used=2000Kb max_used=2076Kb free=3759Kb
 bounds [0x00000259a3770000, 0x00000259a39e0000, 0x00000259a3d10000]
 total_blobs=23568 nmethods=22430 adapters=1048
 compilation: enabled
              stopped_count=0, restarted_count=0
 full_count=0

Compilation events (20 events):
Event: 205.503 Thread 0x0000025a0f011580 nmethod 29476 0x00000259a523c210 code [0x00000259a523c4e0, 0x00000259a523d758]
Event: 205.503 Thread 0x0000025a0f011580 29475       4       org.jetbrains.org.objectweb.asm.SymbolTable::putBootstrapMethods (56 bytes)
Event: 205.504 Thread 0x0000025a0f011580 nmethod 29475 0x00000259a523e490 code [0x00000259a523e660, 0x00000259a523e840]
Event: 205.504 Thread 0x0000025a0f011580 29467       4       org.jetbrains.kotlin.incremental.classpathDiff.impl.ClassFile::<init> (37 bytes)
Event: 205.508 Thread 0x0000025a0f011580 nmethod 29467 0x00000259a523ea90 code [0x00000259a523ec40, 0x00000259a523f1f8]
Event: 205.508 Thread 0x0000025a0f011580 29483 %     4       org.jetbrains.org.objectweb.asm.ClassReader::readCode @ 2185 (5113 bytes)
Event: 206.156 Thread 0x0000025a0f012630 29488       3       org.jetbrains.kotlin.incremental.classpathDiff.impl.InstanceBasedSnapshotter::extractInlinedSnapshotAndDependenciesFromClassData (79 bytes)
Event: 206.165 Thread 0x0000025a0f012630 nmethod 29488 0x0000025996ad8a10 code [0x0000025996ad8d80, 0x0000025996ada078]
Event: 206.408 Thread 0x0000025a0f011580 nmethod 29483% 0x00000259a523f910 code [0x00000259a5240040, 0x00000259a524cfe0]
Event: 206.408 Thread 0x0000025a0f011580 29489   !   4       org.jetbrains.kotlin.incremental.classpathDiff.JarReader::readBytes (125 bytes)
Event: 206.419 Thread 0x0000025a0f012630 29490       3       org.jetbrains.kotlin.metadata.jvm.JvmProtoBuf$JvmPropertySignature$Builder::mergeDelegateMethod (61 bytes)
Event: 206.419 Thread 0x0000025a0f012630 nmethod 29490 0x0000025996ada810 code [0x0000025996adaa40, 0x0000025996adb1e8]
Event: 206.441 Thread 0x0000025a0f011580 nmethod 29489 0x00000259a5253890 code [0x00000259a5253c60, 0x00000259a5256630]
Event: 206.441 Thread 0x0000025a0f011580 29485       4       java.util.HashMap::keysToArray (81 bytes)
Event: 206.444 Thread 0x0000025a0f011580 nmethod 29485 0x00000259a5257e90 code [0x00000259a5258020, 0x00000259a52582f8]
Event: 206.444 Thread 0x0000025a0f011580 29487       4       org.jetbrains.org.objectweb.asm.tree.MethodNode::visitParameterAnnotation (104 bytes)
Event: 206.448 Thread 0x0000025a0f012630 29491       3       org.jetbrains.org.objectweb.asm.tree.AnnotationNode::visitAnnotation (70 bytes)
Event: 206.448 Thread 0x0000025a0f012630 nmethod 29491 0x0000025996adb490 code [0x0000025996adb6c0, 0x0000025996adbf08]
Event: 206.448 Thread 0x0000025a0f012630 29492       3       org.jetbrains.org.objectweb.asm.AnnotationWriter::visitAnnotation (73 bytes)
Event: 206.449 Thread 0x0000025a0f012630 nmethod 29492 0x0000025996adc190 code [0x0000025996adc3a0, 0x0000025996adc758]

GC Heap History (20 events):
Event: 174.248 GC heap after
{Heap after GC invocations=98 (full 0):
 garbage-first heap   total 1482752K, used 237986K [0x0000000600000000, 0x0000000800000000)
  region size 4096K, 12 young (49152K), 12 survivors (49152K)
 Metaspace       used 158834K, committed 159808K, reserved 1245184K
  class space    used 19810K, committed 20288K, reserved 1048576K
}
Event: 182.079 GC heap before
{Heap before GC invocations=98 (full 0):
 garbage-first heap   total 1482752K, used 1073570K [0x0000000600000000, 0x0000000800000000)
  region size 4096K, 217 young (888832K), 12 survivors (49152K)
 Metaspace       used 159109K, committed 160064K, reserved 1245184K
  class space    used 19821K, committed 20288K, reserved 1048576K
}
Event: 182.135 GC heap after
{Heap after GC invocations=99 (full 0):
 garbage-first heap   total 1482752K, used 261765K [0x0000000600000000, 0x0000000800000000)
  region size 4096K, 18 young (73728K), 18 survivors (73728K)
 Metaspace       used 159109K, committed 160064K, reserved 1245184K
  class space    used 19821K, committed 20288K, reserved 1048576K
}
Event: 185.214 GC heap before
{Heap before GC invocations=99 (full 0):
 garbage-first heap   total 1482752K, used 1072773K [0x0000000600000000, 0x0000000800000000)
  region size 4096K, 217 young (888832K), 18 survivors (73728K)
 Metaspace       used 159235K, committed 160192K, reserved 1245184K
  class space    used 19823K, committed 20288K, reserved 1048576K
}
Event: 185.334 GC heap after
{Heap after GC invocations=100 (full 0):
 garbage-first heap   total 1482752K, used 284340K [0x0000000600000000, 0x0000000800000000)
  region size 4096K, 20 young (81920K), 20 survivors (81920K)
 Metaspace       used 159235K, committed 160192K, reserved 1245184K
  class space    used 19823K, committed 20288K, reserved 1048576K
}
Event: 187.632 GC heap before
{Heap before GC invocations=100 (full 0):
 garbage-first heap   total 1482752K, used 1087156K [0x0000000600000000, 0x0000000800000000)
  region size 4096K, 217 young (888832K), 20 survivors (81920K)
 Metaspace       used 159351K, committed 160320K, reserved 1245184K
  class space    used 19823K, committed 20288K, reserved 1048576K
}
Event: 187.943 GC heap after
{Heap after GC invocations=101 (full 0):
 garbage-first heap   total 1482752K, used 295188K [0x0000000600000000, 0x0000000800000000)
  region size 4096K, 15 young (61440K), 15 survivors (61440K)
 Metaspace       used 159351K, committed 160320K, reserved 1245184K
  class space    used 19823K, committed 20288K, reserved 1048576K
}
Event: 189.474 GC heap before
{Heap before GC invocations=101 (full 0):
 garbage-first heap   total 1482752K, used 1122580K [0x0000000600000000, 0x0000000800000000)
  region size 4096K, 217 young (888832K), 15 survivors (61440K)
 Metaspace       used 159361K, committed 160320K, reserved 1245184K
  class space    used 19823K, committed 20288K, reserved 1048576K
}
Event: 189.538 GC heap after
{Heap after GC invocations=102 (full 0):
 garbage-first heap   total 1482752K, used 297874K [0x0000000600000000, 0x0000000800000000)
  region size 4096K, 15 young (61440K), 15 survivors (61440K)
 Metaspace       used 159361K, committed 160320K, reserved 1245184K
  class space    used 19823K, committed 20288K, reserved 1048576K
}
Event: 190.746 GC heap before
{Heap before GC invocations=102 (full 0):
 garbage-first heap   total 1482752K, used 1121170K [0x0000000600000000, 0x0000000800000000)
  region size 4096K, 217 young (888832K), 15 survivors (61440K)
 Metaspace       used 159363K, committed 160320K, reserved 1245184K
  class space    used 19824K, committed 20288K, reserved 1048576K
}
Event: 190.774 GC heap after
{Heap after GC invocations=103 (full 0):
 garbage-first heap   total 1482752K, used 290738K [0x0000000600000000, 0x0000000800000000)
  region size 4096K, 14 young (57344K), 14 survivors (57344K)
 Metaspace       used 159363K, committed 160320K, reserved 1245184K
  class space    used 19824K, committed 20288K, reserved 1048576K
}
Event: 194.015 GC heap before
{Heap before GC invocations=103 (full 0):
 garbage-first heap   total 1482752K, used 1122226K [0x0000000600000000, 0x0000000800000000)
  region size 4096K, 217 young (888832K), 14 survivors (57344K)
 Metaspace       used 159388K, committed 160320K, reserved 1245184K
  class space    used 19824K, committed 20288K, reserved 1048576K
}
Event: 194.042 GC heap after
{Heap after GC invocations=104 (full 0):
 garbage-first heap   total 1482752K, used 285496K [0x0000000600000000, 0x0000000800000000)
  region size 4096K, 12 young (49152K), 12 survivors (49152K)
 Metaspace       used 159388K, committed 160320K, reserved 1245184K
  class space    used 19824K, committed 20288K, reserved 1048576K
}
Event: 196.578 GC heap before
{Heap before GC invocations=104 (full 0):
 garbage-first heap   total 1482752K, used 1125176K [0x0000000600000000, 0x0000000800000000)
  region size 4096K, 217 young (888832K), 12 survivors (49152K)
 Metaspace       used 159555K, committed 160576K, reserved 1245184K
  class space    used 19843K, committed 20352K, reserved 1048576K
}
Event: 196.607 GC heap after
{Heap after GC invocations=105 (full 0):
 garbage-first heap   total 1482752K, used 289191K [0x0000000600000000, 0x0000000800000000)
  region size 4096K, 13 young (53248K), 13 survivors (53248K)
 Metaspace       used 159555K, committed 160576K, reserved 1245184K
  class space    used 19843K, committed 20352K, reserved 1048576K
}
Event: 203.944 GC heap before
{Heap before GC invocations=105 (full 0):
 garbage-first heap   total 1482752K, used 1132967K [0x0000000600000000, 0x0000000800000000)
  region size 4096K, 217 young (888832K), 13 survivors (53248K)
 Metaspace       used 163033K, committed 164032K, reserved 1245184K
  class space    used 20146K, committed 20608K, reserved 1048576K
}
Event: 203.987 GC heap after
{Heap after GC invocations=106 (full 0):
 garbage-first heap   total 1482752K, used 297874K [0x0000000600000000, 0x0000000800000000)
  region size 4096K, 15 young (61440K), 15 survivors (61440K)
 Metaspace       used 163033K, committed 164032K, reserved 1245184K
  class space    used 20146K, committed 20608K, reserved 1048576K
}
Event: 204.815 GC heap before
{Heap before GC invocations=106 (full 0):
 garbage-first heap   total 1482752K, used 1125266K [0x0000000600000000, 0x0000000800000000)
  region size 4096K, 217 young (888832K), 15 survivors (61440K)
 Metaspace       used 163034K, committed 164032K, reserved 1245184K
  class space    used 20146K, committed 20608K, reserved 1048576K
}
Event: 205.023 GC heap after
{Heap after GC invocations=107 (full 0):
 garbage-first heap   total 1482752K, used 305651K [0x0000000600000000, 0x0000000800000000)
  region size 4096K, 12 young (49152K), 12 survivors (49152K)
 Metaspace       used 163034K, committed 164032K, reserved 1245184K
  class space    used 20146K, committed 20608K, reserved 1048576K
}
Event: 206.480 GC heap before
{Heap before GC invocations=107 (full 0):
 garbage-first heap   total 1482752K, used 1145331K [0x0000000600000000, 0x0000000800000000)
  region size 4096K, 217 young (888832K), 12 survivors (49152K)
 Metaspace       used 163036K, committed 164032K, reserved 1245184K
  class space    used 20147K, committed 20608K, reserved 1048576K
}

Dll operation events (16 events):
Event: 0.052 Loaded shared library C:\Users\Dr kocher\AppData\Local\Programs\Eclipse Adoptium\jdk-17.0.20.101-hotspot\bin\java.dll
Event: 0.069 Loaded shared library C:\Users\Dr kocher\AppData\Local\Programs\Eclipse Adoptium\jdk-17.0.20.101-hotspot\bin\jsvml.dll
Event: 0.121 Loaded shared library C:\Users\Dr kocher\AppData\Local\Programs\Eclipse Adoptium\jdk-17.0.20.101-hotspot\bin\zip.dll
Event: 0.124 Loaded shared library C:\Users\Dr kocher\AppData\Local\Programs\Eclipse Adoptium\jdk-17.0.20.101-hotspot\bin\instrument.dll
Event: 0.131 Loaded shared library C:\Users\Dr kocher\AppData\Local\Programs\Eclipse Adoptium\jdk-17.0.20.101-hotspot\bin\net.dll
Event: 0.133 Loaded shared library C:\Users\Dr kocher\AppData\Local\Programs\Eclipse Adoptium\jdk-17.0.20.101-hotspot\bin\nio.dll
Event: 0.134 Loaded shared library C:\Users\Dr kocher\AppData\Local\Programs\Eclipse Adoptium\jdk-17.0.20.101-hotspot\bin\zip.dll
Event: 0.378 Loaded shared library C:\Users\Dr kocher\AppData\Local\Programs\Eclipse Adoptium\jdk-17.0.20.101-hotspot\bin\jimage.dll
Event: 0.540 Loaded shared library C:\Users\Dr kocher\AppData\Local\Programs\Eclipse Adoptium\jdk-17.0.20.101-hotspot\bin\verify.dll
Event: 0.561 Loaded shared library C:\Users\Dr kocher\.gradle\native\660c5614fbf4a5f2a75b1949f50a0caf5cd603558e7d8a26e50b933a0cfb79d1\windows-amd64\native-platform.dll
Event: 0.669 Loaded shared library C:\Users\Dr kocher\.gradle\native\0.2.8\x86_64-windows-gnu\gradle-fileevents.dll
Event: 11.380 Loaded shared library C:\Users\Dr kocher\AppData\Local\Programs\Eclipse Adoptium\jdk-17.0.20.101-hotspot\bin\management.dll
Event: 11.382 Loaded shared library C:\Users\Dr kocher\AppData\Local\Programs\Eclipse Adoptium\jdk-17.0.20.101-hotspot\bin\management_ext.dll
Event: 11.532 Loaded shared library C:\Users\Dr kocher\AppData\Local\Programs\Eclipse Adoptium\jdk-17.0.20.101-hotspot\bin\extnet.dll
Event: 11.851 Loaded shared library C:\Users\Dr kocher\AppData\Local\Programs\Eclipse Adoptium\jdk-17.0.20.101-hotspot\bin\sunmscapi.dll
Event: 137.340 Loaded shared library C:\Users\Dr kocher\AppData\Local\Programs\Eclipse Adoptium\jdk-17.0.20.101-hotspot\bin\rmi.dll

Deoptimization events (20 events):
Event: 204.748 Thread 0x0000025a0f01d850 Uncommon trap: trap_request=0xffffff45 fr.pc=0x00000259a43adbbc relative=0x00000000000024bc
Event: 204.748 Thread 0x0000025a0f01d850 Uncommon trap: reason=unstable_if action=reinterpret pc=0x00000259a43adbbc method=java.util.zip.ZipFile$Source.getEntryPos(Ljava/lang/String;Z)I @ 113 c2
Event: 204.748 Thread 0x0000025a0f01d850 DEOPT PACKING pc=0x00000259a43adbbc sp=0x000000c592ff8490
Event: 204.749 Thread 0x0000025a0f01d850 DEOPT UNPACKING pc=0x00000259a37c69a3 sp=0x000000c592ff8348 mode 2
Event: 204.787 Thread 0x0000025a0f01d850 Uncommon trap: trap_request=0xffffffde fr.pc=0x00000259a434d988 relative=0x0000000000002188
Event: 204.787 Thread 0x0000025a0f01d850 Uncommon trap: reason=class_check action=maybe_recompile pc=0x00000259a434d988 method=org.jetbrains.org.objectweb.asm.tree.AnnotationNode.visit(Ljava/lang/String;Ljava/lang/Object;)V @ 174 c2
Event: 204.787 Thread 0x0000025a0f01d850 DEOPT PACKING pc=0x00000259a434d988 sp=0x000000c592ff7f90
Event: 204.788 Thread 0x0000025a0f01d850 DEOPT UNPACKING pc=0x00000259a37c69a3 sp=0x000000c592ff7f90 mode 2
Event: 205.211 Thread 0x0000025a0f01d850 DEOPT PACKING pc=0x0000025995731bf0 sp=0x000000c592ff86d0
Event: 205.211 Thread 0x0000025a0f01d850 DEOPT UNPACKING pc=0x00000259a37c7143 sp=0x000000c592ff7c30 mode 0
Event: 205.439 Thread 0x0000025a0f01d850 DEOPT PACKING pc=0x0000025993b8f314 sp=0x000000c592ff85a0
Event: 205.439 Thread 0x0000025a0f01d850 DEOPT UNPACKING pc=0x00000259a37c7143 sp=0x000000c592ff7a10 mode 0
Event: 205.472 Thread 0x0000025a0f01d850 Uncommon trap: trap_request=0xffffffc6 fr.pc=0x00000259a521ad70 relative=0x0000000000006730
Event: 205.472 Thread 0x0000025a0f01d850 Uncommon trap: reason=bimorphic_or_optimized_type_check action=maybe_recompile pc=0x00000259a521ad70 method=org.jetbrains.kotlin.incremental.classpathDiff.ClasspathEntrySnapshotter.snapshot(Ljava/io/File;Lorg/jetbrains/kotlin/incremental/classpathDiff/Cla
Event: 205.472 Thread 0x0000025a0f01d850 DEOPT PACKING pc=0x00000259a521ad70 sp=0x000000c592ff87a0
Event: 205.472 Thread 0x0000025a0f01d850 DEOPT UNPACKING pc=0x00000259a37c69a3 sp=0x000000c592ff8738 mode 2
Event: 205.525 Thread 0x0000025a0f01d850 DEOPT PACKING pc=0x0000025993b8f2f3 sp=0x000000c592ff85a0
Event: 205.525 Thread 0x0000025a0f01d850 DEOPT UNPACKING pc=0x00000259a37c7143 sp=0x000000c592ff7a10 mode 0
Event: 206.096 Thread 0x0000025a0f01d850 DEOPT PACKING pc=0x00000259945c94b2 sp=0x000000c592ff79d0
Event: 206.103 Thread 0x0000025a0f01d850 DEOPT UNPACKING pc=0x00000259a37c7143 sp=0x000000c592ff70e0 mode 0

Classes loaded (20 events):
Event: 137.471 Loading class sun/rmi/transport/DGCImpl$1
Event: 137.471 Loading class sun/rmi/transport/DGCImpl$1 done
Event: 137.471 Loading class sun/rmi/transport/SequenceEntry
Event: 137.471 Loading class sun/rmi/transport/SequenceEntry done
Event: 154.981 Loading class java/nio/file/Files$2
Event: 154.981 Loading class java/nio/file/Files$2 done
Event: 155.046 Loading class sun/net/ProgressMonitor
Event: 155.047 Loading class sun/net/ProgressMonitor done
Event: 155.047 Loading class sun/net/DefaultProgressMeteringPolicy
Event: 155.047 Loading class sun/net/ProgressMeteringPolicy
Event: 155.047 Loading class sun/net/ProgressMeteringPolicy done
Event: 155.047 Loading class sun/net/DefaultProgressMeteringPolicy done
Event: 155.078 Loading class java/util/concurrent/ConcurrentLinkedQueue$Itr
Event: 155.079 Loading class java/util/concurrent/ConcurrentLinkedQueue$Itr done
Event: 162.393 Loading class com/sun/org/apache/xerces/internal/util/EncodingMap
Event: 162.396 Loading class com/sun/org/apache/xerces/internal/util/EncodingMap done
Event: 162.426 Loading class sun/nio/cs/ISO_8859_1$Decoder
Event: 162.426 Loading class sun/nio/cs/ISO_8859_1$Decoder done
Event: 174.250 Loading class sun/rmi/transport/DGCClient$EndpointEntry$CleanRequest
Event: 174.250 Loading class sun/rmi/transport/DGCClient$EndpointEntry$CleanRequest done

Classes unloaded (0 events):
No events

Classes redefined (0 events):
No events

Internal exceptions (20 events):
Event: 195.427 Thread 0x0000025a0f01d850 Exception <a 'sun/nio/fs/WindowsException'{0x000000063a9009c0}> (0x000000063a9009c0) 
thrown [s\src\hotspot\share\prims\jni.cpp, line 516]
Event: 195.449 Thread 0x0000025a0f01d850 Exception <a 'sun/nio/fs/WindowsException'{0x000000063a7d2680}> (0x000000063a7d2680) 
thrown [s\src\hotspot\share\prims\jni.cpp, line 516]
Event: 198.186 Thread 0x0000025a0f01d850 Exception <a 'sun/nio/fs/WindowsException'{0x00000006336a8c98}> (0x00000006336a8c98) 
thrown [s\src\hotspot\share\prims\jni.cpp, line 516]
Event: 198.250 Thread 0x0000025a0f01d850 Exception <a 'sun/nio/fs/WindowsException'{0x00000006336d3df0}> (0x00000006336d3df0) 
thrown [s\src\hotspot\share\prims\jni.cpp, line 516]
Event: 198.250 Thread 0x0000025a0f01d850 Exception <a 'sun/nio/fs/WindowsException'{0x00000006336d5f40}> (0x00000006336d5f40) 
thrown [s\src\hotspot\share\prims\jni.cpp, line 516]
Event: 198.494 Thread 0x0000025a0f01d850 Exception <a 'java/lang/NoSuchMethodError'{0x00000006331abc88}: 'void java.lang.invoke.DirectMethodHandle$Holder.invokeSpecial(java.lang.Object, java.lang.Object, int, int)'> (0x00000006331abc88) 
thrown [s\src\hotspot\share\interpreter\linkResolver.cpp, line 759]
Event: 199.973 Thread 0x0000025a0f01d850 Exception <a 'java/lang/NoSuchMethodError'{0x000000062ce3f848}: 'java.lang.Object java.lang.invoke.DirectMethodHandle$Holder.invokeStatic(java.lang.Object, int, java.lang.Object, java.lang.Object, java.lang.Object, java.lang.Object, java.lang.Object)'> (0x000000062ce3f848) 
thrown [s\src\hotspot\share\interpreter\linkResolver.cpp, line 759]
Event: 199.975 Thread 0x0000025a0f01d850 Exception <a 'java/lang/NoSuchMethodError'{0x000000062ce4ad30}: 'java.lang.Object java.lang.invoke.DirectMethodHandle$Holder.newInvokeSpecial(java.lang.Object, int, java.lang.Object, java.lang.Object, java.lang.Object)'> (0x000000062ce4ad30) 
thrown [s\src\hotspot\share\interpreter\linkResolver.cpp, line 759]
Event: 199.976 Thread 0x0000025a0f01d850 Exception <a 'java/lang/NoSuchMethodError'{0x000000062ce50f08}: 'java.lang.Object java.lang.invoke.DirectMethodHandle$Holder.invokeSpecial(java.lang.Object, java.lang.Object, int, java.lang.Object, java.lang.Object, java.lang.Object)'> (0x000000062ce50f08) 
thrown [s\src\hotspot\share\interpreter\linkResolver.cpp, line 759]
Event: 200.322 Thread 0x0000025a0f01d850 Exception <a 'java/lang/NoSuchMethodError'{0x000000062b432a00}: 'java.lang.Object java.lang.invoke.DirectMethodHandle$Holder.invokeStaticInit(java.lang.Object, int, int, java.lang.Object)'> (0x000000062b432a00) 
thrown [s\src\hotspot\share\interpreter\linkResolver.cpp, line 759]
Event: 201.345 Thread 0x0000025a0f01d850 Exception <a 'java/lang/NoSuchMethodError'{0x000000062a089238}: 'java.lang.Object java.lang.invoke.DirectMethodHandle$Holder.invokeStaticInit(java.lang.Object, java.lang.Object, int, java.lang.Object)'> (0x000000062a089238) 
thrown [s\src\hotspot\share\interpreter\linkResolver.cpp, line 759]
Event: 203.327 Thread 0x0000025a0f01d850 Exception <a 'sun/nio/fs/WindowsException'{0x00000006298eeb50}> (0x00000006298eeb50) 
thrown [s\src\hotspot\share\prims\jni.cpp, line 516]
Event: 203.328 Thread 0x0000025a0f01d850 Exception <a 'sun/nio/fs/WindowsException'{0x00000006298f0758}> (0x00000006298f0758) 
thrown [s\src\hotspot\share\prims\jni.cpp, line 516]
Event: 203.352 Thread 0x0000025a0f01d850 Exception <a 'sun/nio/fs/WindowsException'{0x00000006298f8ee8}> (0x00000006298f8ee8) 
thrown [s\src\hotspot\share\prims\jni.cpp, line 516]
Event: 203.367 Thread 0x0000025a0f01d850 Exception <a 'sun/nio/fs/WindowsException'{0x0000000629910cd8}> (0x0000000629910cd8) 
thrown [s\src\hotspot\share\prims\jni.cpp, line 516]
Event: 203.384 Thread 0x0000025a0f01d850 Exception <a 'sun/nio/fs/WindowsException'{0x0000000629919ca8}> (0x0000000629919ca8) 
thrown [s\src\hotspot\share\prims\jni.cpp, line 516]
Event: 203.396 Thread 0x0000025a0f01d850 Exception <a 'sun/nio/fs/WindowsException'{0x000000062991ff28}> (0x000000062991ff28) 
thrown [s\src\hotspot\share\prims\jni.cpp, line 516]
Event: 203.467 Thread 0x0000025a0f01d850 Exception <a 'sun/nio/fs/WindowsException'{0x000000062992dd98}> (0x000000062992dd98) 
thrown [s\src\hotspot\share\prims\jni.cpp, line 516]
Event: 203.542 Thread 0x0000025a0f01d850 Exception <a 'java/lang/NoSuchMethodError'{0x000000062953ced8}: 'java.lang.Object java.lang.invoke.Invokers$Holder.invokeExact_MT(java.lang.Object, java.lang.Object, java.lang.Object, int, java.lang.Object, java.lang.Object)'> (0x000000062953ced8) 
thrown [s\src\hotspot\share\interpreter\linkResolver.cpp, line 759]
Event: 203.709 Thread 0x0000025a0f01d850 Exception <a 'sun/nio/fs/WindowsException'{0x0000000628b91aa0}> (0x0000000628b91aa0) 
thrown [s\src\hotspot\share\prims\jni.cpp, line 516]

VM Operations (20 events):
Event: 200.624 Executing VM operation: ICBufferFull done
Event: 200.849 Executing VM operation: ICBufferFull
Event: 200.849 Executing VM operation: ICBufferFull done
Event: 201.609 Executing VM operation: ICBufferFull
Event: 201.610 Executing VM operation: ICBufferFull done
Event: 202.189 Executing VM operation: HandshakeAllThreads
Event: 202.189 Executing VM operation: HandshakeAllThreads done
Event: 202.955 Executing VM operation: HandshakeAllThreads
Event: 202.988 Executing VM operation: HandshakeAllThreads done
Event: 202.988 Executing VM operation: Cleanup
Event: 202.988 Executing VM operation: Cleanup done
Event: 203.525 Executing VM operation: ICBufferFull
Event: 203.525 Executing VM operation: ICBufferFull done
Event: 203.944 Executing VM operation: G1CollectForAllocation
Event: 203.987 Executing VM operation: G1CollectForAllocation done
Event: 204.815 Executing VM operation: G1CollectForAllocation
Event: 205.023 Executing VM operation: G1CollectForAllocation done
Event: 206.023 Executing VM operation: Cleanup
Event: 206.023 Executing VM operation: Cleanup done
Event: 206.480 Executing VM operation: G1CollectForAllocation

Memory protections (0 events):
No events

Nmethod flushes (20 events):
Event: 202.991 Thread 0x0000025a0f01f1a0 flushing  nmethod 0x00000259a40dcf10
Event: 202.993 Thread 0x0000025a0f01f1a0 flushing  nmethod 0x00000259a44a1b10
Event: 202.995 Thread 0x0000025a0f01f1a0 flushing  nmethod 0x00000259a4919f90
Event: 202.996 Thread 0x0000025a0f01f1a0 flushing  nmethod 0x00000259a4a0fb10
Event: 202.996 Thread 0x0000025a0f01f1a0 flushing  nmethod 0x00000259a4b27890
Event: 202.997 Thread 0x0000025a0f01f1a0 flushing  nmethod 0x00000259a4f45290
Event: 203.004 Thread 0x0000025a0f01f1a0 flushing  nmethod 0x0000025994250390
Event: 203.004 Thread 0x0000025a0f01f1a0 flushing  nmethod 0x00000259942fa990
Event: 203.004 Thread 0x0000025a0f01f1a0 flushing  nmethod 0x000002599439fe90
Event: 203.011 Thread 0x0000025a0f01f1a0 flushing  nmethod 0x0000025994f4a690
Event: 203.014 Thread 0x0000025a0f01f1a0 flushing  nmethod 0x00000259952e8310
Event: 203.015 Thread 0x0000025a0f01f1a0 flushing  nmethod 0x0000025995444b10
Event: 203.015 Thread 0x0000025a0f01f1a0 flushing  nmethod 0x000002599544f710
Event: 203.015 Thread 0x0000025a0f01f1a0 flushing  nmethod 0x0000025995495910
Event: 203.015 Thread 0x0000025a0f01f1a0 flushing  nmethod 0x00000259954aa610
Event: 203.020 Thread 0x0000025a0f01f1a0 flushing  nmethod 0x0000025995d4b410
Event: 203.025 Thread 0x0000025a0f01f1a0 flushing  nmethod 0x0000025996515310
Event: 203.025 Thread 0x0000025a0f01f1a0 flushing  nmethod 0x0000025996516e10
Event: 203.025 Thread 0x0000025a0f01f1a0 flushing  nmethod 0x0000025996517510
Event: 203.025 Thread 0x0000025a0f01f1a0 flushing  nmethod 0x0000025996518410

Events (20 events):
Event: 131.800 Thread 0x0000025a138ce220 Thread exited: 0x0000025a138ce220
Event: 137.249 Thread 0x0000025a13faeba0 Thread exited: 0x0000025a13faeba0
Event: 137.334 Thread 0x0000025a13fae690 Thread added: 0x0000025a13faeba0
Event: 137.339 Thread 0x0000025a13fae690 Thread added: 0x0000025a13fb46c0
Event: 137.341 Thread 0x0000025a13fae690 Thread added: 0x0000025a13fb6010
Event: 137.439 Thread 0x0000025a13fae690 Thread added: 0x0000025a13fb3790
Event: 137.439 Thread 0x0000025a13fae690 Thread added: 0x0000025a13fb55f0
Event: 137.467 Thread 0x0000025a13fb3790 Thread added: 0x0000025a13fb2860
Event: 155.412 Thread 0x0000025a0f012630 Thread added: 0x0000025a138cb250
Event: 155.540 Thread 0x0000025a138cb250 Thread exited: 0x0000025a138cb250
Event: 156.170 Thread 0x0000025a0f012630 Thread added: 0x0000025a138cb250
Event: 156.711 Thread 0x0000025a138cb250 Thread exited: 0x0000025a138cb250
Event: 157.294 Thread 0x0000025a0f012630 Thread added: 0x0000025a138cb250
Event: 157.568 Thread 0x0000025a138cb250 Thread exited: 0x0000025a138cb250
Event: 158.344 Thread 0x0000025a0f012630 Thread added: 0x0000025a138cb250
Event: 158.951 Thread 0x0000025a138cb250 Thread exited: 0x0000025a138cb250
Event: 162.665 Thread 0x0000025a0f012630 Thread added: 0x0000025a138cf760
Event: 163.038 Thread 0x0000025a138cf760 Thread exited: 0x0000025a138cf760
Event: 174.253 Thread 0x0000025a13fb46c0 Thread exited: 0x0000025a13fb46c0
Event: 203.819 Thread 0x0000025a0f01d850 Thread added: 0x0000025a13fb9cd0


Dynamic libraries:
0x00007ff741bf0000 - 0x00007ff741bfe000 	C:\Users\Dr kocher\AppData\Local\Programs\Eclipse Adoptium\jdk-17.0.20.101-hotspot\bin\java.exe
0x00007ff8d1000000 - 0x00007ff8d1266000 	C:\WINDOWS\SYSTEM32\ntdll.dll
0x00007ff8d0350000 - 0x00007ff8d0419000 	C:\WINDOWS\System32\KERNEL32.DLL
0x00007ff8ce7c0000 - 0x00007ff8cebbf000 	C:\WINDOWS\System32\KERNELBASE.dll
0x00007ff8ce210000 - 0x00007ff8ce35c000 	C:\WINDOWS\System32\ucrtbase.dll
0x00007ff8af9e0000 - 0x00007ff8af9f8000 	C:\Users\Dr kocher\AppData\Local\Programs\Eclipse Adoptium\jdk-17.0.20.101-hotspot\bin\jli.dll
0x00007ff8b01b0000 - 0x00007ff8b01ce000 	C:\Users\Dr kocher\AppData\Local\Programs\Eclipse Adoptium\jdk-17.0.20.101-hotspot\bin\VCRUNTIME140.dll
0x00007ff8d0640000 - 0x00007ff8d0806000 	C:\WINDOWS\System32\USER32.dll
0x00007ff8ced00000 - 0x00007ff8ced27000 	C:\WINDOWS\System32\win32u.dll
0x00007ff8b6020000 - 0x00007ff8b62b1000 	C:\WINDOWS\WinSxS\amd64_microsoft.windows.common-controls_6595b64144ccf1df_6.0.26100.8972_none_3e0da176e32f9d4b\COMCTL32.dll
0x00007ff8cf6b0000 - 0x00007ff8cf759000 	C:\WINDOWS\System32\msvcrt.dll
0x00007ff8d0600000 - 0x00007ff8d062b000 	C:\WINDOWS\System32\GDI32.dll
0x00007ff8cebd0000 - 0x00007ff8cecf9000 	C:\WINDOWS\System32\gdi32full.dll
0x00007ff8ce710000 - 0x00007ff8ce7b3000 	C:\WINDOWS\System32\msvcp_win.dll
0x00007ff8d0f10000 - 0x00007ff8d0f42000 	C:\WINDOWS\System32\IMM32.DLL
0x00007ff8c1790000 - 0x00007ff8c179c000 	C:\Users\Dr kocher\AppData\Local\Programs\Eclipse Adoptium\jdk-17.0.20.101-hotspot\bin\vcruntime140_1.dll
0x00007ff885c00000 - 0x00007ff885c8d000 	C:\Users\Dr kocher\AppData\Local\Programs\Eclipse Adoptium\jdk-17.0.20.101-hotspot\bin\msvcp140.dll
0x00007ff81e670000 - 0x00007ff81f2dc000 	C:\Users\Dr kocher\AppData\Local\Programs\Eclipse Adoptium\jdk-17.0.20.101-hotspot\bin\server\jvm.dll
0x00007ff8d0c60000 - 0x00007ff8d0d1c000 	C:\WINDOWS\System32\ADVAPI32.dll
0x00007ff8cfef0000 - 0x00007ff8cff99000 	C:\WINDOWS\System32\sechost.dll
0x00007ff8d0df0000 - 0x00007ff8d0f08000 	C:\WINDOWS\System32\RPCRT4.dll
0x00007ff8ced30000 - 0x00007ff8cedb2000 	C:\WINDOWS\System32\WS2_32.dll
0x00007ff8ce070000 - 0x00007ff8ce0ce000 	C:\WINDOWS\SYSTEM32\POWRPROF.dll
0x00007ff8c7c70000 - 0x00007ff8c7c7b000 	C:\WINDOWS\SYSTEM32\VERSION.dll
0x00007ff8c1b30000 - 0x00007ff8c1b66000 	C:\WINDOWS\SYSTEM32\WINMM.dll
0x00007ff8ce050000 - 0x00007ff8ce065000 	C:\WINDOWS\SYSTEM32\UMPDC.dll
0x00007ff8ccf00000 - 0x00007ff8ccf1b000 	C:\WINDOWS\SYSTEM32\kernel.appcore.dll
0x00007ff8af7a0000 - 0x00007ff8af7aa000 	C:\Users\Dr kocher\AppData\Local\Programs\Eclipse Adoptium\jdk-17.0.20.101-hotspot\bin\jimage.dll
0x00007ff8b77b0000 - 0x00007ff8b79f2000 	C:\WINDOWS\SYSTEM32\DBGHELP.DLL
0x00007ff8cee60000 - 0x00007ff8cf1e5000 	C:\WINDOWS\System32\combase.dll
0x00007ff8d0110000 - 0x00007ff8d01e9000 	C:\WINDOWS\System32\OLEAUT32.dll
0x00007ff8a2c50000 - 0x00007ff8a2c8b000 	C:\WINDOWS\SYSTEM32\dbgcore.DLL
0x00007ff8ce430000 - 0x00007ff8ce4dc000 	C:\WINDOWS\System32\bcryptPrimitives.dll
0x00007ff8a1a20000 - 0x00007ff8a1a2e000 	C:\Users\Dr kocher\AppData\Local\Programs\Eclipse Adoptium\jdk-17.0.20.101-hotspot\bin\instrument.dll
0x00007ff885d30000 - 0x00007ff885d55000 	C:\Users\Dr kocher\AppData\Local\Programs\Eclipse Adoptium\jdk-17.0.20.101-hotspot\bin\java.dll
0x00007ff8286c0000 - 0x00007ff828797000 	C:\Users\Dr kocher\AppData\Local\Programs\Eclipse Adoptium\jdk-17.0.20.101-hotspot\bin\jsvml.dll
0x00007ff8cf760000 - 0x00007ff8cfee8000 	C:\WINDOWS\System32\SHELL32.dll
0x00007ff8cbd00000 - 0x00007ff8cc59b000 	C:\WINDOWS\SYSTEM32\windows.storage.dll
0x00007ff8d0250000 - 0x00007ff8d0349000 	C:\WINDOWS\System32\SHCORE.dll
0x00007ff8cede0000 - 0x00007ff8cee46000 	C:\WINDOWS\System32\shlwapi.dll
0x00007ff8ce130000 - 0x00007ff8ce159000 	C:\WINDOWS\SYSTEM32\profapi.dll
0x00007ff885cf0000 - 0x00007ff885d08000 	C:\Users\Dr kocher\AppData\Local\Programs\Eclipse Adoptium\jdk-17.0.20.101-hotspot\bin\zip.dll
0x00007ff8a2f00000 - 0x00007ff8a2f1a000 	C:\Users\Dr kocher\AppData\Local\Programs\Eclipse Adoptium\jdk-17.0.20.101-hotspot\bin\net.dll
0x00007ff8c74e0000 - 0x00007ff8c7607000 	C:\WINDOWS\SYSTEM32\WINHTTP.dll
0x00007ff8cd4b0000 - 0x00007ff8cd51c000 	C:\WINDOWS\system32\mswsock.dll
0x00007ff885d10000 - 0x00007ff885d26000 	C:\Users\Dr kocher\AppData\Local\Programs\Eclipse Adoptium\jdk-17.0.20.101-hotspot\bin\nio.dll
0x00007ff8af670000 - 0x00007ff8af680000 	C:\Users\Dr kocher\AppData\Local\Programs\Eclipse Adoptium\jdk-17.0.20.101-hotspot\bin\verify.dll
0x00007ff84b3f0000 - 0x00007ff84b417000 	C:\Users\Dr kocher\.gradle\native\660c5614fbf4a5f2a75b1949f50a0caf5cd603558e7d8a26e50b933a0cfb79d1\windows-amd64\native-platform.dll
0x00007ff8448c0000 - 0x00007ff844937000 	C:\Users\Dr kocher\.gradle\native\0.2.8\x86_64-windows-gnu\gradle-fileevents.dll
0x00007ff8b0460000 - 0x00007ff8b046a000 	C:\Users\Dr kocher\AppData\Local\Programs\Eclipse Adoptium\jdk-17.0.20.101-hotspot\bin\management.dll
0x00007ff8b0450000 - 0x00007ff8b045c000 	C:\Users\Dr kocher\AppData\Local\Programs\Eclipse Adoptium\jdk-17.0.20.101-hotspot\bin\management_ext.dll
0x00007ff8cee50000 - 0x00007ff8cee58000 	C:\WINDOWS\System32\PSAPI.DLL
0x00007ff8cc8d0000 - 0x00007ff8cc903000 	C:\WINDOWS\SYSTEM32\IPHLPAPI.DLL
0x00007ff8d0630000 - 0x00007ff8d063a000 	C:\WINDOWS\System32\NSI.dll
0x00007ff8c7c20000 - 0x00007ff8c7c3d000 	C:\WINDOWS\SYSTEM32\dhcpcsvc6.DLL
0x00007ff8c7740000 - 0x00007ff8c7765000 	C:\WINDOWS\SYSTEM32\dhcpcsvc.DLL
0x00007ff8cc9c0000 - 0x00007ff8ccb18000 	C:\WINDOWS\SYSTEM32\DNSAPI.dll
0x00007ff8cd2b0000 - 0x00007ff8cd2bd000 	C:\WINDOWS\SYSTEM32\DSPARSE.dll
0x00007ff8a4260000 - 0x00007ff8a4269000 	C:\Users\Dr kocher\AppData\Local\Programs\Eclipse Adoptium\jdk-17.0.20.101-hotspot\bin\extnet.dll
0x00007ff8cd7a0000 - 0x00007ff8cd7bb000 	C:\WINDOWS\SYSTEM32\CRYPTSP.dll
0x00007ff8cce60000 - 0x00007ff8cce99000 	C:\WINDOWS\system32\rsaenh.dll
0x00007ff8cd560000 - 0x00007ff8cd592000 	C:\WINDOWS\SYSTEM32\USERENV.dll
0x00007ff8ce100000 - 0x00007ff8ce12a000 	C:\WINDOWS\SYSTEM32\bcrypt.dll
0x00007ff8cd7c0000 - 0x00007ff8cd7cc000 	C:\WINDOWS\SYSTEM32\CRYPTBASE.dll
0x00007ff8aeb50000 - 0x00007ff8aeb5e000 	C:\Users\Dr kocher\AppData\Local\Programs\Eclipse Adoptium\jdk-17.0.20.101-hotspot\bin\sunmscapi.dll
0x00007ff8ce580000 - 0x00007ff8ce6fe000 	C:\WINDOWS\System32\CRYPT32.dll
0x00007ff8cda50000 - 0x00007ff8cda80000 	C:\WINDOWS\SYSTEM32\ncrypt.dll
0x00007ff8cda00000 - 0x00007ff8cda3f000 	C:\WINDOWS\SYSTEM32\NTASN1.dll
0x00007ff8982a0000 - 0x00007ff8982a8000 	C:\WINDOWS\system32\wshunix.dll
0x00007ff8c7730000 - 0x00007ff8c773b000 	C:\Windows\System32\rasadhlp.dll
0x00007ff8c71c0000 - 0x00007ff8c7246000 	C:\WINDOWS\System32\fwpuclnt.dll
0x00007ff8a0ce0000 - 0x00007ff8a0ce7000 	C:\Users\Dr kocher\AppData\Local\Programs\Eclipse Adoptium\jdk-17.0.20.101-hotspot\bin\rmi.dll
0x00007ff8cd030000 - 0x00007ff8cd066000 	C:\WINDOWS\SYSTEM32\ntmarta.dll

dbghelp: loaded successfully - version: 4.0.5 - missing functions: none
symbol engine: initialized successfully - sym options: 0x614 - pdb path: .;C:\Users\Dr kocher\AppData\Local\Programs\Eclipse Adoptium\jdk-17.0.20.101-hotspot\bin;C:\WINDOWS\SYSTEM32;C:\WINDOWS\WinSxS\amd64_microsoft.windows.common-controls_6595b64144ccf1df_6.0.26100.8972_none_3e0da176e32f9d4b;C:\Users\Dr kocher\AppData\Local\Programs\Eclipse Adoptium\jdk-17.0.20.101-hotspot\bin\server;C:\Users\Dr kocher\.gradle\native\660c5614fbf4a5f2a75b1949f50a0caf5cd603558e7d8a26e50b933a0cfb79d1\windows-amd64;C:\Users\Dr kocher\.gradle\native\0.2.8\x86_64-windows-gnu

VM Arguments:
jvm_args: --add-opens=java.base/java.lang=ALL-UNNAMED --add-opens=java.base/java.lang.invoke=ALL-UNNAMED --add-opens=java.base/java.util=ALL-UNNAMED --add-opens=java.prefs/java.util.prefs=ALL-UNNAMED --add-exports=jdk.compiler/com.sun.tools.javac.api=ALL-UNNAMED --add-exports=jdk.compiler/com.sun.tools.javac.util=ALL-UNNAMED --add-opens=java.base/java.util=ALL-UNNAMED --add-opens=java.prefs/java.util.prefs=ALL-UNNAMED --add-opens=java.base/java.nio.charset=ALL-UNNAMED --add-opens=java.base/java.net=ALL-UNNAMED --add-opens=java.base/java.util.concurrent=ALL-UNNAMED --add-opens=java.base/java.util.concurrent.atomic=ALL-UNNAMED --add-opens=java.xml/javax.xml.namespace=ALL-UNNAMED --add-opens=java.base/java.time=ALL-UNNAMED -XX:MaxMetaspaceSize=4G -XX:ReservedCodeCacheSize=512m -XX:+HeapDumpOnOutOfMemoryError -Xmx8G -Dfile.encoding=windows-1256 -Duser.country=US -Duser.language=en -Duser.variant -javaagent:C:\Users\Dr kocher\.gradle\wrapper\dists\gradle-9.3.1-all\9ot9r568e8zfvvd4mn8rbu1j0\gradle-9.3.1\lib\agents\gradle-instrumentation-agent-9.3.1.jar 
java_command: org.gradle.launcher.daemon.bootstrap.GradleDaemon 9.3.1
java_class_path (initial): C:\Users\Dr kocher\.gradle\wrapper\dists\gradle-9.3.1-all\9ot9r568e8zfvvd4mn8rbu1j0\gradle-9.3.1\lib\gradle-daemon-main-9.3.1.jar
Launcher Type: SUN_STANDARD

[Global flags]
     intx CICompilerCount                          = 4                                         {product} {ergonomic}
     uint ConcGCThreads                            = 3                                         {product} {ergonomic}
     uint G1ConcRefinementThreads                  = 10                                        {product} {ergonomic}
   size_t G1HeapRegionSize                         = 4194304                                   {product} {ergonomic}
    uintx GCDrainStackTargetSize                   = 64                                        {product} {ergonomic}
     bool HeapDumpOnOutOfMemoryError               = true                                   {manageable} {command line}
   size_t InitialHeapSize                          = 134217728                                 {product} {ergonomic}
   size_t MarkStackSize                            = 4194304                                   {product} {ergonomic}
   size_t MaxHeapSize                              = 8589934592                                {product} {command line}
   size_t MaxMetaspaceSize                         = 4294967296                                {product} {command line}
   size_t MaxNewSize                               = 5150605312                                {product} {ergonomic}
   size_t MinHeapDeltaBytes                        = 4194304                                   {product} {ergonomic}
   size_t MinHeapSize                              = 8388608                                   {product} {ergonomic}
    uintx NonNMethodCodeHeapSize                   = 5839372                                {pd product} {ergonomic}
    uintx NonProfiledCodeHeapSize                  = 265515770                              {pd product} {ergonomic}
    uintx ProfiledCodeHeapSize                     = 265515770                              {pd product} {ergonomic}
    uintx ReservedCodeCacheSize                    = 536870912                              {pd product} {command line}
     bool SegmentedCodeCache                       = true                                      {product} {ergonomic}
   size_t SoftMaxHeapSize                          = 8589934592                             {manageable} {ergonomic}
   double SweeperThreshold                         = 0.234375                                  {product} {ergonomic}
     bool UseCompressedClassPointers               = true                           {product lp64_product} {ergonomic}
     bool UseCompressedOops                        = true                           {product lp64_product} {ergonomic}
     bool UseG1GC                                  = true                                      {product} {ergonomic}
     bool UseLargePagesIndividualAllocation        = false                                  {pd product} {ergonomic}

Logging:
Log output configuration:
 #0: stdout all=warning uptime,level,tags
 #1: stderr all=off uptime,level,tags

Environment Variables:
CLASSPATH=C:\Users\Dr kocher\Desktop\zewin_rx_scan\android\\gradle\wrapper\gradle-wrapper.jar
PATH=C:\Users\Dr kocher\AppData\Local\Programs\Eclipse Adoptium\jdk-17.0.20.101-hotspot\bin;C:\Python314\Scripts\;C:\Python314\;C:\WINDOWS\system32;C:\WINDOWS;C:\WINDOWS\System32\Wbem;C:\WINDOWS\System32\WindowsPowerShell\v1.0\;C:\WINDOWS\System32\OpenSSH\;C:\Program Files (x86)\ZeroTier\One\;C:\xampp\php;C:\ProgramData\ComposerSetup\bin;C:\ZKBioTime\Python37;C:\ZKBioTime\Python37\Scripts;C:\ZKBioTime\Python37\Library\bin;C:\ZKBioTime\zkeco_dlls;C:\ZKBioTime\pgsql\bin;C:\ZKBioTime\tools\wkhtmltox\bin;C:\Program Files\Git\cmd;C:\Program Files\nodejs\;C:\ProgramData\chocolatey\bin;C:\Users\Dr kocher\AppData\Local\Programs\Eclipse Adoptium\jdk-17.0.20.101-hotspot\bin;C:\Users\Dr kocher\AppData\Local\Microsoft\WindowsApps;C:\Users\Dr kocher\AppData\Roaming\Composer\vendor\bin;C:\Users\Dr kocher\AppData\Local\Programs\Microsoft VS Code\bin;C:\ProgramData\ComposerSetup\bin;C:\Users\Dr kocher\AppData\Roaming\npm;C:\Users\Dr kocher\AppData\Local\Programs\cursor\resources\app\bin;C:\Android\cmdline-tools\latest\bin;C:\Android\platform-tools;C:\flutter\bin;;C:\flutter\bin\mingit\cmd
USERNAME=Dr kocher
OS=Windows_NT
PROCESSOR_IDENTIFIER=AMD64 Family 25 Model 80 Stepping 0, AuthenticAMD
TMP=C:\Users\DRKOCH~1\AppData\Local\Temp
TEMP=C:\Users\DRKOCH~1\AppData\Local\Temp



Periodic native trim disabled


---------------  S Y S T E M  ---------------

OS:
 Windows 11 , 64 bit Build 26100 (10.0.26100.8972)
OS uptime: 7 days 22:51 hours

CPU: total 12 (initial active 12) (12 cores per cpu, 2 threads per core) family 25 model 80 stepping 0 microcode 0xa50000c, cx8, cmov, fxsr, ht, mmx, 3dnowpref, sse, sse2, sse3, ssse3, sse4a, sse4.1, sse4.2, popcnt, lzcnt, tsc, tscinvbit, avx, avx2, aes, erms, clmul, bmi1, bmi2, adx, sha, fma, vzeroupper, clflush, clflushopt
Processor Information for all 12 processors :
  Max Mhz: 3600, Current Mhz: 3600, Mhz Limit: 3600

Memory: 4k page, system-wide physical 8083M (325M free)
TotalPageFile size 32608M (AvailPageFile size 376M)
current process WorkingSet (physical memory assigned to process): 1370M, peak: 1515M
current process commit charge ("private bytes"): 1987M, peak: 3251M

vm_info: OpenJDK 64-Bit Server VM (17.0.20.1+1) for windows-amd64 JRE (17.0.20.1+1), built on Aug 18 2026 20:44:09 by "admin" with MS VC++ 17.12 (VS2022)

END.
