#
# There is insufficient memory for the Java Runtime Environment to continue.
# Native memory allocation (mmap) failed to map 390070272 bytes. Error detail: G1 virtual space
# Possible reasons:
#   The system is out of physical RAM or swap space
#   This process is running with CompressedOops enabled, and the Java Heap may be blocking the growth of the native heap
# Possible solutions:
#   Reduce memory load on the system
#   Increase physical memory or swap space
#   Check if swap backing store is full
#   Decrease Java heap size (-Xmx/-Xms)
#   Decrease number of Java threads
#   Decrease Java thread stack sizes (-Xss)
#   Set larger code cache with -XX:ReservedCodeCacheSize=
#   JVM is running with Unscaled Compressed Oops mode in which the Java heap is
#     placed in the first 4GB address space. The Java Heap base address is the
#     maximum limit for the native heap growth. Please use -XX:HeapBaseMinAddress
#     to set the Java Heap base and to place the Java Heap above 4GB virtual address.
# This output file may be truncated or incomplete.
#
#  Out of Memory Error (os_windows.cpp:3630), pid=21168, tid=37728
#
# JRE version: OpenJDK Runtime Environment Temurin-17.0.20.1+1 (17.0.20.1+1) (build 17.0.20.1+1)
# Java VM: OpenJDK 64-Bit Server VM Temurin-17.0.20.1+1 (17.0.20.1+1, mixed mode, sharing, tiered, compressed oops, compressed class ptrs, g1 gc, windows-amd64)
# No core dump will be written. Minidumps are not enabled by default on client versions of Windows
#

---------------  S U M M A R Y ------------

Command Line: --add-opens=java.base/java.lang=ALL-UNNAMED --add-opens=java.base/java.lang.invoke=ALL-UNNAMED --add-opens=java.base/java.util=ALL-UNNAMED --add-opens=java.prefs/java.util.prefs=ALL-UNNAMED --add-exports=jdk.compiler/com.sun.tools.javac.api=ALL-UNNAMED --add-exports=jdk.compiler/com.sun.tools.javac.util=ALL-UNNAMED --add-opens=java.base/java.util=ALL-UNNAMED --add-opens=java.prefs/java.util.prefs=ALL-UNNAMED --add-opens=java.base/java.nio.charset=ALL-UNNAMED --add-opens=java.base/java.net=ALL-UNNAMED --add-opens=java.base/java.util.concurrent=ALL-UNNAMED --add-opens=java.base/java.util.concurrent.atomic=ALL-UNNAMED --add-opens=java.xml/javax.xml.namespace=ALL-UNNAMED --add-opens=java.base/java.time=ALL-UNNAMED -XX:MaxMetaspaceSize=1G -Xmx2G -Dfile.encoding=windows-1256 -Duser.country=US -Duser.language=en -Duser.variant -javaagent:C:\Users\Dr kocher\.gradle\wrapper\dists\gradle-9.3.1-all\9ot9r568e8zfvvd4mn8rbu1j0\gradle-9.3.1\lib\agents\gradle-instrumentation-agent-9.3.1.jar org.gradle.launcher.daemon.bootstrap.GradleDaemon 9.3.1

Host: AMD Ryzen 5 5500                               , 12 cores, 7G,  Windows 11 , 64 bit Build 26100 (10.0.26100.8972)
Time: Thu Sep 17 15:48:01 2026 Arabic Standard Time elapsed time: 100.609925 seconds (0d 0h 1m 40s)

---------------  T H R E A D  ---------------

Current thread (0x000002b27fd1ccb0):  VMThread "VM Thread" [stack: 0x000000c6aa700000,0x000000c6aa800000] [id=37728]

Stack: [0x000000c6aa700000,0x000000c6aa800000]
Native frames: (J=compiled Java code, j=interpreted, Vv=VM code, C=native code)
V  [jvm.dll+0x684d39]
V  [jvm.dll+0x83a565]
V  [jvm.dll+0x83bfde]
V  [jvm.dll+0x83c663]
V  [jvm.dll+0x2490cf]
V  [jvm.dll+0x681af9]
V  [jvm.dll+0x6768ba]
V  [jvm.dll+0x309467]
V  [jvm.dll+0x310a56]
V  [jvm.dll+0x360f3e]
V  [jvm.dll+0x36117d]
V  [jvm.dll+0x2e04ec]
V  [jvm.dll+0x2de8c2]
V  [jvm.dll+0x2de05c]
V  [jvm.dll+0x320cab]
V  [jvm.dll+0x840e7d]
V  [jvm.dll+0x841bb3]
V  [jvm.dll+0x8420df]
V  [jvm.dll+0x8424c5]
V  [jvm.dll+0x84258e]
V  [jvm.dll+0x7eb17c]
V  [jvm.dll+0x683c07]
C  [ucrtbase.dll+0x2cd30]
C  [KERNEL32.DLL+0x2ccb7]
C  [ntdll.dll+0xaad6c]

VM_Operation (0x000000c6b3ef9630): G1CollectForAllocation, mode: safepoint, requested by thread 0x000002b25344baf0


---------------  P R O C E S S  ---------------

Threads class SMR info:
_java_thread_list=0x000002b256a8d670, length=196, elements={
0x000002b274c9d5b0, 0x000002b27fd20800, 0x000002b27fd23e50, 0x000002b27fd3dd80,
0x000002b27fd3e650, 0x000002b27fd3fa90, 0x000002b27fd40ed0, 0x000002b27fd54480,
0x000002b2157c0c00, 0x000002b2157c1120, 0x000002b27fd0b810, 0x000002b215a255d0,
0x000002b2506cfc10, 0x000002b2508f8650, 0x000002b2508c7440, 0x000002b2504dbb50,
0x000002b2504e68c0, 0x000002b250505180, 0x000002b24f1e3d90, 0x000002b24f1e2e60,
0x000002b24f1e1a20, 0x000002b24f1e2950, 0x000002b24f1e0af0, 0x000002b24f1e1000,
0x000002b24f1e1f30, 0x000002b24f1e2440, 0x000002b250d77170, 0x000002b250d7a410,
0x000002b250d78fd0, 0x000002b250d76c60, 0x000002b250d780a0, 0x000002b250d77b90,
0x000002b250d78ac0, 0x000002b250d799f0, 0x000002b250d77680, 0x000002b250d7e5e0,
0x000002b250d7dbc0, 0x000002b250d7d1a0, 0x000002b250d7c780, 0x000002b250d7e0d0,
0x000002b250d7b340, 0x000002b250d7b850, 0x000002b250d7d6b0, 0x000002b250d7bd60,
0x000002b250d7c270, 0x000002b250d7cc90, 0x000002b2521dec40, 0x000002b2521dcde0,
0x000002b2521e0080, 0x000002b2521df150, 0x000002b2521de220, 0x000002b2521e0590,
0x000002b2521dd2f0, 0x000002b2521df660, 0x000002b2521dd800, 0x000002b2521dfb70,
0x000002b2521de730, 0x000002b2521ddd10, 0x000002b25332ced0, 0x000002b25332d3e0,
0x000002b25332d8f0, 0x000002b25332a140, 0x000002b25332de00, 0x000002b25332ba90,
0x000002b25332c9c0, 0x000002b25332a650, 0x000002b25332bfa0, 0x000002b25332c4b0,
0x000002b25332ab60, 0x000002b25332f750, 0x000002b25332fc60, 0x000002b253330680,
0x000002b253331ac0, 0x000002b253330b90, 0x000002b2533310a0, 0x000002b2533315b0,
0x000002b24f1e05e0, 0x000002b24f1e3880, 0x000002b24f1e1510, 0x000002b255262540,
0x000002b255263980, 0x000002b255262030, 0x000002b255262a50, 0x000002b255262f60,
0x000002b2552601d0, 0x000002b255260bf0, 0x000002b255263470, 0x000002b255261100,
0x000002b255263e90, 0x000002b255261b20, 0x000002b255261610, 0x000002b2552606e0,
0x000002b255266c20, 0x000002b255264dc0, 0x000002b2552648b0, 0x000002b2552652d0,
0x000002b2552657e0, 0x000002b255266200, 0x000002b255266710, 0x000002b255265cf0,
0x000002b255267130, 0x000002b255267640, 0x000002b255267b50, 0x000002b2552643a0,
0x000002b2550ea180, 0x000002b2550e8830, 0x000002b2550e9250, 0x000002b2550ea690,
0x000002b2550ebad0, 0x000002b2550e9760, 0x000002b2550eb0b0, 0x000002b2550e9c70,
0x000002b2550eaba0, 0x000002b2550e8320, 0x000002b2550ebfe0, 0x000002b2550eb5c0,
0x000002b2550ec4f0, 0x000002b2550ee350, 0x000002b2550ef280, 0x000002b2550ef790,
0x000002b2550efca0, 0x000002b2550eca00, 0x000002b2550ede40, 0x000002b2550eed70,
0x000002b2550ecf10, 0x000002b2550ed420, 0x000002b2550ed930, 0x000002b2550ee860,
0x000002b25344e880, 0x000002b25344ca20, 0x000002b25344c000, 0x000002b25344de60,
0x000002b25344e370, 0x000002b25344ed90, 0x000002b25344f2a0, 0x000002b25344c510,
0x000002b25344cf30, 0x000002b25344baf0, 0x000002b25344d440, 0x000002b2516e6980,
0x000002b2516e5f60, 0x000002b2516e4100, 0x000002b2516e5540, 0x000002b2516e6470,
0x000002b2516e5030, 0x000002b2516e5a50, 0x000002b2516e6e90, 0x000002b2516e73a0,
0x000002b2516e78b0, 0x000002b2516e4b20, 0x000002b2516eba80, 0x000002b256acfe20,
0x000002b256acdab0, 0x000002b256acf910, 0x000002b256acdfc0, 0x000002b256ad0330,
0x000002b255153520, 0x000002b255150280, 0x000002b255150ca0, 0x000002b2551520e0,
0x000002b255150790, 0x000002b255153f40, 0x000002b2551516c0, 0x000002b255153a30,
0x000002b2551511b0, 0x000002b255151bd0, 0x000002b255154960, 0x000002b255154450,
0x000002b255154e70, 0x000002b255155da0, 0x000002b255155380, 0x000002b255155890,
0x000002b255152b00, 0x000002b255153010, 0x000002b2551571e0, 0x000002b255157c00,
0x000002b25154a260, 0x000002b251548400, 0x000002b25154a770, 0x000002b251547ef0,
0x000002b25154c0c0, 0x000002b25154df20, 0x000002b25154b190, 0x000002b2515479e0,
0x000002b25154da10, 0x000002b25154bbb0, 0x000002b25332f240, 0x000002b25344d950,
0x000002b2516eab50, 0x000002b2551576f0, 0x000002b256acf400, 0x000002b2553e3ea0,
0x000002b2553e3480, 0x000002b2553e6210, 0x000002b2538e6dd0, 0x000002b25d811050
}

Java Threads: ( => current thread )
  0x000002b274c9d5b0 JavaThread "main" [_thread_blocked, id=47496, stack(0x000000c6aa100000,0x000000c6aa200000)]
  0x000002b27fd20800 JavaThread "Reference Handler" daemon [_thread_blocked, id=16760, stack(0x000000c6aa800000,0x000000c6aa900000)]
  0x000002b27fd23e50 JavaThread "Finalizer" daemon [_thread_blocked, id=36852, stack(0x000000c6aa900000,0x000000c6aaa00000)]
  0x000002b27fd3dd80 JavaThread "Signal Dispatcher" daemon [_thread_blocked, id=5664, stack(0x000000c6aaa00000,0x000000c6aab00000)]
  0x000002b27fd3e650 JavaThread "Attach Listener" daemon [_thread_blocked, id=48756, stack(0x000000c6aab00000,0x000000c6aac00000)]
  0x000002b27fd3fa90 JavaThread "Service Thread" daemon [_thread_blocked, id=26284, stack(0x000000c6aac00000,0x000000c6aad00000)]
  0x000002b27fd40ed0 JavaThread "Monitor Deflation Thread" daemon [_thread_blocked, id=32252, stack(0x000000c6aad00000,0x000000c6aae00000)]
  0x000002b27fd54480 JavaThread "C2 CompilerThread0" daemon [_thread_blocked, id=40560, stack(0x000000c6aae00000,0x000000c6aaf00000)]
  0x000002b2157c0c00 JavaThread "C1 CompilerThread0" daemon [_thread_blocked, id=27328, stack(0x000000c6aaf00000,0x000000c6ab000000)]
  0x000002b2157c1120 JavaThread "Sweeper thread" daemon [_thread_blocked, id=33300, stack(0x000000c6ab000000,0x000000c6ab100000)]
  0x000002b27fd0b810 JavaThread "Common-Cleaner" daemon [_thread_blocked, id=28992, stack(0x000000c6ab100000,0x000000c6ab200000)]
  0x000002b215a255d0 JavaThread "Notification Thread" daemon [_thread_blocked, id=25740, stack(0x000000c6ab200000,0x000000c6ab300000)]
  0x000002b2506cfc10 JavaThread "Daemon health stats" [_thread_blocked, id=44244, stack(0x000000c6ab400000,0x000000c6ab500000)]
  0x000002b2508f8650 JavaThread "Incoming local TCP Connector on port 14899" [_thread_in_native, id=27316, stack(0x000000c6abd00000,0x000000c6abe00000)]
  0x000002b2508c7440 JavaThread "Daemon periodic checks" [_thread_blocked, id=44300, stack(0x000000c6abe00000,0x000000c6abf00000)]
  0x000002b2504dbb50 JavaThread "Daemon" [_thread_blocked, id=15068, stack(0x000000c6abf00000,0x000000c6ac000000)]
  0x000002b2504e68c0 JavaThread "Handler for socket connection from /127.0.0.1:14899 to /127.0.0.1:14900" [_thread_in_native, id=51084, stack(0x000000c6ac000000,0x000000c6ac100000)]
  0x000002b250505180 JavaThread "Cancel handler" [_thread_blocked, id=48028, stack(0x000000c6ac100000,0x000000c6ac200000)]
  0x000002b24f1e3d90 JavaThread "Daemon worker" [_thread_blocked, id=50036, stack(0x000000c6ac200000,0x000000c6ac300000)]
  0x000002b24f1e2e60 JavaThread "Asynchronous log dispatcher for DefaultDaemonConnection: socket connection from /127.0.0.1:14899 to /127.0.0.1:14900" [_thread_blocked, id=39848, stack(0x000000c6ac300000,0x000000c6ac400000)]
  0x000002b24f1e1a20 JavaThread "Stdin handler" [_thread_blocked, id=50460, stack(0x000000c6ac400000,0x000000c6ac500000)]
  0x000002b24f1e2950 JavaThread "Daemon client event forwarder" [_thread_blocked, id=49112, stack(0x000000c6ac500000,0x000000c6ac600000)]
  0x000002b24f1e0af0 JavaThread "Cache worker for journal cache (C:\Users\Dr kocher\.gradle\caches\journal-1)" [_thread_blocked, id=16380, stack(0x000000c6ac600000,0x000000c6ac700000)]
  0x000002b24f1e1000 JavaThread "File lock request listener" [_thread_in_native, id=50680, stack(0x000000c6ac700000,0x000000c6ac800000)]
  0x000002b24f1e1f30 JavaThread "Cache worker for file hash cache (C:\Users\Dr kocher\.gradle\caches\9.3.1\fileHashes)" [_thread_blocked, id=3132, stack(0x000000c6ac800000,0x000000c6ac900000)]
  0x000002b24f1e2440 JavaThread "Cache worker for file hash cache (C:\Users\Dr kocher\Desktop\zewin_rx_scan\android\.gradle\9.3.1\fileHashes)" [_thread_blocked, id=36960, stack(0x000000c6acc00000,0x000000c6acd00000)]
  0x000002b250d77170 JavaThread "Cache worker for Build Output Cleanup Cache (C:\Users\Dr kocher\Desktop\zewin_rx_scan\android\.gradle\buildOutputCleanup)" [_thread_blocked, id=37708, stack(0x000000c6acd00000,0x000000c6ace00000)]
  0x000002b250d7a410 JavaThread "File watcher server" daemon [_thread_in_native, id=29764, stack(0x000000c6ace00000,0x000000c6acf00000)]
  0x000002b250d78fd0 JavaThread "File watcher consumer" daemon [_thread_blocked, id=41076, stack(0x000000c6acf00000,0x000000c6ad000000)]
  0x000002b250d76c60 JavaThread "Cache worker for checksums cache (C:\Users\Dr kocher\Desktop\zewin_rx_scan\android\.gradle\9.3.1\checksums)" [_thread_blocked, id=37420, stack(0x000000c6ad000000,0x000000c6ad100000)]
  0x000002b250d780a0 JavaThread "Cache worker for file content cache (C:\Users\Dr kocher\.gradle\caches\9.3.1\fileContent)" [_thread_blocked, id=21780, stack(0x000000c6ad100000,0x000000c6ad200000)]
  0x000002b250d77b90 JavaThread "Cache worker for cache directory md-supplier (C:\Users\Dr kocher\.gradle\caches\9.3.1\md-supplier)" [_thread_blocked, id=49508, stack(0x000000c6ad200000,0x000000c6ad300000)]
  0x000002b250d78ac0 JavaThread "Cache worker for cache directory md-rule (C:\Users\Dr kocher\.gradle\caches\9.3.1\md-rule)" [_thread_blocked, id=19976, stack(0x000000c6ad300000,0x000000c6ad400000)]
  0x000002b250d799f0 JavaThread "Cache worker for Build Output Cleanup Cache (C:\flutter\packages\flutter_tools\gradle\.gradle\buildOutputCleanup)" [_thread_blocked, id=380, stack(0x000000c6ad500000,0x000000c6ad600000)]
  0x000002b250d77680 JavaThread "Unconstrained build operations" [_thread_blocked, id=36956, stack(0x000000c6ad400000,0x000000c6ad500000)]
  0x000002b250d7e5e0 JavaThread "Unconstrained build operations Thread 2" [_thread_blocked, id=38268, stack(0x000000c6ad600000,0x000000c6ad700000)]
  0x000002b250d7dbc0 JavaThread "Unconstrained build operations Thread 3" [_thread_blocked, id=36904, stack(0x000000c6ad700000,0x000000c6ad800000)]
  0x000002b250d7d1a0 JavaThread "Unconstrained build operations Thread 4" [_thread_blocked, id=36240, stack(0x000000c6ad800000,0x000000c6ad900000)]
  0x000002b250d7c780 JavaThread "Unconstrained build operations Thread 5" [_thread_blocked, id=25756, stack(0x000000c6ad900000,0x000000c6ada00000)]
  0x000002b250d7e0d0 JavaThread "Unconstrained build operations Thread 6" [_thread_blocked, id=25468, stack(0x000000c6ada00000,0x000000c6adb00000)]
  0x000002b250d7b340 JavaThread "Unconstrained build operations Thread 7" [_thread_blocked, id=38436, stack(0x000000c6adb00000,0x000000c6adc00000)]
  0x000002b250d7b850 JavaThread "Unconstrained build operations Thread 8" [_thread_blocked, id=30124, stack(0x000000c6adc00000,0x000000c6add00000)]
  0x000002b250d7d6b0 JavaThread "Unconstrained build operations Thread 9" [_thread_blocked, id=15684, stack(0x000000c6add00000,0x000000c6ade00000)]
  0x000002b250d7bd60 JavaThread "Unconstrained build operations Thread 10" [_thread_blocked, id=35524, stack(0x000000c6ade00000,0x000000c6adf00000)]
  0x000002b250d7c270 JavaThread "Unconstrained build operations Thread 11" [_thread_blocked, id=3376, stack(0x000000c6adf00000,0x000000c6ae000000)]
  0x000002b250d7cc90 JavaThread "Unconstrained build operations Thread 12" [_thread_blocked, id=21216, stack(0x000000c6ae100000,0x000000c6ae200000)]
  0x000002b2521dec40 JavaThread "Unconstrained build operations Thread 13" [_thread_blocked, id=49032, stack(0x000000c6ae200000,0x000000c6ae300000)]
  0x000002b2521dcde0 JavaThread "Unconstrained build operations Thread 14" [_thread_blocked, id=38276, stack(0x000000c6ae300000,0x000000c6ae400000)]
  0x000002b2521e0080 JavaThread "Unconstrained build operations Thread 15" [_thread_blocked, id=44436, stack(0x000000c6ae400000,0x000000c6ae500000)]
  0x000002b2521df150 JavaThread "Unconstrained build operations Thread 16" [_thread_blocked, id=21696, stack(0x000000c6ae500000,0x000000c6ae600000)]
  0x000002b2521de220 JavaThread "Unconstrained build operations Thread 17" [_thread_blocked, id=40256, stack(0x000000c6ae600000,0x000000c6ae700000)]
  0x000002b2521e0590 JavaThread "Unconstrained build operations Thread 18" [_thread_blocked, id=6120, stack(0x000000c6ae700000,0x000000c6ae800000)]
  0x000002b2521dd2f0 JavaThread "Unconstrained build operations Thread 19" [_thread_blocked, id=5024, stack(0x000000c6ae800000,0x000000c6ae900000)]
  0x000002b2521df660 JavaThread "Unconstrained build operations Thread 20" [_thread_blocked, id=48460, stack(0x000000c6ae900000,0x000000c6aea00000)]
  0x000002b2521dd800 JavaThread "Unconstrained build operations Thread 21" [_thread_blocked, id=36848, stack(0x000000c6aea00000,0x000000c6aeb00000)]
  0x000002b2521dfb70 JavaThread "Unconstrained build operations Thread 22" [_thread_blocked, id=21948, stack(0x000000c6aeb00000,0x000000c6aec00000)]
  0x000002b2521de730 JavaThread "Unconstrained build operations Thread 23" [_thread_blocked, id=38076, stack(0x000000c6ae000000,0x000000c6ae100000)]
  0x000002b2521ddd10 JavaThread "Unconstrained build operations Thread 24" [_thread_blocked, id=31644, stack(0x000000c6aec00000,0x000000c6aed00000)]
  0x000002b25332ced0 JavaThread "Unconstrained build operations Thread 25" [_thread_blocked, id=47672, stack(0x000000c6aed00000,0x000000c6aee00000)]
  0x000002b25332d3e0 JavaThread "Unconstrained build operations Thread 26" [_thread_blocked, id=16752, stack(0x000000c6aee00000,0x000000c6aef00000)]
  0x000002b25332d8f0 JavaThread "Unconstrained build operations Thread 27" [_thread_blocked, id=24028, stack(0x000000c6aef00000,0x000000c6af000000)]
  0x000002b25332a140 JavaThread "Unconstrained build operations Thread 28" [_thread_blocked, id=21380, stack(0x000000c6af000000,0x000000c6af100000)]
  0x000002b25332de00 JavaThread "Unconstrained build operations Thread 29" [_thread_blocked, id=40356, stack(0x000000c6af100000,0x000000c6af200000)]
  0x000002b25332ba90 JavaThread "Unconstrained build operations Thread 30" [_thread_blocked, id=31904, stack(0x000000c6af200000,0x000000c6af300000)]
  0x000002b25332c9c0 JavaThread "Unconstrained build operations Thread 31" [_thread_blocked, id=18656, stack(0x000000c6af300000,0x000000c6af400000)]
  0x000002b25332a650 JavaThread "Unconstrained build operations Thread 32" [_thread_blocked, id=37108, stack(0x000000c6af400000,0x000000c6af500000)]
  0x000002b25332bfa0 JavaThread "Unconstrained build operations Thread 33" [_thread_blocked, id=34020, stack(0x000000c6af500000,0x000000c6af600000)]
  0x000002b25332c4b0 JavaThread "Memory manager" [_thread_blocked, id=42384, stack(0x000000c6af600000,0x000000c6af700000)]
  0x000002b25332ab60 JavaThread "build event listener" [_thread_blocked, id=37584, stack(0x000000c6af700000,0x000000c6af800000)]
  0x000002b25332f750 JavaThread "included builds" [_thread_blocked, id=38080, stack(0x000000c6afa00000,0x000000c6afb00000)]
  0x000002b25332fc60 JavaThread "Execution worker" [_thread_blocked, id=51156, stack(0x000000c6afb00000,0x000000c6afc00000)]
  0x000002b253330680 JavaThread "Execution worker Thread 2" [_thread_blocked, id=16412, stack(0x000000c6afc00000,0x000000c6afd00000)]
  0x000002b253331ac0 JavaThread "Execution worker Thread 3" [_thread_blocked, id=41404, stack(0x000000c6afd00000,0x000000c6afe00000)]
  0x000002b253330b90 JavaThread "Execution worker Thread 4" [_thread_blocked, id=49796, stack(0x000000c6afe00000,0x000000c6aff00000)]
  0x000002b2533310a0 JavaThread "Execution worker Thread 5" [_thread_blocked, id=6436, stack(0x000000c6aff00000,0x000000c6b0000000)]
  0x000002b2533315b0 JavaThread "Execution worker Thread 6" [_thread_blocked, id=44788, stack(0x000000c6b0000000,0x000000c6b0100000)]
  0x000002b24f1e05e0 JavaThread "Execution worker Thread 7" [_thread_blocked, id=44832, stack(0x000000c6b0100000,0x000000c6b0200000)]
  0x000002b24f1e3880 JavaThread "Execution worker Thread 8" [_thread_blocked, id=17576, stack(0x000000c6b0200000,0x000000c6b0300000)]
  0x000002b24f1e1510 JavaThread "Execution worker Thread 9" [_thread_blocked, id=44376, stack(0x000000c6b0300000,0x000000c6b0400000)]
  0x000002b255262540 JavaThread "Execution worker Thread 10" [_thread_blocked, id=21524, stack(0x000000c6b0400000,0x000000c6b0500000)]
  0x000002b255263980 JavaThread "Execution worker Thread 11" [_thread_blocked, id=25688, stack(0x000000c6b0500000,0x000000c6b0600000)]
  0x000002b255262030 JavaThread "Cache worker for execution history cache (C:\flutter\packages\flutter_tools\gradle\.gradle\9.3.1\executionHistory)" [_thread_blocked, id=3940, stack(0x000000c6b0600000,0x000000c6b0700000)]
  0x000002b255262a50 JavaThread "Unconstrained build operations Thread 34" [_thread_blocked, id=30828, stack(0x000000c6b0700000,0x000000c6b0800000)]
  0x000002b255262f60 JavaThread "Unconstrained build operations Thread 35" [_thread_blocked, id=7924, stack(0x000000c6b0800000,0x000000c6b0900000)]
  0x000002b2552601d0 JavaThread "Unconstrained build operations Thread 36" [_thread_blocked, id=15436, stack(0x000000c6b0900000,0x000000c6b0a00000)]
  0x000002b255260bf0 JavaThread "Unconstrained build operations Thread 37" [_thread_blocked, id=38104, stack(0x000000c6b0a00000,0x000000c6b0b00000)]
  0x000002b255263470 JavaThread "Unconstrained build operations Thread 38" [_thread_blocked, id=31040, stack(0x000000c6b0b00000,0x000000c6b0c00000)]
  0x000002b255261100 JavaThread "Unconstrained build operations Thread 39" [_thread_blocked, id=19008, stack(0x000000c6b0c00000,0x000000c6b0d00000)]
  0x000002b255263e90 JavaThread "Unconstrained build operations Thread 40" [_thread_blocked, id=39464, stack(0x000000c6b0d00000,0x000000c6b0e00000)]
  0x000002b255261b20 JavaThread "Unconstrained build operations Thread 41" [_thread_blocked, id=37444, stack(0x000000c6b0e00000,0x000000c6b0f00000)]
  0x000002b255261610 JavaThread "Unconstrained build operations Thread 42" [_thread_blocked, id=43132, stack(0x000000c6b0f00000,0x000000c6b1000000)]
  0x000002b2552606e0 JavaThread "Unconstrained build operations Thread 43" [_thread_blocked, id=31728, stack(0x000000c6b1000000,0x000000c6b1100000)]
  0x000002b255266c20 JavaThread "Unconstrained build operations Thread 44" [_thread_blocked, id=6668, stack(0x000000c6b1100000,0x000000c6b1200000)]
  0x000002b255264dc0 JavaThread "Unconstrained build operations Thread 45" [_thread_blocked, id=35132, stack(0x000000c6b1200000,0x000000c6b1300000)]
  0x000002b2552648b0 JavaThread "Unconstrained build operations Thread 46" [_thread_blocked, id=43240, stack(0x000000c6b1300000,0x000000c6b1400000)]
  0x000002b2552652d0 JavaThread "Unconstrained build operations Thread 47" [_thread_blocked, id=30904, stack(0x000000c6b1400000,0x000000c6b1500000)]
  0x000002b2552657e0 JavaThread "Unconstrained build operations Thread 48" [_thread_blocked, id=50164, stack(0x000000c6b1500000,0x000000c6b1600000)]
  0x000002b255266200 JavaThread "Unconstrained build operations Thread 49" [_thread_blocked, id=34248, stack(0x000000c6b1600000,0x000000c6b1700000)]
  0x000002b255266710 JavaThread "Unconstrained build operations Thread 50" [_thread_blocked, id=27608, stack(0x000000c6b1700000,0x000000c6b1800000)]
  0x000002b255265cf0 JavaThread "Unconstrained build operations Thread 51" [_thread_blocked, id=49280, stack(0x000000c6b1800000,0x000000c6b1900000)]
  0x000002b255267130 JavaThread "Unconstrained build operations Thread 52" [_thread_blocked, id=35228, stack(0x000000c6b1900000,0x000000c6b1a00000)]
  0x000002b255267640 JavaThread "Unconstrained build operations Thread 53" [_thread_blocked, id=17824, stack(0x000000c6b1a00000,0x000000c6b1b00000)]
  0x000002b255267b50 JavaThread "Unconstrained build operations Thread 54" [_thread_blocked, id=50392, stack(0x000000c6b1b00000,0x000000c6b1c00000)]
  0x000002b2552643a0 JavaThread "Unconstrained build operations Thread 55" [_thread_blocked, id=25624, stack(0x000000c6b1c00000,0x000000c6b1d00000)]
  0x000002b2550ea180 JavaThread "Unconstrained build operations Thread 56" [_thread_blocked, id=17176, stack(0x000000c6b1d00000,0x000000c6b1e00000)]
  0x000002b2550e8830 JavaThread "Unconstrained build operations Thread 57" [_thread_blocked, id=27312, stack(0x000000c6b1e00000,0x000000c6b1f00000)]
  0x000002b2550e9250 JavaThread "Unconstrained build operations Thread 58" [_thread_blocked, id=49428, stack(0x000000c6b1f00000,0x000000c6b2000000)]
  0x000002b2550ea690 JavaThread "Unconstrained build operations Thread 59" [_thread_blocked, id=42736, stack(0x000000c6b2000000,0x000000c6b2100000)]
  0x000002b2550ebad0 JavaThread "Unconstrained build operations Thread 60" [_thread_blocked, id=18848, stack(0x000000c6b2100000,0x000000c6b2200000)]
  0x000002b2550e9760 JavaThread "Unconstrained build operations Thread 61" [_thread_blocked, id=31160, stack(0x000000c6b2200000,0x000000c6b2300000)]
  0x000002b2550eb0b0 JavaThread "Unconstrained build operations Thread 62" [_thread_blocked, id=36740, stack(0x000000c6b2300000,0x000000c6b2400000)]
  0x000002b2550e9c70 JavaThread "Unconstrained build operations Thread 63" [_thread_blocked, id=40388, stack(0x000000c6b2400000,0x000000c6b2500000)]
  0x000002b2550eaba0 JavaThread "Unconstrained build operations Thread 64" [_thread_blocked, id=35624, stack(0x000000c6b2500000,0x000000c6b2600000)]
  0x000002b2550e8320 JavaThread "Unconstrained build operations Thread 65" [_thread_blocked, id=19692, stack(0x000000c6b2600000,0x000000c6b2700000)]
  0x000002b2550ebfe0 JavaThread "Unconstrained build operations Thread 66" [_thread_blocked, id=36500, stack(0x000000c6b2700000,0x000000c6b2800000)]
  0x000002b2550eb5c0 JavaThread "Unconstrained build operations Thread 67" [_thread_blocked, id=43896, stack(0x000000c6b2800000,0x000000c6b2900000)]
  0x000002b2550ec4f0 JavaThread "Unconstrained build operations Thread 68" [_thread_blocked, id=36000, stack(0x000000c6b2900000,0x000000c6b2a00000)]
  0x000002b2550ee350 JavaThread "Unconstrained build operations Thread 69" [_thread_blocked, id=38876, stack(0x000000c6b2a00000,0x000000c6b2b00000)]
  0x000002b2550ef280 JavaThread "Unconstrained build operations Thread 70" [_thread_blocked, id=31504, stack(0x000000c6b2b00000,0x000000c6b2c00000)]
  0x000002b2550ef790 JavaThread "Unconstrained build operations Thread 71" [_thread_blocked, id=35180, stack(0x000000c6b2c00000,0x000000c6b2d00000)]
  0x000002b2550efca0 JavaThread "Unconstrained build operations Thread 72" [_thread_blocked, id=45036, stack(0x000000c6b2d00000,0x000000c6b2e00000)]
  0x000002b2550eca00 JavaThread "Unconstrained build operations Thread 73" [_thread_blocked, id=4884, stack(0x000000c6b2e00000,0x000000c6b2f00000)]
  0x000002b2550ede40 JavaThread "Unconstrained build operations Thread 74" [_thread_blocked, id=18160, stack(0x000000c6b2f00000,0x000000c6b3000000)]
  0x000002b2550eed70 JavaThread "Unconstrained build operations Thread 75" [_thread_blocked, id=41024, stack(0x000000c6b3000000,0x000000c6b3100000)]
  0x000002b2550ecf10 JavaThread "Unconstrained build operations Thread 76" [_thread_blocked, id=30632, stack(0x000000c6b3100000,0x000000c6b3200000)]
  0x000002b2550ed420 JavaThread "Unconstrained build operations Thread 77" [_thread_blocked, id=47964, stack(0x000000c6b3200000,0x000000c6b3300000)]
  0x000002b2550ed930 JavaThread "Unconstrained build operations Thread 78" [_thread_blocked, id=34884, stack(0x000000c6b3300000,0x000000c6b3400000)]
  0x000002b2550ee860 JavaThread "Unconstrained build operations Thread 79" [_thread_blocked, id=44468, stack(0x000000c6b3400000,0x000000c6b3500000)]
  0x000002b25344e880 JavaThread "Unconstrained build operations Thread 80" [_thread_blocked, id=15836, stack(0x000000c6b3500000,0x000000c6b3600000)]
  0x000002b25344ca20 JavaThread "Unconstrained build operations Thread 81" [_thread_blocked, id=33680, stack(0x000000c6b3600000,0x000000c6b3700000)]
  0x000002b25344c000 JavaThread "Unconstrained build operations Thread 82" [_thread_blocked, id=26648, stack(0x000000c6b3700000,0x000000c6b3800000)]
  0x000002b25344de60 JavaThread "Unconstrained build operations Thread 83" [_thread_blocked, id=15196, stack(0x000000c6b3800000,0x000000c6b3900000)]
  0x000002b25344e370 JavaThread "Unconstrained build operations Thread 84" [_thread_blocked, id=5076, stack(0x000000c6b3900000,0x000000c6b3a00000)]
  0x000002b25344ed90 JavaThread "Unconstrained build operations Thread 85" [_thread_blocked, id=49660, stack(0x000000c6b3a00000,0x000000c6b3b00000)]
  0x000002b25344f2a0 JavaThread "Unconstrained build operations Thread 86" [_thread_blocked, id=38036, stack(0x000000c6b3b00000,0x000000c6b3c00000)]
  0x000002b25344c510 JavaThread "Unconstrained build operations Thread 87" [_thread_blocked, id=14196, stack(0x000000c6b3c00000,0x000000c6b3d00000)]
  0x000002b25344cf30 JavaThread "Unconstrained build operations Thread 88" [_thread_blocked, id=42964, stack(0x000000c6b3d00000,0x000000c6b3e00000)]
  0x000002b25344baf0 JavaThread "Unconstrained build operations Thread 89" [_thread_blocked, id=36380, stack(0x000000c6b3e00000,0x000000c6b3f00000)]
  0x000002b25344d440 JavaThread "Unconstrained build operations Thread 90" [_thread_blocked, id=41348, stack(0x000000c6b3f00000,0x000000c6b4000000)]
  0x000002b2516e6980 JavaThread "Unconstrained build operations Thread 91" [_thread_blocked, id=36332, stack(0x000000c6b4000000,0x000000c6b4100000)]
  0x000002b2516e5f60 JavaThread "Unconstrained build operations Thread 92" [_thread_blocked, id=36908, stack(0x000000c6b4100000,0x000000c6b4200000)]
  0x000002b2516e4100 JavaThread "Unconstrained build operations Thread 93" [_thread_blocked, id=34384, stack(0x000000c6b4200000,0x000000c6b4300000)]
  0x000002b2516e5540 JavaThread "Unconstrained build operations Thread 94" [_thread_blocked, id=41656, stack(0x000000c6b4300000,0x000000c6b4400000)]
  0x000002b2516e6470 JavaThread "Unconstrained build operations Thread 95" [_thread_blocked, id=29064, stack(0x000000c6b4400000,0x000000c6b4500000)]
  0x000002b2516e5030 JavaThread "Unconstrained build operations Thread 96" [_thread_blocked, id=18628, stack(0x000000c6b4500000,0x000000c6b4600000)]
  0x000002b2516e5a50 JavaThread "Unconstrained build operations Thread 97" [_thread_blocked, id=31736, stack(0x000000c6b4600000,0x000000c6b4700000)]
  0x000002b2516e6e90 JavaThread "Unconstrained build operations Thread 98" [_thread_blocked, id=22336, stack(0x000000c6b4700000,0x000000c6b4800000)]
  0x000002b2516e73a0 JavaThread "Unconstrained build operations Thread 99" [_thread_blocked, id=39916, stack(0x000000c6b4800000,0x000000c6b4900000)]
  0x000002b2516e78b0 JavaThread "Unconstrained build operations Thread 100" [_thread_blocked, id=25240, stack(0x000000c6b4900000,0x000000c6b4a00000)]
  0x000002b2516e4b20 JavaThread "Unconstrained build operations Thread 101" [_thread_blocked, id=17372, stack(0x000000c6b4a00000,0x000000c6b4b00000)]
  0x000002b2516eba80 JavaThread "build event listener" [_thread_blocked, id=39532, stack(0x000000c6b4d00000,0x000000c6b4e00000)]
  0x000002b256acfe20 JavaThread "build event listener" [_thread_blocked, id=28056, stack(0x000000c6b4e00000,0x000000c6b4f00000)]
  0x000002b256acdab0 JavaThread "Problems report writer" [_thread_blocked, id=48916, stack(0x000000c6af900000,0x000000c6afa00000)]
  0x000002b256acf910 JavaThread "Unconstrained build operations Thread 102" [_thread_blocked, id=43884, stack(0x000000c6b4f00000,0x000000c6b5000000)]
  0x000002b256acdfc0 JavaThread "Unconstrained build operations Thread 103" [_thread_blocked, id=41280, stack(0x000000c6b5000000,0x000000c6b5100000)]
  0x000002b256ad0330 JavaThread "Unconstrained build operations Thread 104" [_thread_blocked, id=17592, stack(0x000000c6b5100000,0x000000c6b5200000)]
  0x000002b255153520 JavaThread "Unconstrained build operations Thread 105" [_thread_blocked, id=41000, stack(0x000000c6b5200000,0x000000c6b5300000)]
  0x000002b255150280 JavaThread "Unconstrained build operations Thread 106" [_thread_blocked, id=49400, stack(0x000000c6b5300000,0x000000c6b5400000)]
  0x000002b255150ca0 JavaThread "Unconstrained build operations Thread 107" [_thread_blocked, id=5096, stack(0x000000c6b5400000,0x000000c6b5500000)]
  0x000002b2551520e0 JavaThread "Unconstrained build operations Thread 108" [_thread_blocked, id=28068, stack(0x000000c6b5500000,0x000000c6b5600000)]
  0x000002b255150790 JavaThread "Unconstrained build operations Thread 109" [_thread_blocked, id=48272, stack(0x000000c6b5600000,0x000000c6b5700000)]
  0x000002b255153f40 JavaThread "Unconstrained build operations Thread 110" [_thread_blocked, id=48108, stack(0x000000c6b5700000,0x000000c6b5800000)]
  0x000002b2551516c0 JavaThread "Unconstrained build operations Thread 111" [_thread_blocked, id=31496, stack(0x000000c6b5800000,0x000000c6b5900000)]
  0x000002b255153a30 JavaThread "Unconstrained build operations Thread 112" [_thread_blocked, id=46104, stack(0x000000c6b5900000,0x000000c6b5a00000)]
  0x000002b2551511b0 JavaThread "Unconstrained build operations Thread 113" [_thread_blocked, id=35588, stack(0x000000c6b5a00000,0x000000c6b5b00000)]
  0x000002b255151bd0 JavaThread "Unconstrained build operations Thread 114" [_thread_blocked, id=25252, stack(0x000000c6b5b00000,0x000000c6b5c00000)]
  0x000002b255154960 JavaThread "Unconstrained build operations Thread 115" [_thread_blocked, id=32204, stack(0x000000c6b5c00000,0x000000c6b5d00000)]
  0x000002b255154450 JavaThread "Unconstrained build operations Thread 116" [_thread_blocked, id=42312, stack(0x000000c6b5d00000,0x000000c6b5e00000)]
  0x000002b255154e70 JavaThread "Unconstrained build operations Thread 117" [_thread_blocked, id=48440, stack(0x000000c6b5e00000,0x000000c6b5f00000)]
  0x000002b255155da0 JavaThread "Unconstrained build operations Thread 118" [_thread_blocked, id=5436, stack(0x000000c6b5f00000,0x000000c6b6000000)]
  0x000002b255155380 JavaThread "Unconstrained build operations Thread 119" [_thread_blocked, id=16128, stack(0x000000c6b6000000,0x000000c6b6100000)]
  0x000002b255155890 JavaThread "Unconstrained build operations Thread 120" [_thread_blocked, id=48524, stack(0x000000c6b6100000,0x000000c6b6200000)]
  0x000002b255152b00 JavaThread "jar transforms" [_thread_blocked, id=30520, stack(0x000000c6af800000,0x000000c6af900000)]
  0x000002b255153010 JavaThread "jar transforms Thread 2" [_thread_blocked, id=48472, stack(0x000000c6b6200000,0x000000c6b6300000)]
  0x000002b2551571e0 JavaThread "jar transforms Thread 3" [_thread_blocked, id=31840, stack(0x000000c6b6400000,0x000000c6b6500000)]
  0x000002b255157c00 JavaThread "jar transforms Thread 4" [_thread_blocked, id=45708, stack(0x000000c6b6500000,0x000000c6b6600000)]
  0x000002b25154a260 JavaThread "jar transforms Thread 5" [_thread_blocked, id=37632, stack(0x000000c6b6600000,0x000000c6b6700000)]
  0x000002b251548400 JavaThread "jar transforms Thread 6" [_thread_blocked, id=21652, stack(0x000000c6b6700000,0x000000c6b6800000)]
  0x000002b25154a770 JavaThread "jar transforms Thread 7" [_thread_blocked, id=20184, stack(0x000000c6b6800000,0x000000c6b6900000)]
  0x000002b251547ef0 JavaThread "jar transforms Thread 8" [_thread_blocked, id=31248, stack(0x000000c6b6900000,0x000000c6b6a00000)]
  0x000002b25154c0c0 JavaThread "Cache worker for execution history cache (C:\Users\Dr kocher\Desktop\zewin_rx_scan\android\.gradle\9.3.1\executionHistory)" [_thread_blocked, id=41820, stack(0x000000c6b6a00000,0x000000c6b6b00000)]
  0x000002b25154df20 JavaThread "Exec process" [_thread_blocked, id=42916, stack(0x000000c6b6300000,0x000000c6b6400000)]
  0x000002b25154b190 JavaThread "Exec process Thread 2" [_thread_blocked, id=39604, stack(0x000000c6b6b00000,0x000000c6b6c00000)]
  0x000002b2515479e0 JavaThread "Exec process Thread 3" [_thread_blocked, id=39460, stack(0x000000c6b6c00000,0x000000c6b6d00000)]
  0x000002b25154da10 JavaThread "WorkerExecutor Queue" [_thread_blocked, id=26432, stack(0x000000c6a9e00000,0x000000c6a9f00000)]
  0x000002b25154bbb0 JavaThread "WorkerExecutor Queue Thread 2" [_thread_blocked, id=4008, stack(0x000000c6a9f00000,0x000000c6aa000000)]
  0x000002b25332f240 JavaThread "WorkerExecutor Queue Thread 3" [_thread_blocked, id=37488, stack(0x000000c6aa000000,0x000000c6aa100000)]
  0x000002b25344d950 JavaThread "WorkerExecutor Queue Thread 4" [_thread_blocked, id=19732, stack(0x000000c6b6d00000,0x000000c6b6e00000)]
  0x000002b2516eab50 JavaThread "WorkerExecutor Queue Thread 5" [_thread_blocked, id=35448, stack(0x000000c6b6e00000,0x000000c6b6f00000)]
  0x000002b2551576f0 JavaThread "WorkerExecutor Queue Thread 6" [_thread_blocked, id=18976, stack(0x000000c6b6f00000,0x000000c6b7000000)]
  0x000002b256acf400 JavaThread "WorkerExecutor Queue Thread 7" [_thread_blocked, id=49276, stack(0x000000c6b7000000,0x000000c6b7100000)]
  0x000002b2553e3ea0 JavaThread "WorkerExecutor Queue Thread 8" [_thread_blocked, id=29504, stack(0x000000c6b7100000,0x000000c6b7200000)]
  0x000002b2553e3480 JavaThread "WorkerExecutor Queue Thread 9" [_thread_blocked, id=45644, stack(0x000000c6b7400000,0x000000c6b7500000)]
  0x000002b2553e6210 JavaThread "WorkerExecutor Queue Thread 10" [_thread_blocked, id=34016, stack(0x000000c6b7300000,0x000000c6b7400000)]
  0x000002b2538e6dd0 JavaThread "C2 CompilerThread1" daemon [_thread_blocked, id=32488, stack(0x000000c6b7500000,0x000000c6b7600000)]
  0x000002b25d811050 JavaThread "C2 CompilerThread2" daemon [_thread_blocked, id=15940, stack(0x000000c6b7f00000,0x000000c6b8000000)]

Other Threads:
=>0x000002b27fd1ccb0 VMThread "VM Thread" [stack: 0x000000c6aa700000,0x000000c6aa800000] [id=37728]
  0x000002b215956300 WatcherThread [stack: 0x000000c6ab300000,0x000000c6ab400000] [id=50864]
  0x000002b274cfbae0 GCTaskThread "GC Thread#0" [stack: 0x000000c6aa200000,0x000000c6aa300000] [id=36676]
  0x000002b215a67060 GCTaskThread "GC Thread#1" [stack: 0x000000c6ab500000,0x000000c6ab600000] [id=34108]
  0x000002b24f0c37d0 GCTaskThread "GC Thread#2" [stack: 0x000000c6ab600000,0x000000c6ab700000] [id=50816]
  0x000002b24fa03df0 GCTaskThread "GC Thread#3" [stack: 0x000000c6ab700000,0x000000c6ab800000] [id=32132]
  0x000002b24fa040b0 GCTaskThread "GC Thread#4" [stack: 0x000000c6ab800000,0x000000c6ab900000] [id=31348]
  0x000002b24fcca770 GCTaskThread "GC Thread#5" [stack: 0x000000c6ab900000,0x000000c6aba00000] [id=33468]
  0x000002b2508f8c30 GCTaskThread "GC Thread#6" [stack: 0x000000c6aba00000,0x000000c6abb00000] [id=36200]
  0x000002b250844850 GCTaskThread "GC Thread#7" [stack: 0x000000c6abb00000,0x000000c6abc00000] [id=28428]
  0x000002b250870ce0 GCTaskThread "GC Thread#8" [stack: 0x000000c6abc00000,0x000000c6abd00000] [id=21660]
  0x000002b24fdff610 GCTaskThread "GC Thread#9" [stack: 0x000000c6ac900000,0x000000c6aca00000] [id=25196]
  0x000002b274d0d610 ConcurrentGCThread "G1 Main Marker" [stack: 0x000000c6aa300000,0x000000c6aa400000] [id=35904]
  0x000002b274d0df40 ConcurrentGCThread "G1 Conc#0" [stack: 0x000000c6aa400000,0x000000c6aa500000] [id=39528]
  0x000002b25163a950 ConcurrentGCThread "G1 Conc#1" [stack: 0x000000c6aca00000,0x000000c6acb00000] [id=39720]
  0x000002b25163ac10 ConcurrentGCThread "G1 Conc#2" [stack: 0x000000c6acb00000,0x000000c6acc00000] [id=22152]
  0x000002b27fbd5f50 ConcurrentGCThread "G1 Refine#0" [stack: 0x000000c6aa500000,0x000000c6aa600000] [id=24812]
  0x000002b25cd0bd10 ConcurrentGCThread "G1 Refine#1" [stack: 0x000000c6b7600000,0x000000c6b7700000] [id=49512]
  0x000002b256861570 ConcurrentGCThread "G1 Refine#2" [stack: 0x000000c6b7700000,0x000000c6b7800000] [id=28852]
  0x000002b25bcd3820 ConcurrentGCThread "G1 Refine#3" [stack: 0x000000c6b7800000,0x000000c6b7900000] [id=38828]
  0x000002b25bcd4540 ConcurrentGCThread "G1 Refine#4" [stack: 0x000000c6b7900000,0x000000c6b7a00000] [id=30624]
  0x000002b25ca85d20 ConcurrentGCThread "G1 Refine#5" [stack: 0x000000c6b7a00000,0x000000c6b7b00000] [id=47976]
  0x000002b25c712a80 ConcurrentGCThread "G1 Refine#6" [stack: 0x000000c6b7b00000,0x000000c6b7c00000] [id=37048]
  0x000002b25c7134b0 ConcurrentGCThread "G1 Refine#7" [stack: 0x000000c6b7c00000,0x000000c6b7d00000] [id=41620]
  0x000002b252a4c370 ConcurrentGCThread "G1 Refine#8" [stack: 0x000000c6b7d00000,0x000000c6b7e00000] [id=50472]
  0x000002b25c12abf0 ConcurrentGCThread "G1 Refine#9" [stack: 0x000000c6b7e00000,0x000000c6b7f00000] [id=35352]
  0x000002b27fbd6630 ConcurrentGCThread "G1 Service" [stack: 0x000000c6aa600000,0x000000c6aa700000] [id=42252]

Threads with active compile tasks:
C2 CompilerThread0  100674 28354       4       com.android.tools.r8.internal.ca2::c (803 bytes)
C2 CompilerThread1  100674 28299 %     4       com.android.tools.r8.internal.rv::a @ 3456 (4509 bytes)
C2 CompilerThread2  100674 28313       4       com.android.tools.r8.internal.rv::a (6696 bytes)

VM state: at safepoint (normal execution)

VM Mutex/Monitor currently owned by a thread:  ([mutex/lock_event])
[0x000002b274c9acc0] Threads_lock - owner thread: 0x000002b27fd1ccb0
[0x000002b274c990a0] Heap_lock - owner thread: 0x000002b25344baf0

Heap address: 0x0000000080000000, size: 2048 MB, Compressed Oops mode: 32-bit

CDS archive(s) mapped at: [0x000002b216000000-0x000002b216bb0000-0x000002b216bb0000), size 12255232, SharedBaseAddress: 0x000002b216000000, ArchiveRelocationMode: 1.
Compressed class space mapped at: 0x000002b217000000-0x000002b24b000000, reserved size: 872415232
Narrow klass base: 0x000002b216000000, Narrow klass shift: 0, Narrow klass range: 0x100000000

GC Precious Log:
 CPUs: 12 total, 12 available
 Memory: 8083M
 Large Page Support: Disabled
 NUMA Support: Disabled
 Compressed Oops: Enabled (32-bit)
 Heap Region Size: 1M
 Heap Min Capacity: 8M
 Heap Initial Capacity: 128M
 Heap Max Capacity: 2G
 Pre-touch: Disabled
 Parallel Workers: 10
 Concurrent Workers: 3
 Concurrent Refinement Workers: 10
 Periodic GC: Disabled

Heap:
 garbage-first heap   total 959488K, used 403882K [0x0000000080000000, 0x0000000100000000)
  region size 1024K, 30 young (30720K), 30 survivors (30720K)
 Metaspace       used 146378K, committed 147904K, reserved 983040K
  class space    used 20822K, committed 21568K, reserved 851968K

Heap Regions: E=young(eden), S=young(survivor), O=old, HS=humongous(starts), HC=humongous(continues), CS=collection set, F=free, OA=open archive, CA=closed archive, TAMS=top-at-mark-start (previous, next)
|   0|0x0000000080000000, 0x0000000080100000, 0x0000000080100000|100%|HS|  |TAMS 0x0000000080100000, 0x0000000080000000| Complete 
|   1|0x0000000080100000, 0x0000000080200000, 0x0000000080200000|100%|HC|  |TAMS 0x0000000080200000, 0x0000000080100000| Complete 
|   2|0x0000000080200000, 0x0000000080300000, 0x0000000080300000|100%|HC|  |TAMS 0x0000000080300000, 0x0000000080200000| Complete 
|   3|0x0000000080300000, 0x0000000080400000, 0x0000000080400000|100%|HC|  |TAMS 0x0000000080400000, 0x0000000080300000| Complete 
|   4|0x0000000080400000, 0x0000000080500000, 0x0000000080500000|100%| O|  |TAMS 0x0000000080500000, 0x0000000080400000| Untracked 
|   5|0x0000000080500000, 0x0000000080600000, 0x0000000080600000|100%| O|  |TAMS 0x0000000080600000, 0x0000000080500000| Untracked 
|   6|0x0000000080600000, 0x0000000080700000, 0x0000000080700000|100%| O|  |TAMS 0x0000000080700000, 0x0000000080600000| Untracked 
|   7|0x0000000080700000, 0x0000000080800000, 0x0000000080800000|100%|HS|  |TAMS 0x0000000080800000, 0x0000000080700000| Complete 
|   8|0x0000000080800000, 0x0000000080900000, 0x0000000080900000|100%| O|  |TAMS 0x0000000080900000, 0x0000000080800000| Untracked 
|   9|0x0000000080900000, 0x0000000080a00000, 0x0000000080a00000|100%| O|  |TAMS 0x0000000080a00000, 0x0000000080900000| Untracked 
|  10|0x0000000080a00000, 0x0000000080b00000, 0x0000000080b00000|100%| O|  |TAMS 0x0000000080b00000, 0x0000000080a00000| Untracked 
|  11|0x0000000080b00000, 0x0000000080c00000, 0x0000000080c00000|100%| O|  |TAMS 0x0000000080c00000, 0x0000000080b00000| Untracked 
|  12|0x0000000080c00000, 0x0000000080d00000, 0x0000000080d00000|100%| O|  |TAMS 0x0000000080d00000, 0x0000000080c00000| Untracked 
|  13|0x0000000080d00000, 0x0000000080e00000, 0x0000000080e00000|100%| O|  |TAMS 0x0000000080e00000, 0x0000000080d00000| Untracked 
|  14|0x0000000080e00000, 0x0000000080f00000, 0x0000000080f00000|100%| O|  |TAMS 0x0000000080f00000, 0x0000000080e00000| Untracked 
|  15|0x0000000080f00000, 0x0000000081000000, 0x0000000081000000|100%| O|  |TAMS 0x0000000081000000, 0x0000000080f00000| Untracked 
|  16|0x0000000081000000, 0x0000000081100000, 0x0000000081100000|100%| O|  |TAMS 0x0000000081100000, 0x0000000081000000| Untracked 
|  17|0x0000000081100000, 0x0000000081200000, 0x0000000081200000|100%| O|  |TAMS 0x0000000081200000, 0x0000000081100000| Untracked 
|  18|0x0000000081200000, 0x0000000081300000, 0x0000000081300000|100%| O|  |TAMS 0x0000000081300000, 0x0000000081200000| Untracked 
|  19|0x0000000081300000, 0x0000000081400000, 0x0000000081400000|100%| O|  |TAMS 0x0000000081400000, 0x0000000081300000| Untracked 
|  20|0x0000000081400000, 0x00000000814ec800, 0x0000000081500000| 92%| O|  |TAMS 0x00000000814ec800, 0x0000000081400000| Untracked 
|  21|0x0000000081500000, 0x0000000081600000, 0x0000000081600000|100%| O|  |TAMS 0x0000000081600000, 0x0000000081500000| Untracked 
|  22|0x0000000081600000, 0x0000000081700000, 0x0000000081700000|100%| O|  |TAMS 0x0000000081700000, 0x0000000081600000| Untracked 
|  23|0x0000000081700000, 0x0000000081800000, 0x0000000081800000|100%| O|  |TAMS 0x0000000081800000, 0x0000000081700000| Untracked 
|  24|0x0000000081800000, 0x0000000081900000, 0x0000000081900000|100%| O|  |TAMS 0x0000000081900000, 0x0000000081800000| Untracked 
|  25|0x0000000081900000, 0x0000000081a00000, 0x0000000081a00000|100%| O|  |TAMS 0x0000000081a00000, 0x0000000081900000| Untracked 
|  26|0x0000000081a00000, 0x0000000081b00000, 0x0000000081b00000|100%| O|  |TAMS 0x0000000081b00000, 0x0000000081a00000| Untracked 
|  27|0x0000000081b00000, 0x0000000081c00000, 0x0000000081c00000|100%| O|  |TAMS 0x0000000081c00000, 0x0000000081b00000| Untracked 
|  28|0x0000000081c00000, 0x0000000081d00000, 0x0000000081d00000|100%| O|  |TAMS 0x0000000081d00000, 0x0000000081c00000| Untracked 
|  29|0x0000000081d00000, 0x0000000081e00000, 0x0000000081e00000|100%| O|  |TAMS 0x0000000081e00000, 0x0000000081d00000| Untracked 
|  30|0x0000000081e00000, 0x0000000081f00000, 0x0000000081f00000|100%| O|  |TAMS 0x0000000081f00000, 0x0000000081e00000| Untracked 
|  31|0x0000000081f00000, 0x0000000082000000, 0x0000000082000000|100%| O|  |TAMS 0x0000000082000000, 0x0000000081f00000| Untracked 
|  32|0x0000000082000000, 0x0000000082100000, 0x0000000082100000|100%| O|  |TAMS 0x0000000082100000, 0x0000000082000000| Untracked 
|  33|0x0000000082100000, 0x0000000082200000, 0x0000000082200000|100%| O|  |TAMS 0x0000000082200000, 0x0000000082100000| Untracked 
|  34|0x0000000082200000, 0x0000000082300000, 0x0000000082300000|100%|HS|  |TAMS 0x0000000082300000, 0x0000000082200000| Complete 
|  35|0x0000000082300000, 0x0000000082400000, 0x0000000082400000|100%|HC|  |TAMS 0x0000000082400000, 0x0000000082300000| Complete 
|  36|0x0000000082400000, 0x0000000082500000, 0x0000000082500000|100%|HS|  |TAMS 0x0000000082500000, 0x0000000082400000| Complete 
|  37|0x0000000082500000, 0x0000000082600000, 0x0000000082600000|100%|HC|  |TAMS 0x0000000082600000, 0x0000000082500000| Complete 
|  38|0x0000000082600000, 0x0000000082700000, 0x0000000082700000|100%| O|  |TAMS 0x0000000082700000, 0x0000000082600000| Untracked 
|  39|0x0000000082700000, 0x0000000082800000, 0x0000000082800000|100%| O|  |TAMS 0x0000000082800000, 0x0000000082700000| Untracked 
|  40|0x0000000082800000, 0x0000000082900000, 0x0000000082900000|100%| O|  |TAMS 0x0000000082900000, 0x0000000082800000| Untracked 
|  41|0x0000000082900000, 0x0000000082a00000, 0x0000000082a00000|100%| O|  |TAMS 0x0000000082a00000, 0x0000000082900000| Untracked 
|  42|0x0000000082a00000, 0x0000000082b00000, 0x0000000082b00000|100%| O|  |TAMS 0x0000000082b00000, 0x0000000082a00000| Untracked 
|  43|0x0000000082b00000, 0x0000000082c00000, 0x0000000082c00000|100%| O|  |TAMS 0x0000000082c00000, 0x0000000082b00000| Untracked 
|  44|0x0000000082c00000, 0x0000000082d00000, 0x0000000082d00000|100%| O|  |TAMS 0x0000000082d00000, 0x0000000082c00000| Untracked 
|  45|0x0000000082d00000, 0x0000000082e00000, 0x0000000082e00000|100%| O|  |TAMS 0x0000000082e00000, 0x0000000082d00000| Untracked 
|  46|0x0000000082e00000, 0x0000000082f00000, 0x0000000082f00000|100%| O|  |TAMS 0x0000000082f00000, 0x0000000082e00000| Untracked 
|  47|0x0000000082f00000, 0x0000000083000000, 0x0000000083000000|100%| O|  |TAMS 0x0000000083000000, 0x0000000082f00000| Untracked 
|  48|0x0000000083000000, 0x0000000083100000, 0x0000000083100000|100%| O|  |TAMS 0x0000000083100000, 0x0000000083000000| Untracked 
|  49|0x0000000083100000, 0x0000000083200000, 0x0000000083200000|100%| O|  |TAMS 0x0000000083200000, 0x0000000083100000| Untracked 
|  50|0x0000000083200000, 0x0000000083300000, 0x0000000083300000|100%| O|  |TAMS 0x0000000083300000, 0x0000000083200000| Untracked 
|  51|0x0000000083300000, 0x0000000083400000, 0x0000000083400000|100%| O|  |TAMS 0x0000000083400000, 0x0000000083300000| Untracked 
|  52|0x0000000083400000, 0x0000000083500000, 0x0000000083500000|100%| O|  |TAMS 0x0000000083500000, 0x0000000083400000| Untracked 
|  53|0x0000000083500000, 0x0000000083600000, 0x0000000083600000|100%| O|  |TAMS 0x0000000083600000, 0x0000000083500000| Untracked 
|  54|0x0000000083600000, 0x0000000083700000, 0x0000000083700000|100%| O|  |TAMS 0x0000000083700000, 0x0000000083600000| Untracked 
|  55|0x0000000083700000, 0x0000000083800000, 0x0000000083800000|100%| O|  |TAMS 0x0000000083800000, 0x0000000083700000| Untracked 
|  56|0x0000000083800000, 0x0000000083900000, 0x0000000083900000|100%| O|  |TAMS 0x0000000083900000, 0x0000000083800000| Untracked 
|  57|0x0000000083900000, 0x0000000083a00000, 0x0000000083a00000|100%| O|  |TAMS 0x0000000083a00000, 0x0000000083900000| Untracked 
|  58|0x0000000083a00000, 0x0000000083b00000, 0x0000000083b00000|100%| O|  |TAMS 0x0000000083b00000, 0x0000000083a00000| Untracked 
|  59|0x0000000083b00000, 0x0000000083c00000, 0x0000000083c00000|100%| O|  |TAMS 0x0000000083c00000, 0x0000000083b00000| Untracked 
|  60|0x0000000083c00000, 0x0000000083d00000, 0x0000000083d00000|100%| O|  |TAMS 0x0000000083d00000, 0x0000000083c00000| Untracked 
|  61|0x0000000083d00000, 0x0000000083e00000, 0x0000000083e00000|100%| O|  |TAMS 0x0000000083e00000, 0x0000000083d00000| Untracked 
|  62|0x0000000083e00000, 0x0000000083f00000, 0x0000000083f00000|100%| O|  |TAMS 0x0000000083f00000, 0x0000000083e00000| Untracked 
|  63|0x0000000083f00000, 0x0000000084000000, 0x0000000084000000|100%|HS|  |TAMS 0x0000000084000000, 0x0000000083f00000| Complete 
|  64|0x0000000084000000, 0x0000000084100000, 0x0000000084100000|100%|HS|  |TAMS 0x0000000084100000, 0x0000000084000000| Complete 
|  65|0x0000000084100000, 0x0000000084200000, 0x0000000084200000|100%|HS|  |TAMS 0x0000000084200000, 0x0000000084100000| Complete 
|  66|0x0000000084200000, 0x0000000084300000, 0x0000000084300000|100%|HC|  |TAMS 0x0000000084300000, 0x0000000084200000| Complete 
|  67|0x0000000084300000, 0x0000000084400000, 0x0000000084400000|100%|HS|  |TAMS 0x0000000084400000, 0x0000000084300000| Complete 
|  68|0x0000000084400000, 0x0000000084500000, 0x0000000084500000|100%|HS|  |TAMS 0x0000000084500000, 0x0000000084400000| Complete 
|  69|0x0000000084500000, 0x0000000084600000, 0x0000000084600000|100%| O|  |TAMS 0x0000000084600000, 0x0000000084500000| Untracked 
|  70|0x0000000084600000, 0x0000000084700000, 0x0000000084700000|100%|HS|  |TAMS 0x0000000084700000, 0x0000000084600000| Complete 
|  71|0x0000000084700000, 0x0000000084800000, 0x0000000084800000|100%|HS|  |TAMS 0x0000000084800000, 0x0000000084700000| Complete 
|  72|0x0000000084800000, 0x0000000084900000, 0x0000000084900000|100%| O|  |TAMS 0x0000000084900000, 0x0000000084800000| Untracked 
|  73|0x0000000084900000, 0x0000000084a00000, 0x0000000084a00000|100%| O|  |TAMS 0x0000000084a00000, 0x0000000084900000| Untracked 
|  74|0x0000000084a00000, 0x0000000084b00000, 0x0000000084b00000|100%|HS|  |TAMS 0x0000000084b00000, 0x0000000084a00000| Complete 
|  75|0x0000000084b00000, 0x0000000084c00000, 0x0000000084c00000|100%| O|  |TAMS 0x0000000084c00000, 0x0000000084b00000| Untracked 
|  76|0x0000000084c00000, 0x0000000084d00000, 0x0000000084d00000|100%| O|  |TAMS 0x0000000084d00000, 0x0000000084c00000| Untracked 
|  77|0x0000000084d00000, 0x0000000084e00000, 0x0000000084e00000|100%| O|  |TAMS 0x0000000084e00000, 0x0000000084d00000| Untracked 
|  78|0x0000000084e00000, 0x0000000084f00000, 0x0000000084f00000|100%| O|  |TAMS 0x0000000084f00000, 0x0000000084e00000| Untracked 
|  79|0x0000000084f00000, 0x0000000085000000, 0x0000000085000000|100%| O|  |TAMS 0x0000000085000000, 0x0000000084f00000| Untracked 
|  80|0x0000000085000000, 0x0000000085100000, 0x0000000085100000|100%| O|  |TAMS 0x0000000085100000, 0x0000000085000000| Untracked 
|  81|0x0000000085100000, 0x0000000085200000, 0x0000000085200000|100%| O|  |TAMS 0x0000000085200000, 0x0000000085100000| Untracked 
|  82|0x0000000085200000, 0x0000000085300000, 0x0000000085300000|100%| O|  |TAMS 0x0000000085300000, 0x0000000085200000| Untracked 
|  83|0x0000000085300000, 0x0000000085400000, 0x0000000085400000|100%| O|  |TAMS 0x0000000085400000, 0x0000000085300000| Untracked 
|  84|0x0000000085400000, 0x0000000085500000, 0x0000000085500000|100%| O|  |TAMS 0x0000000085500000, 0x0000000085400000| Untracked 
|  85|0x0000000085500000, 0x0000000085600000, 0x0000000085600000|100%| O|  |TAMS 0x0000000085600000, 0x0000000085500000| Untracked 
|  86|0x0000000085600000, 0x0000000085700000, 0x0000000085700000|100%|HS|  |TAMS 0x0000000085700000, 0x0000000085600000| Complete 
|  87|0x0000000085700000, 0x0000000085800000, 0x0000000085800000|100%| O|  |TAMS 0x0000000085800000, 0x0000000085700000| Untracked 
|  88|0x0000000085800000, 0x0000000085900000, 0x0000000085900000|100%|HS|  |TAMS 0x0000000085900000, 0x0000000085800000| Complete 
|  89|0x0000000085900000, 0x0000000085a00000, 0x0000000085a00000|100%|HC|  |TAMS 0x0000000085a00000, 0x0000000085900000| Complete 
|  90|0x0000000085a00000, 0x0000000085b00000, 0x0000000085b00000|100%| O|  |TAMS 0x0000000085b00000, 0x0000000085a00000| Untracked 
|  91|0x0000000085b00000, 0x0000000085c00000, 0x0000000085c00000|100%| O|  |TAMS 0x0000000085c00000, 0x0000000085b00000| Untracked 
|  92|0x0000000085c00000, 0x0000000085d00000, 0x0000000085d00000|100%| O|  |TAMS 0x0000000085d00000, 0x0000000085c00000| Untracked 
|  93|0x0000000085d00000, 0x0000000085e00000, 0x0000000085e00000|100%| O|  |TAMS 0x0000000085e00000, 0x0000000085d00000| Untracked 
|  94|0x0000000085e00000, 0x0000000085f00000, 0x0000000085f00000|100%| O|  |TAMS 0x0000000085f00000, 0x0000000085e00000| Untracked 
|  95|0x0000000085f00000, 0x0000000086000000, 0x0000000086000000|100%| O|  |TAMS 0x0000000086000000, 0x0000000085f00000| Untracked 
|  96|0x0000000086000000, 0x0000000086100000, 0x0000000086100000|100%|HS|  |TAMS 0x0000000086100000, 0x0000000086000000| Complete 
|  97|0x0000000086100000, 0x0000000086200000, 0x0000000086200000|100%|HS|  |TAMS 0x0000000086200000, 0x0000000086100000| Complete 
|  98|0x0000000086200000, 0x0000000086300000, 0x0000000086300000|100%|HS|  |TAMS 0x0000000086300000, 0x0000000086200000| Complete 
|  99|0x0000000086300000, 0x0000000086400000, 0x0000000086400000|100%| O|  |TAMS 0x0000000086400000, 0x0000000086300000| Untracked 
| 100|0x0000000086400000, 0x0000000086500000, 0x0000000086500000|100%| O|  |TAMS 0x0000000086500000, 0x0000000086400000| Untracked 
| 101|0x0000000086500000, 0x0000000086600000, 0x0000000086600000|100%| O|  |TAMS 0x0000000086600000, 0x0000000086500000| Untracked 
| 102|0x0000000086600000, 0x0000000086700000, 0x0000000086700000|100%| O|  |TAMS 0x0000000086700000, 0x0000000086600000| Untracked 
| 103|0x0000000086700000, 0x0000000086800000, 0x0000000086800000|100%| O|  |TAMS 0x0000000086800000, 0x0000000086700000| Untracked 
| 104|0x0000000086800000, 0x0000000086900000, 0x0000000086900000|100%| O|  |TAMS 0x0000000086900000, 0x0000000086800000| Untracked 
| 105|0x0000000086900000, 0x0000000086a00000, 0x0000000086a00000|100%|HS|  |TAMS 0x0000000086a00000, 0x0000000086900000| Complete 
| 106|0x0000000086a00000, 0x0000000086b00000, 0x0000000086b00000|100%| O|  |TAMS 0x0000000086b00000, 0x0000000086a00000| Untracked 
| 107|0x0000000086b00000, 0x0000000086c00000, 0x0000000086c00000|100%| O|  |TAMS 0x0000000086c00000, 0x0000000086b00000| Untracked 
| 108|0x0000000086c00000, 0x0000000086d00000, 0x0000000086d00000|100%| O|  |TAMS 0x0000000086d00000, 0x0000000086c00000| Untracked 
| 109|0x0000000086d00000, 0x0000000086e00000, 0x0000000086e00000|100%| O|  |TAMS 0x0000000086e00000, 0x0000000086d00000| Untracked 
| 110|0x0000000086e00000, 0x0000000086f00000, 0x0000000086f00000|100%| O|  |TAMS 0x0000000086f00000, 0x0000000086e00000| Untracked 
| 111|0x0000000086f00000, 0x0000000087000000, 0x0000000087000000|100%| O|  |TAMS 0x0000000087000000, 0x0000000086f00000| Untracked 
| 112|0x0000000087000000, 0x0000000087100000, 0x0000000087100000|100%| O|  |TAMS 0x0000000087100000, 0x0000000087000000| Untracked 
| 113|0x0000000087100000, 0x0000000087200000, 0x0000000087200000|100%| O|  |TAMS 0x0000000087200000, 0x0000000087100000| Untracked 
| 114|0x0000000087200000, 0x0000000087300000, 0x0000000087300000|100%| O|  |TAMS 0x0000000087300000, 0x0000000087200000| Untracked 
| 115|0x0000000087300000, 0x0000000087400000, 0x0000000087400000|100%| O|  |TAMS 0x0000000087400000, 0x0000000087300000| Untracked 
| 116|0x0000000087400000, 0x0000000087500000, 0x0000000087500000|100%| O|  |TAMS 0x0000000087500000, 0x0000000087400000| Untracked 
| 117|0x0000000087500000, 0x0000000087600000, 0x0000000087600000|100%| O|  |TAMS 0x0000000087600000, 0x0000000087500000| Untracked 
| 118|0x0000000087600000, 0x0000000087700000, 0x0000000087700000|100%| O|  |TAMS 0x0000000087700000, 0x0000000087600000| Untracked 
| 119|0x0000000087700000, 0x0000000087800000, 0x0000000087800000|100%| O|  |TAMS 0x0000000087800000, 0x0000000087700000| Untracked 
| 120|0x0000000087800000, 0x0000000087900000, 0x0000000087900000|100%| O|  |TAMS 0x0000000087900000, 0x0000000087800000| Untracked 
| 121|0x0000000087900000, 0x0000000087a00000, 0x0000000087a00000|100%| O|  |TAMS 0x0000000087a00000, 0x0000000087900000| Untracked 
| 122|0x0000000087a00000, 0x0000000087b00000, 0x0000000087b00000|100%| O|  |TAMS 0x0000000087b00000, 0x0000000087a00000| Untracked 
| 123|0x0000000087b00000, 0x0000000087c00000, 0x0000000087c00000|100%| O|  |TAMS 0x0000000087c00000, 0x0000000087b00000| Untracked 
| 124|0x0000000087c00000, 0x0000000087d00000, 0x0000000087d00000|100%| O|  |TAMS 0x0000000087d00000, 0x0000000087c00000| Untracked 
| 125|0x0000000087d00000, 0x0000000087e00000, 0x0000000087e00000|100%| O|  |TAMS 0x0000000087d00000, 0x0000000087d00000| Untracked 
| 126|0x0000000087e00000, 0x0000000087f00000, 0x0000000087f00000|100%|HS|  |TAMS 0x0000000087f00000, 0x0000000087e00000| Complete 
| 127|0x0000000087f00000, 0x0000000088000000, 0x0000000088000000|100%|HC|  |TAMS 0x0000000088000000, 0x0000000087f00000| Complete 
| 128|0x0000000088000000, 0x0000000088100000, 0x0000000088100000|100%| O|  |TAMS 0x0000000088100000, 0x0000000088000000| Untracked 
| 129|0x0000000088100000, 0x0000000088200000, 0x0000000088200000|100%| O|  |TAMS 0x0000000088200000, 0x0000000088100000| Untracked 
| 130|0x0000000088200000, 0x0000000088300000, 0x0000000088300000|100%| O|  |TAMS 0x0000000088300000, 0x0000000088200000| Untracked 
| 131|0x0000000088300000, 0x0000000088400000, 0x0000000088400000|100%| O|  |TAMS 0x0000000088400000, 0x0000000088300000| Untracked 
| 132|0x0000000088400000, 0x0000000088500000, 0x0000000088500000|100%| O|  |TAMS 0x0000000088400000, 0x0000000088400000| Untracked 
| 133|0x0000000088500000, 0x0000000088600000, 0x0000000088600000|100%| O|  |TAMS 0x0000000088600000, 0x0000000088500000| Untracked 
| 134|0x0000000088600000, 0x0000000088700000, 0x0000000088700000|100%| O|  |TAMS 0x0000000088700000, 0x0000000088600000| Untracked 
| 135|0x0000000088700000, 0x0000000088800000, 0x0000000088800000|100%| O|  |TAMS 0x0000000088700000, 0x0000000088700000| Untracked 
| 136|0x0000000088800000, 0x0000000088900000, 0x0000000088900000|100%| O|  |TAMS 0x0000000088900000, 0x0000000088800000| Untracked 
| 137|0x0000000088900000, 0x0000000088a00000, 0x0000000088a00000|100%| O|  |TAMS 0x0000000088a00000, 0x0000000088900000| Untracked 
| 138|0x0000000088a00000, 0x0000000088b00000, 0x0000000088b00000|100%| O|  |TAMS 0x0000000088b00000, 0x0000000088a00000| Untracked 
| 139|0x0000000088b00000, 0x0000000088c00000, 0x0000000088c00000|100%| O|  |TAMS 0x0000000088c00000, 0x0000000088b00000| Untracked 
| 140|0x0000000088c00000, 0x0000000088d00000, 0x0000000088d00000|100%| O|  |TAMS 0x0000000088d00000, 0x0000000088c00000| Untracked 
| 141|0x0000000088d00000, 0x0000000088e00000, 0x0000000088e00000|100%| O|  |TAMS 0x0000000088e00000, 0x0000000088d00000| Untracked 
| 142|0x0000000088e00000, 0x0000000088f00000, 0x0000000088f00000|100%| O|  |TAMS 0x0000000088f00000, 0x0000000088e00000| Untracked 
| 143|0x0000000088f00000, 0x0000000089000000, 0x0000000089000000|100%| O|  |TAMS 0x0000000089000000, 0x0000000088f00000| Untracked 
| 144|0x0000000089000000, 0x0000000089100000, 0x0000000089100000|100%| O|  |TAMS 0x0000000089100000, 0x0000000089000000| Untracked 
| 145|0x0000000089100000, 0x0000000089200000, 0x0000000089200000|100%| O|  |TAMS 0x0000000089200000, 0x0000000089100000| Untracked 
| 146|0x0000000089200000, 0x0000000089300000, 0x0000000089300000|100%| O|  |TAMS 0x0000000089300000, 0x0000000089200000| Untracked 
| 147|0x0000000089300000, 0x0000000089400000, 0x0000000089400000|100%| O|  |TAMS 0x0000000089400000, 0x0000000089300000| Untracked 
| 148|0x0000000089400000, 0x0000000089500000, 0x0000000089500000|100%| O|  |TAMS 0x0000000089500000, 0x0000000089400000| Untracked 
| 149|0x0000000089500000, 0x0000000089600000, 0x0000000089600000|100%| O|  |TAMS 0x0000000089600000, 0x0000000089500000| Untracked 
| 150|0x0000000089600000, 0x0000000089700000, 0x0000000089700000|100%| O|  |TAMS 0x0000000089700000, 0x0000000089600000| Untracked 
| 151|0x0000000089700000, 0x0000000089800000, 0x0000000089800000|100%| O|  |TAMS 0x0000000089800000, 0x0000000089700000| Untracked 
| 152|0x0000000089800000, 0x0000000089900000, 0x0000000089900000|100%| O|  |TAMS 0x0000000089900000, 0x0000000089800000| Untracked 
| 153|0x0000000089900000, 0x0000000089a00000, 0x0000000089a00000|100%| O|  |TAMS 0x0000000089900000, 0x0000000089900000| Untracked 
| 154|0x0000000089a00000, 0x0000000089b00000, 0x0000000089b00000|100%|HS|  |TAMS 0x0000000089b00000, 0x0000000089a00000| Complete 
| 155|0x0000000089b00000, 0x0000000089c00000, 0x0000000089c00000|100%|HC|  |TAMS 0x0000000089c00000, 0x0000000089b00000| Complete 
| 156|0x0000000089c00000, 0x0000000089d00000, 0x0000000089d00000|100%| O|  |TAMS 0x0000000089d00000, 0x0000000089c00000| Untracked 
| 157|0x0000000089d00000, 0x0000000089e00000, 0x0000000089e00000|100%| O|  |TAMS 0x0000000089e00000, 0x0000000089d00000| Untracked 
| 158|0x0000000089e00000, 0x0000000089f00000, 0x0000000089f00000|100%| O|  |TAMS 0x0000000089f00000, 0x0000000089e00000| Untracked 
| 159|0x0000000089f00000, 0x000000008a000000, 0x000000008a000000|100%| O|  |TAMS 0x000000008a000000, 0x0000000089f00000| Untracked 
| 160|0x000000008a000000, 0x000000008a100000, 0x000000008a100000|100%| O|  |TAMS 0x000000008a100000, 0x000000008a000000| Untracked 
| 161|0x000000008a100000, 0x000000008a200000, 0x000000008a200000|100%| O|  |TAMS 0x000000008a200000, 0x000000008a100000| Untracked 
| 162|0x000000008a200000, 0x000000008a300000, 0x000000008a300000|100%| O|  |TAMS 0x000000008a300000, 0x000000008a200000| Untracked 
| 163|0x000000008a300000, 0x000000008a400000, 0x000000008a400000|100%| O|  |TAMS 0x000000008a400000, 0x000000008a300000| Untracked 
| 164|0x000000008a400000, 0x000000008a500000, 0x000000008a500000|100%| O|  |TAMS 0x000000008a500000, 0x000000008a400000| Untracked 
| 165|0x000000008a500000, 0x000000008a600000, 0x000000008a600000|100%| O|  |TAMS 0x000000008a600000, 0x000000008a500000| Untracked 
| 166|0x000000008a600000, 0x000000008a700000, 0x000000008a700000|100%| O|  |TAMS 0x000000008a700000, 0x000000008a600000| Untracked 
| 167|0x000000008a700000, 0x000000008a800000, 0x000000008a800000|100%| O|  |TAMS 0x000000008a800000, 0x000000008a700000| Untracked 
| 168|0x000000008a800000, 0x000000008a900000, 0x000000008a900000|100%| O|  |TAMS 0x000000008a900000, 0x000000008a800000| Untracked 
| 169|0x000000008a900000, 0x000000008aa00000, 0x000000008aa00000|100%| O|  |TAMS 0x000000008aa00000, 0x000000008a900000| Untracked 
| 170|0x000000008aa00000, 0x000000008ab00000, 0x000000008ab00000|100%| O|  |TAMS 0x000000008ab00000, 0x000000008aa00000| Untracked 
| 171|0x000000008ab00000, 0x000000008ac00000, 0x000000008ac00000|100%|HS|  |TAMS 0x000000008ac00000, 0x000000008ab00000| Complete 
| 172|0x000000008ac00000, 0x000000008ad00000, 0x000000008ad00000|100%| O|  |TAMS 0x000000008ad00000, 0x000000008ac00000| Untracked 
| 173|0x000000008ad00000, 0x000000008ae00000, 0x000000008ae00000|100%| O|  |TAMS 0x000000008ae00000, 0x000000008ad00000| Untracked 
| 174|0x000000008ae00000, 0x000000008af00000, 0x000000008af00000|100%| O|  |TAMS 0x000000008af00000, 0x000000008ae00000| Untracked 
| 175|0x000000008af00000, 0x000000008b000000, 0x000000008b000000|100%| O|  |TAMS 0x000000008b000000, 0x000000008af00000| Untracked 
| 176|0x000000008b000000, 0x000000008b100000, 0x000000008b100000|100%| O|  |TAMS 0x000000008b100000, 0x000000008b000000| Untracked 
| 177|0x000000008b100000, 0x000000008b200000, 0x000000008b200000|100%| O|  |TAMS 0x000000008b200000, 0x000000008b100000| Untracked 
| 178|0x000000008b200000, 0x000000008b300000, 0x000000008b300000|100%| O|  |TAMS 0x000000008b300000, 0x000000008b200000| Untracked 
| 179|0x000000008b300000, 0x000000008b400000, 0x000000008b400000|100%| O|  |TAMS 0x000000008b400000, 0x000000008b300000| Untracked 
| 180|0x000000008b400000, 0x000000008b500000, 0x000000008b500000|100%| O|  |TAMS 0x000000008b500000, 0x000000008b400000| Untracked 
| 181|0x000000008b500000, 0x000000008b600000, 0x000000008b600000|100%| O|  |TAMS 0x000000008b600000, 0x000000008b500000| Untracked 
| 182|0x000000008b600000, 0x000000008b700000, 0x000000008b700000|100%| O|  |TAMS 0x000000008b700000, 0x000000008b600000| Untracked 
| 183|0x000000008b700000, 0x000000008b800000, 0x000000008b800000|100%| O|  |TAMS 0x000000008b700000, 0x000000008b700000| Untracked 
| 184|0x000000008b800000, 0x000000008b900000, 0x000000008b900000|100%| O|  |TAMS 0x000000008b800000, 0x000000008b800000| Untracked 
| 185|0x000000008b900000, 0x000000008ba00000, 0x000000008ba00000|100%| O|  |TAMS 0x000000008ba00000, 0x000000008b900000| Untracked 
| 186|0x000000008ba00000, 0x000000008bb00000, 0x000000008bb00000|100%| O|  |TAMS 0x000000008bb00000, 0x000000008ba00000| Untracked 
| 187|0x000000008bb00000, 0x000000008bc00000, 0x000000008bc00000|100%| O|  |TAMS 0x000000008bc00000, 0x000000008bb00000| Untracked 
| 188|0x000000008bc00000, 0x000000008bd00000, 0x000000008bd00000|100%| O|  |TAMS 0x000000008bd00000, 0x000000008bc00000| Untracked 
| 189|0x000000008bd00000, 0x000000008be00000, 0x000000008be00000|100%| O|  |TAMS 0x000000008be00000, 0x000000008bd00000| Untracked 
| 190|0x000000008be00000, 0x000000008bf00000, 0x000000008bf00000|100%| O|  |TAMS 0x000000008bf00000, 0x000000008be00000| Untracked 
| 191|0x000000008bf00000, 0x000000008c000000, 0x000000008c000000|100%|HS|  |TAMS 0x000000008bf00000, 0x000000008bf00000| Complete 
| 192|0x000000008c000000, 0x000000008c100000, 0x000000008c100000|100%| O|  |TAMS 0x000000008c100000, 0x000000008c000000| Untracked 
| 193|0x000000008c100000, 0x000000008c200000, 0x000000008c200000|100%| O|  |TAMS 0x000000008c200000, 0x000000008c100000| Untracked 
| 194|0x000000008c200000, 0x000000008c300000, 0x000000008c300000|100%| O|  |TAMS 0x000000008c300000, 0x000000008c200000| Untracked 
| 195|0x000000008c300000, 0x000000008c400000, 0x000000008c400000|100%| O|  |TAMS 0x000000008c400000, 0x000000008c300000| Untracked 
| 196|0x000000008c400000, 0x000000008c500000, 0x000000008c500000|100%| O|  |TAMS 0x000000008c500000, 0x000000008c400000| Untracked 
| 197|0x000000008c500000, 0x000000008c600000, 0x000000008c600000|100%| O|  |TAMS 0x000000008c600000, 0x000000008c500000| Untracked 
| 198|0x000000008c600000, 0x000000008c700000, 0x000000008c700000|100%| O|  |TAMS 0x000000008c700000, 0x000000008c600000| Untracked 
| 199|0x000000008c700000, 0x000000008c800000, 0x000000008c800000|100%| O|  |TAMS 0x000000008c800000, 0x000000008c700000| Untracked 
| 200|0x000000008c800000, 0x000000008c900000, 0x000000008c900000|100%| O|  |TAMS 0x000000008c900000, 0x000000008c800000| Untracked 
| 201|0x000000008c900000, 0x000000008ca00000, 0x000000008ca00000|100%| O|  |TAMS 0x000000008ca00000, 0x000000008c900000| Untracked 
| 202|0x000000008ca00000, 0x000000008cb00000, 0x000000008cb00000|100%| O|  |TAMS 0x000000008cb00000, 0x000000008ca00000| Untracked 
| 203|0x000000008cb00000, 0x000000008cc00000, 0x000000008cc00000|100%| O|  |TAMS 0x000000008cb00000, 0x000000008cb00000| Untracked 
| 204|0x000000008cc00000, 0x000000008cd00000, 0x000000008cd00000|100%| O|  |TAMS 0x000000008cd00000, 0x000000008cc00000| Untracked 
| 205|0x000000008cd00000, 0x000000008ce00000, 0x000000008ce00000|100%| O|  |TAMS 0x000000008ce00000, 0x000000008cd00000| Untracked 
| 206|0x000000008ce00000, 0x000000008cf00000, 0x000000008cf00000|100%| O|  |TAMS 0x000000008cf00000, 0x000000008ce00000| Untracked 
| 207|0x000000008cf00000, 0x000000008d000000, 0x000000008d000000|100%| O|  |TAMS 0x000000008d000000, 0x000000008cf00000| Untracked 
| 208|0x000000008d000000, 0x000000008d100000, 0x000000008d100000|100%| O|  |TAMS 0x000000008d100000, 0x000000008d000000| Untracked 
| 209|0x000000008d100000, 0x000000008d200000, 0x000000008d200000|100%| O|  |TAMS 0x000000008d200000, 0x000000008d100000| Untracked 
| 210|0x000000008d200000, 0x000000008d300000, 0x000000008d300000|100%| O|  |TAMS 0x000000008d300000, 0x000000008d200000| Untracked 
| 211|0x000000008d300000, 0x000000008d400000, 0x000000008d400000|100%| O|  |TAMS 0x000000008d400000, 0x000000008d300000| Untracked 
| 212|0x000000008d400000, 0x000000008d500000, 0x000000008d500000|100%| O|  |TAMS 0x000000008d500000, 0x000000008d400000| Untracked 
| 213|0x000000008d500000, 0x000000008d600000, 0x000000008d600000|100%| O|  |TAMS 0x000000008d600000, 0x000000008d500000| Untracked 
| 214|0x000000008d600000, 0x000000008d700000, 0x000000008d700000|100%| O|  |TAMS 0x000000008d700000, 0x000000008d600000| Untracked 
| 215|0x000000008d700000, 0x000000008d800000, 0x000000008d800000|100%| O|  |TAMS 0x000000008d800000, 0x000000008d700000| Untracked 
| 216|0x000000008d800000, 0x000000008d900000, 0x000000008d900000|100%| O|  |TAMS 0x000000008d900000, 0x000000008d800000| Untracked 
| 217|0x000000008d900000, 0x000000008da00000, 0x000000008da00000|100%| O|  |TAMS 0x000000008da00000, 0x000000008d900000| Untracked 
| 218|0x000000008da00000, 0x000000008db00000, 0x000000008db00000|100%| O|  |TAMS 0x000000008db00000, 0x000000008da00000| Untracked 
| 219|0x000000008db00000, 0x000000008dc00000, 0x000000008dc00000|100%| O|  |TAMS 0x000000008db00000, 0x000000008db00000| Untracked 
| 220|0x000000008dc00000, 0x000000008dd00000, 0x000000008dd00000|100%| O|  |TAMS 0x000000008dd00000, 0x000000008dc00000| Untracked 
| 221|0x000000008dd00000, 0x000000008de00000, 0x000000008de00000|100%| O|  |TAMS 0x000000008de00000, 0x000000008dd00000| Untracked 
| 222|0x000000008de00000, 0x000000008df00000, 0x000000008df00000|100%| O|  |TAMS 0x000000008df00000, 0x000000008de00000| Untracked 
| 223|0x000000008df00000, 0x000000008e000000, 0x000000008e000000|100%| O|  |TAMS 0x000000008e000000, 0x000000008df00000| Untracked 
| 224|0x000000008e000000, 0x000000008e100000, 0x000000008e100000|100%| O|  |TAMS 0x000000008e100000, 0x000000008e000000| Untracked 
| 225|0x000000008e100000, 0x000000008e200000, 0x000000008e200000|100%| O|  |TAMS 0x000000008e200000, 0x000000008e100000| Untracked 
| 226|0x000000008e200000, 0x000000008e300000, 0x000000008e300000|100%| O|  |TAMS 0x000000008e300000, 0x000000008e200000| Untracked 
| 227|0x000000008e300000, 0x000000008e400000, 0x000000008e400000|100%| O|  |TAMS 0x000000008e400000, 0x000000008e300000| Untracked 
| 228|0x000000008e400000, 0x000000008e500000, 0x000000008e500000|100%| O|  |TAMS 0x000000008e500000, 0x000000008e400000| Untracked 
| 229|0x000000008e500000, 0x000000008e600000, 0x000000008e600000|100%| O|  |TAMS 0x000000008e600000, 0x000000008e500000| Untracked 
| 230|0x000000008e600000, 0x000000008e700000, 0x000000008e700000|100%| O|  |TAMS 0x000000008e700000, 0x000000008e600000| Untracked 
| 231|0x000000008e700000, 0x000000008e800000, 0x000000008e800000|100%| O|  |TAMS 0x000000008e800000, 0x000000008e700000| Untracked 
| 232|0x000000008e800000, 0x000000008e900000, 0x000000008e900000|100%| O|  |TAMS 0x000000008e900000, 0x000000008e800000| Untracked 
| 233|0x000000008e900000, 0x000000008ea00000, 0x000000008ea00000|100%| O|  |TAMS 0x000000008ea00000, 0x000000008e900000| Untracked 
| 234|0x000000008ea00000, 0x000000008eb00000, 0x000000008eb00000|100%| O|  |TAMS 0x000000008eb00000, 0x000000008ea00000| Untracked 
| 235|0x000000008eb00000, 0x000000008ec00000, 0x000000008ec00000|100%| O|  |TAMS 0x000000008ec00000, 0x000000008eb00000| Untracked 
| 236|0x000000008ec00000, 0x000000008ed00000, 0x000000008ed00000|100%| O|  |TAMS 0x000000008ed00000, 0x000000008ec00000| Untracked 
| 237|0x000000008ed00000, 0x000000008ee00000, 0x000000008ee00000|100%| O|  |TAMS 0x000000008ee00000, 0x000000008ed00000| Untracked 
| 238|0x000000008ee00000, 0x000000008ef00000, 0x000000008ef00000|100%| O|  |TAMS 0x000000008ef00000, 0x000000008ee00000| Untracked 
| 239|0x000000008ef00000, 0x000000008f000000, 0x000000008f000000|100%| O|  |TAMS 0x000000008f000000, 0x000000008ef00000| Untracked 
| 240|0x000000008f000000, 0x000000008f100000, 0x000000008f100000|100%| O|  |TAMS 0x000000008f100000, 0x000000008f000000| Untracked 
| 241|0x000000008f100000, 0x000000008f200000, 0x000000008f200000|100%| O|  |TAMS 0x000000008f200000, 0x000000008f100000| Untracked 
| 242|0x000000008f200000, 0x000000008f300000, 0x000000008f300000|100%| O|  |TAMS 0x000000008f300000, 0x000000008f200000| Untracked 
| 243|0x000000008f300000, 0x000000008f400000, 0x000000008f400000|100%| O|  |TAMS 0x000000008f400000, 0x000000008f300000| Untracked 
| 244|0x000000008f400000, 0x000000008f500000, 0x000000008f500000|100%| O|  |TAMS 0x000000008f500000, 0x000000008f400000| Untracked 
| 245|0x000000008f500000, 0x000000008f600000, 0x000000008f600000|100%| O|  |TAMS 0x000000008f600000, 0x000000008f500000| Untracked 
| 246|0x000000008f600000, 0x000000008f700000, 0x000000008f700000|100%| O|  |TAMS 0x000000008f700000, 0x000000008f600000| Untracked 
| 247|0x000000008f700000, 0x000000008f800000, 0x000000008f800000|100%| O|  |TAMS 0x000000008f800000, 0x000000008f700000| Untracked 
| 248|0x000000008f800000, 0x000000008f900000, 0x000000008f900000|100%| O|  |TAMS 0x000000008f900000, 0x000000008f800000| Untracked 
| 249|0x000000008f900000, 0x000000008fa00000, 0x000000008fa00000|100%| O|  |TAMS 0x000000008fa00000, 0x000000008f900000| Untracked 
| 250|0x000000008fa00000, 0x000000008fb00000, 0x000000008fb00000|100%| O|  |TAMS 0x000000008fb00000, 0x000000008fa00000| Untracked 
| 251|0x000000008fb00000, 0x000000008fc00000, 0x000000008fc00000|100%| O|  |TAMS 0x000000008fc00000, 0x000000008fb00000| Untracked 
| 252|0x000000008fc00000, 0x000000008fd00000, 0x000000008fd00000|100%| O|  |TAMS 0x000000008fd00000, 0x000000008fc00000| Untracked 
| 253|0x000000008fd00000, 0x000000008fe00000, 0x000000008fe00000|100%| O|  |TAMS 0x000000008fe00000, 0x000000008fd00000| Untracked 
| 254|0x000000008fe00000, 0x000000008ff00000, 0x000000008ff00000|100%| O|  |TAMS 0x000000008ff00000, 0x000000008fe00000| Untracked 
| 255|0x000000008ff00000, 0x0000000090000000, 0x0000000090000000|100%| O|  |TAMS 0x0000000090000000, 0x000000008ff00000| Untracked 
| 256|0x0000000090000000, 0x0000000090100000, 0x0000000090100000|100%| O|  |TAMS 0x0000000090100000, 0x0000000090000000| Untracked 
| 257|0x0000000090100000, 0x0000000090200000, 0x0000000090200000|100%| O|  |TAMS 0x0000000090200000, 0x0000000090100000| Untracked 
| 258|0x0000000090200000, 0x0000000090300000, 0x0000000090300000|100%| O|  |TAMS 0x0000000090300000, 0x0000000090200000| Untracked 
| 259|0x0000000090300000, 0x0000000090400000, 0x0000000090400000|100%| O|  |TAMS 0x0000000090400000, 0x0000000090300000| Untracked 
| 260|0x0000000090400000, 0x0000000090500000, 0x0000000090500000|100%| O|  |TAMS 0x0000000090500000, 0x0000000090400000| Untracked 
| 261|0x0000000090500000, 0x0000000090600000, 0x0000000090600000|100%| O|  |TAMS 0x0000000090600000, 0x0000000090500000| Untracked 
| 262|0x0000000090600000, 0x0000000090700000, 0x0000000090700000|100%| O|  |TAMS 0x0000000090700000, 0x0000000090600000| Untracked 
| 263|0x0000000090700000, 0x0000000090800000, 0x0000000090800000|100%| O|  |TAMS 0x0000000090800000, 0x0000000090700000| Untracked 
| 264|0x0000000090800000, 0x0000000090900000, 0x0000000090900000|100%| O|  |TAMS 0x0000000090900000, 0x0000000090800000| Untracked 
| 265|0x0000000090900000, 0x0000000090a00000, 0x0000000090a00000|100%| O|  |TAMS 0x0000000090a00000, 0x0000000090900000| Untracked 
| 266|0x0000000090a00000, 0x0000000090b00000, 0x0000000090b00000|100%| O|  |TAMS 0x0000000090b00000, 0x0000000090a00000| Untracked 
| 267|0x0000000090b00000, 0x0000000090c00000, 0x0000000090c00000|100%| O|  |TAMS 0x0000000090b76800, 0x0000000090b00000| Untracked 
| 268|0x0000000090c00000, 0x0000000090d00000, 0x0000000090d00000|100%| O|  |TAMS 0x0000000090c00000, 0x0000000090c00000| Untracked 
| 269|0x0000000090d00000, 0x0000000090e00000, 0x0000000090e00000|100%| O|  |TAMS 0x0000000090d00000, 0x0000000090d00000| Untracked 
| 270|0x0000000090e00000, 0x0000000090f00000, 0x0000000090f00000|100%| O|  |TAMS 0x0000000090e00000, 0x0000000090e00000| Untracked 
| 271|0x0000000090f00000, 0x0000000091000000, 0x0000000091000000|100%| O|  |TAMS 0x0000000090f00000, 0x0000000090f00000| Untracked 
| 272|0x0000000091000000, 0x0000000091100000, 0x0000000091100000|100%| O|  |TAMS 0x0000000091000000, 0x0000000091000000| Untracked 
| 273|0x0000000091100000, 0x0000000091200000, 0x0000000091200000|100%| O|  |TAMS 0x0000000091100000, 0x0000000091100000| Untracked 
| 274|0x0000000091200000, 0x0000000091300000, 0x0000000091300000|100%| O|  |TAMS 0x0000000091200000, 0x0000000091200000| Untracked 
| 275|0x0000000091300000, 0x0000000091400000, 0x0000000091400000|100%| O|  |TAMS 0x0000000091300000, 0x0000000091300000| Untracked 
| 276|0x0000000091400000, 0x0000000091500000, 0x0000000091500000|100%| O|  |TAMS 0x0000000091400000, 0x0000000091400000| Untracked 
| 277|0x0000000091500000, 0x0000000091600000, 0x0000000091600000|100%| O|  |TAMS 0x0000000091500000, 0x0000000091500000| Untracked 
| 278|0x0000000091600000, 0x0000000091700000, 0x0000000091700000|100%| O|  |TAMS 0x0000000091600000, 0x0000000091600000| Untracked 
| 279|0x0000000091700000, 0x0000000091800000, 0x0000000091800000|100%| O|  |TAMS 0x0000000091700000, 0x0000000091700000| Untracked 
| 280|0x0000000091800000, 0x0000000091900000, 0x0000000091900000|100%| O|  |TAMS 0x0000000091800000, 0x0000000091800000| Untracked 
| 281|0x0000000091900000, 0x0000000091a00000, 0x0000000091a00000|100%| O|  |TAMS 0x0000000091900000, 0x0000000091900000| Untracked 
| 282|0x0000000091a00000, 0x0000000091b00000, 0x0000000091b00000|100%| O|  |TAMS 0x0000000091a00000, 0x0000000091a00000| Untracked 
| 283|0x0000000091b00000, 0x0000000091c00000, 0x0000000091c00000|100%| O|  |TAMS 0x0000000091b00000, 0x0000000091b00000| Untracked 
| 284|0x0000000091c00000, 0x0000000091d00000, 0x0000000091d00000|100%| O|  |TAMS 0x0000000091c00000, 0x0000000091c00000| Untracked 
| 285|0x0000000091d00000, 0x0000000091e00000, 0x0000000091e00000|100%| O|  |TAMS 0x0000000091d00000, 0x0000000091d00000| Untracked 
| 286|0x0000000091e00000, 0x0000000091f00000, 0x0000000091f00000|100%| O|  |TAMS 0x0000000091e00000, 0x0000000091e00000| Untracked 
| 287|0x0000000091f00000, 0x0000000092000000, 0x0000000092000000|100%| O|  |TAMS 0x0000000091f00000, 0x0000000091f00000| Untracked 
| 288|0x0000000092000000, 0x0000000092100000, 0x0000000092100000|100%| O|  |TAMS 0x0000000092000000, 0x0000000092000000| Untracked 
| 289|0x0000000092100000, 0x0000000092200000, 0x0000000092200000|100%| O|  |TAMS 0x0000000092100000, 0x0000000092100000| Untracked 
| 290|0x0000000092200000, 0x0000000092300000, 0x0000000092300000|100%| O|  |TAMS 0x0000000092200000, 0x0000000092200000| Untracked 
| 291|0x0000000092300000, 0x0000000092400000, 0x0000000092400000|100%| O|  |TAMS 0x0000000092300000, 0x0000000092300000| Untracked 
| 292|0x0000000092400000, 0x0000000092500000, 0x0000000092500000|100%| O|  |TAMS 0x0000000092400000, 0x0000000092400000| Untracked 
| 293|0x0000000092500000, 0x0000000092600000, 0x0000000092600000|100%| O|  |TAMS 0x0000000092500000, 0x0000000092500000| Untracked 
| 294|0x0000000092600000, 0x0000000092700000, 0x0000000092700000|100%| O|  |TAMS 0x0000000092600000, 0x0000000092600000| Untracked 
| 295|0x0000000092700000, 0x0000000092800000, 0x0000000092800000|100%| O|  |TAMS 0x0000000092700000, 0x0000000092700000| Untracked 
| 296|0x0000000092800000, 0x0000000092900000, 0x0000000092900000|100%| O|  |TAMS 0x0000000092800000, 0x0000000092800000| Untracked 
| 297|0x0000000092900000, 0x0000000092a00000, 0x0000000092a00000|100%| O|  |TAMS 0x0000000092900000, 0x0000000092900000| Untracked 
| 298|0x0000000092a00000, 0x0000000092b00000, 0x0000000092b00000|100%| O|  |TAMS 0x0000000092a00000, 0x0000000092a00000| Untracked 
| 299|0x0000000092b00000, 0x0000000092c00000, 0x0000000092c00000|100%| O|  |TAMS 0x0000000092b00000, 0x0000000092b00000| Untracked 
| 300|0x0000000092c00000, 0x0000000092d00000, 0x0000000092d00000|100%| O|  |TAMS 0x0000000092c00000, 0x0000000092c00000| Untracked 
| 301|0x0000000092d00000, 0x0000000092e00000, 0x0000000092e00000|100%| O|  |TAMS 0x0000000092d00000, 0x0000000092d00000| Untracked 
| 302|0x0000000092e00000, 0x0000000092f00000, 0x0000000092f00000|100%| O|  |TAMS 0x0000000092e00000, 0x0000000092e00000| Untracked 
| 303|0x0000000092f00000, 0x0000000093000000, 0x0000000093000000|100%| O|  |TAMS 0x0000000092f00000, 0x0000000092f00000| Untracked 
| 304|0x0000000093000000, 0x0000000093100000, 0x0000000093100000|100%| O|  |TAMS 0x0000000093000000, 0x0000000093000000| Untracked 
| 305|0x0000000093100000, 0x0000000093200000, 0x0000000093200000|100%| O|  |TAMS 0x0000000093100000, 0x0000000093100000| Untracked 
| 306|0x0000000093200000, 0x0000000093300000, 0x0000000093300000|100%| O|  |TAMS 0x0000000093200000, 0x0000000093200000| Untracked 
| 307|0x0000000093300000, 0x0000000093400000, 0x0000000093400000|100%| O|  |TAMS 0x0000000093300000, 0x0000000093300000| Untracked 
| 308|0x0000000093400000, 0x0000000093500000, 0x0000000093500000|100%| O|  |TAMS 0x0000000093400000, 0x0000000093400000| Untracked 
| 309|0x0000000093500000, 0x0000000093600000, 0x0000000093600000|100%| O|  |TAMS 0x0000000093500000, 0x0000000093500000| Untracked 
| 310|0x0000000093600000, 0x0000000093700000, 0x0000000093700000|100%| O|  |TAMS 0x0000000093600000, 0x0000000093600000| Untracked 
| 311|0x0000000093700000, 0x0000000093800000, 0x0000000093800000|100%| O|  |TAMS 0x0000000093700000, 0x0000000093700000| Untracked 
| 312|0x0000000093800000, 0x0000000093900000, 0x0000000093900000|100%| O|  |TAMS 0x0000000093800000, 0x0000000093800000| Untracked 
| 313|0x0000000093900000, 0x0000000093a00000, 0x0000000093a00000|100%| O|  |TAMS 0x0000000093900000, 0x0000000093900000| Untracked 
| 314|0x0000000093a00000, 0x0000000093b00000, 0x0000000093b00000|100%| O|  |TAMS 0x0000000093a00000, 0x0000000093a00000| Untracked 
| 315|0x0000000093b00000, 0x0000000093c00000, 0x0000000093c00000|100%| O|  |TAMS 0x0000000093b00000, 0x0000000093b00000| Untracked 
| 316|0x0000000093c00000, 0x0000000093d00000, 0x0000000093d00000|100%| O|  |TAMS 0x0000000093c00000, 0x0000000093c00000| Untracked 
| 317|0x0000000093d00000, 0x0000000093e00000, 0x0000000093e00000|100%| O|  |TAMS 0x0000000093d00000, 0x0000000093d00000| Untracked 
| 318|0x0000000093e00000, 0x0000000093f00000, 0x0000000093f00000|100%| O|  |TAMS 0x0000000093e00000, 0x0000000093e00000| Untracked 
| 319|0x0000000093f00000, 0x0000000094000000, 0x0000000094000000|100%| O|  |TAMS 0x0000000093f00000, 0x0000000093f00000| Untracked 
| 320|0x0000000094000000, 0x0000000094100000, 0x0000000094100000|100%| O|  |TAMS 0x0000000094000000, 0x0000000094000000| Untracked 
| 321|0x0000000094100000, 0x0000000094200000, 0x0000000094200000|100%| O|  |TAMS 0x0000000094100000, 0x0000000094100000| Untracked 
| 322|0x0000000094200000, 0x0000000094300000, 0x0000000094300000|100%| O|  |TAMS 0x0000000094200000, 0x0000000094200000| Untracked 
| 323|0x0000000094300000, 0x0000000094400000, 0x0000000094400000|100%| O|  |TAMS 0x0000000094300000, 0x0000000094300000| Untracked 
| 324|0x0000000094400000, 0x0000000094500000, 0x0000000094500000|100%| O|  |TAMS 0x0000000094400000, 0x0000000094400000| Untracked 
| 325|0x0000000094500000, 0x0000000094600000, 0x0000000094600000|100%| O|  |TAMS 0x0000000094500000, 0x0000000094500000| Untracked 
| 326|0x0000000094600000, 0x0000000094700000, 0x0000000094700000|100%| O|  |TAMS 0x0000000094600000, 0x0000000094600000| Untracked 
| 327|0x0000000094700000, 0x0000000094800000, 0x0000000094800000|100%| O|  |TAMS 0x0000000094700000, 0x0000000094700000| Untracked 
| 328|0x0000000094800000, 0x0000000094900000, 0x0000000094900000|100%| O|  |TAMS 0x0000000094800000, 0x0000000094800000| Untracked 
| 329|0x0000000094900000, 0x0000000094a00000, 0x0000000094a00000|100%| O|  |TAMS 0x0000000094900000, 0x0000000094900000| Untracked 
| 330|0x0000000094a00000, 0x0000000094b00000, 0x0000000094b00000|100%| O|  |TAMS 0x0000000094a00000, 0x0000000094a00000| Untracked 
| 331|0x0000000094b00000, 0x0000000094c00000, 0x0000000094c00000|100%| O|  |TAMS 0x0000000094b00000, 0x0000000094b00000| Untracked 
| 332|0x0000000094c00000, 0x0000000094d00000, 0x0000000094d00000|100%| O|  |TAMS 0x0000000094c00000, 0x0000000094c00000| Untracked 
| 333|0x0000000094d00000, 0x0000000094e00000, 0x0000000094e00000|100%| O|  |TAMS 0x0000000094d00000, 0x0000000094d00000| Untracked 
| 334|0x0000000094e00000, 0x0000000094f00000, 0x0000000094f00000|100%| O|  |TAMS 0x0000000094e00000, 0x0000000094e00000| Untracked 
| 335|0x0000000094f00000, 0x0000000095000000, 0x0000000095000000|100%| O|  |TAMS 0x0000000094f00000, 0x0000000094f00000| Untracked 
| 336|0x0000000095000000, 0x0000000095100000, 0x0000000095100000|100%| O|  |TAMS 0x0000000095000000, 0x0000000095000000| Untracked 
| 337|0x0000000095100000, 0x0000000095200000, 0x0000000095200000|100%| O|  |TAMS 0x0000000095100000, 0x0000000095100000| Untracked 
| 338|0x0000000095200000, 0x0000000095300000, 0x0000000095300000|100%| O|  |TAMS 0x0000000095200000, 0x0000000095200000| Untracked 
| 339|0x0000000095300000, 0x0000000095400000, 0x0000000095400000|100%| O|  |TAMS 0x0000000095300000, 0x0000000095300000| Untracked 
| 340|0x0000000095400000, 0x0000000095500000, 0x0000000095500000|100%| O|  |TAMS 0x0000000095400000, 0x0000000095400000| Untracked 
| 341|0x0000000095500000, 0x0000000095600000, 0x0000000095600000|100%| O|  |TAMS 0x0000000095500000, 0x0000000095500000| Untracked 
| 342|0x0000000095600000, 0x0000000095700000, 0x0000000095700000|100%| O|  |TAMS 0x0000000095600000, 0x0000000095600000| Untracked 
| 343|0x0000000095700000, 0x0000000095800000, 0x0000000095800000|100%| O|  |TAMS 0x0000000095700000, 0x0000000095700000| Untracked 
| 344|0x0000000095800000, 0x0000000095900000, 0x0000000095900000|100%| O|  |TAMS 0x0000000095800000, 0x0000000095800000| Untracked 
| 345|0x0000000095900000, 0x0000000095a00000, 0x0000000095a00000|100%| O|  |TAMS 0x0000000095900000, 0x0000000095900000| Untracked 
| 346|0x0000000095a00000, 0x0000000095b00000, 0x0000000095b00000|100%| O|  |TAMS 0x0000000095a00000, 0x0000000095a00000| Untracked 
| 347|0x0000000095b00000, 0x0000000095c00000, 0x0000000095c00000|100%| O|  |TAMS 0x0000000095b00000, 0x0000000095b00000| Untracked 
| 348|0x0000000095c00000, 0x0000000095d00000, 0x0000000095d00000|100%| O|  |TAMS 0x0000000095c00000, 0x0000000095c00000| Untracked 
| 349|0x0000000095d00000, 0x0000000095e00000, 0x0000000095e00000|100%| O|  |TAMS 0x0000000095d00000, 0x0000000095d00000| Untracked 
| 350|0x0000000095e00000, 0x0000000095f00000, 0x0000000095f00000|100%| O|  |TAMS 0x0000000095e00000, 0x0000000095e00000| Untracked 
| 351|0x0000000095f00000, 0x0000000096000000, 0x0000000096000000|100%| O|  |TAMS 0x0000000095f00000, 0x0000000095f00000| Untracked 
| 352|0x0000000096000000, 0x0000000096100000, 0x0000000096100000|100%| O|  |TAMS 0x0000000096000000, 0x0000000096000000| Untracked 
| 353|0x0000000096100000, 0x0000000096200000, 0x0000000096200000|100%| O|  |TAMS 0x0000000096100000, 0x0000000096100000| Untracked 
| 354|0x0000000096200000, 0x0000000096300000, 0x0000000096300000|100%| O|  |TAMS 0x0000000096200000, 0x0000000096200000| Untracked 
| 355|0x0000000096300000, 0x0000000096400000, 0x0000000096400000|100%| O|  |TAMS 0x0000000096300000, 0x0000000096300000| Untracked 
| 356|0x0000000096400000, 0x0000000096500000, 0x0000000096500000|100%| O|  |TAMS 0x0000000096400000, 0x0000000096400000| Untracked 
| 357|0x0000000096500000, 0x0000000096600000, 0x0000000096600000|100%| O|  |TAMS 0x0000000096500000, 0x0000000096500000| Untracked 
| 358|0x0000000096600000, 0x0000000096700000, 0x0000000096700000|100%| O|  |TAMS 0x0000000096600000, 0x0000000096600000| Untracked 
| 359|0x0000000096700000, 0x0000000096800000, 0x0000000096800000|100%| O|  |TAMS 0x0000000096700000, 0x0000000096700000| Untracked 
| 360|0x0000000096800000, 0x0000000096900000, 0x0000000096900000|100%| O|  |TAMS 0x0000000096800000, 0x0000000096800000| Untracked 
| 361|0x0000000096900000, 0x0000000096a00000, 0x0000000096a00000|100%| O|  |TAMS 0x0000000096900000, 0x0000000096900000| Untracked 
| 362|0x0000000096a00000, 0x0000000096b00000, 0x0000000096b00000|100%| O|  |TAMS 0x0000000096a00000, 0x0000000096a00000| Untracked 
| 363|0x0000000096b00000, 0x0000000096c00000, 0x0000000096c00000|100%| O|  |TAMS 0x0000000096b00000, 0x0000000096b00000| Untracked 
| 364|0x0000000096c00000, 0x0000000096d00000, 0x0000000096d00000|100%| O|  |TAMS 0x0000000096c00000, 0x0000000096c00000| Untracked 
| 365|0x0000000096d00000, 0x0000000096d00000, 0x0000000096e00000|  0%| F|  |TAMS 0x0000000096d00000, 0x0000000096d00000| Untracked 
| 366|0x0000000096e00000, 0x0000000096e00000, 0x0000000096f00000|  0%| F|  |TAMS 0x0000000096e00000, 0x0000000096e00000| Untracked 
| 367|0x0000000096f00000, 0x0000000096f00000, 0x0000000097000000|  0%| F|  |TAMS 0x0000000096f00000, 0x0000000096f00000| Untracked 
| 368|0x0000000097000000, 0x0000000097000000, 0x0000000097100000|  0%| F|  |TAMS 0x0000000097000000, 0x0000000097000000| Untracked 
| 369|0x0000000097100000, 0x0000000097100000, 0x0000000097200000|  0%| F|  |TAMS 0x0000000097100000, 0x0000000097100000| Untracked 
| 370|0x0000000097200000, 0x0000000097200000, 0x0000000097300000|  0%| F|  |TAMS 0x0000000097200000, 0x0000000097200000| Untracked 
| 371|0x0000000097300000, 0x0000000097300000, 0x0000000097400000|  0%| F|  |TAMS 0x0000000097300000, 0x0000000097300000| Untracked 
| 372|0x0000000097400000, 0x0000000097400000, 0x0000000097500000|  0%| F|  |TAMS 0x0000000097400000, 0x0000000097400000| Untracked 
| 373|0x0000000097500000, 0x0000000097500000, 0x0000000097600000|  0%| F|  |TAMS 0x0000000097500000, 0x0000000097500000| Untracked 
| 374|0x0000000097600000, 0x0000000097600000, 0x0000000097700000|  0%| F|  |TAMS 0x0000000097600000, 0x0000000097600000| Untracked 
| 375|0x0000000097700000, 0x0000000097700000, 0x0000000097800000|  0%| F|  |TAMS 0x0000000097700000, 0x0000000097700000| Untracked 
| 376|0x0000000097800000, 0x0000000097800000, 0x0000000097900000|  0%| F|  |TAMS 0x0000000097800000, 0x0000000097800000| Untracked 
| 377|0x0000000097900000, 0x0000000097900000, 0x0000000097a00000|  0%| F|  |TAMS 0x0000000097900000, 0x0000000097900000| Untracked 
| 378|0x0000000097a00000, 0x0000000097a00000, 0x0000000097b00000|  0%| F|  |TAMS 0x0000000097a00000, 0x0000000097a00000| Untracked 
| 379|0x0000000097b00000, 0x0000000097b00000, 0x0000000097c00000|  0%| F|  |TAMS 0x0000000097b00000, 0x0000000097b00000| Untracked 
| 380|0x0000000097c00000, 0x0000000097c00000, 0x0000000097d00000|  0%| F|  |TAMS 0x0000000097c00000, 0x0000000097c00000| Untracked 
| 381|0x0000000097d00000, 0x0000000097d00000, 0x0000000097e00000|  0%| F|  |TAMS 0x0000000097d00000, 0x0000000097d00000| Untracked 
| 382|0x0000000097e00000, 0x0000000097e00000, 0x0000000097f00000|  0%| F|  |TAMS 0x0000000097e00000, 0x0000000097e00000| Untracked 
| 383|0x0000000097f00000, 0x0000000097f00000, 0x0000000098000000|  0%| F|  |TAMS 0x0000000097f00000, 0x0000000097f00000| Untracked 
| 384|0x0000000098000000, 0x0000000098000000, 0x0000000098100000|  0%| F|  |TAMS 0x0000000098000000, 0x0000000098000000| Untracked 
| 385|0x0000000098100000, 0x0000000098100000, 0x0000000098200000|  0%| F|  |TAMS 0x0000000098100000, 0x0000000098100000| Untracked 
| 386|0x0000000098200000, 0x0000000098200000, 0x0000000098300000|  0%| F|  |TAMS 0x0000000098200000, 0x0000000098200000| Untracked 
| 387|0x0000000098300000, 0x0000000098300000, 0x0000000098400000|  0%| F|  |TAMS 0x0000000098300000, 0x0000000098300000| Untracked 
| 388|0x0000000098400000, 0x0000000098400000, 0x0000000098500000|  0%| F|  |TAMS 0x0000000098400000, 0x0000000098400000| Untracked 
| 389|0x0000000098500000, 0x0000000098500000, 0x0000000098600000|  0%| F|  |TAMS 0x0000000098500000, 0x0000000098500000| Untracked 
| 390|0x0000000098600000, 0x0000000098600000, 0x0000000098700000|  0%| F|  |TAMS 0x0000000098600000, 0x0000000098600000| Untracked 
| 391|0x0000000098700000, 0x0000000098700000, 0x0000000098800000|  0%| F|  |TAMS 0x0000000098700000, 0x0000000098700000| Untracked 
| 392|0x0000000098800000, 0x0000000098800000, 0x0000000098900000|  0%| F|  |TAMS 0x0000000098800000, 0x0000000098800000| Untracked 
| 393|0x0000000098900000, 0x0000000098900000, 0x0000000098a00000|  0%| F|  |TAMS 0x0000000098900000, 0x0000000098900000| Untracked 
| 394|0x0000000098a00000, 0x0000000098a00000, 0x0000000098b00000|  0%| F|  |TAMS 0x0000000098a00000, 0x0000000098a00000| Untracked 
| 395|0x0000000098b00000, 0x0000000098b00000, 0x0000000098c00000|  0%| F|  |TAMS 0x0000000098b00000, 0x0000000098b00000| Untracked 
| 396|0x0000000098c00000, 0x0000000098c00000, 0x0000000098d00000|  0%| F|  |TAMS 0x0000000098c00000, 0x0000000098c00000| Untracked 
| 397|0x0000000098d00000, 0x0000000098d00000, 0x0000000098e00000|  0%| F|  |TAMS 0x0000000098d00000, 0x0000000098d00000| Untracked 
| 398|0x0000000098e00000, 0x0000000098e00000, 0x0000000098f00000|  0%| F|  |TAMS 0x0000000098e00000, 0x0000000098e00000| Untracked 
| 399|0x0000000098f00000, 0x0000000098f00000, 0x0000000099000000|  0%| F|  |TAMS 0x0000000098f00000, 0x0000000098f00000| Untracked 
| 400|0x0000000099000000, 0x0000000099000000, 0x0000000099100000|  0%| F|  |TAMS 0x0000000099000000, 0x0000000099000000| Untracked 
| 401|0x0000000099100000, 0x0000000099100000, 0x0000000099200000|  0%| F|  |TAMS 0x0000000099100000, 0x0000000099100000| Untracked 
| 402|0x0000000099200000, 0x0000000099200000, 0x0000000099300000|  0%| F|  |TAMS 0x0000000099200000, 0x0000000099200000| Untracked 
| 403|0x0000000099300000, 0x0000000099300000, 0x0000000099400000|  0%| F|  |TAMS 0x0000000099300000, 0x0000000099300000| Untracked 
| 404|0x0000000099400000, 0x0000000099400000, 0x0000000099500000|  0%| F|  |TAMS 0x0000000099400000, 0x0000000099400000| Untracked 
| 405|0x0000000099500000, 0x0000000099500000, 0x0000000099600000|  0%| F|  |TAMS 0x0000000099500000, 0x0000000099500000| Untracked 
| 406|0x0000000099600000, 0x0000000099600000, 0x0000000099700000|  0%| F|  |TAMS 0x0000000099600000, 0x0000000099600000| Untracked 
| 407|0x0000000099700000, 0x0000000099700000, 0x0000000099800000|  0%| F|  |TAMS 0x0000000099700000, 0x0000000099700000| Untracked 
| 408|0x0000000099800000, 0x0000000099800000, 0x0000000099900000|  0%| F|  |TAMS 0x0000000099800000, 0x0000000099800000| Untracked 
| 409|0x0000000099900000, 0x0000000099900000, 0x0000000099a00000|  0%| F|  |TAMS 0x0000000099900000, 0x0000000099900000| Untracked 
| 410|0x0000000099a00000, 0x0000000099a00000, 0x0000000099b00000|  0%| F|  |TAMS 0x0000000099a00000, 0x0000000099a00000| Untracked 
| 411|0x0000000099b00000, 0x0000000099b00000, 0x0000000099c00000|  0%| F|  |TAMS 0x0000000099b00000, 0x0000000099b00000| Untracked 
| 412|0x0000000099c00000, 0x0000000099c00000, 0x0000000099d00000|  0%| F|  |TAMS 0x0000000099c00000, 0x0000000099c00000| Untracked 
| 413|0x0000000099d00000, 0x0000000099d00000, 0x0000000099e00000|  0%| F|  |TAMS 0x0000000099d00000, 0x0000000099d00000| Untracked 
| 414|0x0000000099e00000, 0x0000000099e00000, 0x0000000099f00000|  0%| F|  |TAMS 0x0000000099e00000, 0x0000000099e00000| Untracked 
| 415|0x0000000099f00000, 0x0000000099f00000, 0x000000009a000000|  0%| F|  |TAMS 0x0000000099f00000, 0x0000000099f00000| Untracked 
| 416|0x000000009a000000, 0x000000009a000000, 0x000000009a100000|  0%| F|  |TAMS 0x000000009a000000, 0x000000009a000000| Untracked 
| 417|0x000000009a100000, 0x000000009a100000, 0x000000009a200000|  0%| F|  |TAMS 0x000000009a100000, 0x000000009a100000| Untracked 
| 418|0x000000009a200000, 0x000000009a200000, 0x000000009a300000|  0%| F|  |TAMS 0x000000009a200000, 0x000000009a200000| Untracked 
| 419|0x000000009a300000, 0x000000009a300000, 0x000000009a400000|  0%| F|  |TAMS 0x000000009a300000, 0x000000009a300000| Untracked 
| 420|0x000000009a400000, 0x000000009a400000, 0x000000009a500000|  0%| F|  |TAMS 0x000000009a400000, 0x000000009a400000| Untracked 
| 421|0x000000009a500000, 0x000000009a500000, 0x000000009a600000|  0%| F|  |TAMS 0x000000009a500000, 0x000000009a500000| Untracked 
| 422|0x000000009a600000, 0x000000009a600000, 0x000000009a700000|  0%| F|  |TAMS 0x000000009a600000, 0x000000009a600000| Untracked 
| 423|0x000000009a700000, 0x000000009a700000, 0x000000009a800000|  0%| F|  |TAMS 0x000000009a700000, 0x000000009a700000| Untracked 
| 424|0x000000009a800000, 0x000000009a800000, 0x000000009a900000|  0%| F|  |TAMS 0x000000009a800000, 0x000000009a800000| Untracked 
| 425|0x000000009a900000, 0x000000009a900000, 0x000000009aa00000|  0%| F|  |TAMS 0x000000009a900000, 0x000000009a900000| Untracked 
| 426|0x000000009aa00000, 0x000000009aa00000, 0x000000009ab00000|  0%| F|  |TAMS 0x000000009aa00000, 0x000000009aa00000| Untracked 
| 427|0x000000009ab00000, 0x000000009ab00000, 0x000000009ac00000|  0%| F|  |TAMS 0x000000009ab00000, 0x000000009ab00000| Untracked 
| 428|0x000000009ac00000, 0x000000009ac00000, 0x000000009ad00000|  0%| F|  |TAMS 0x000000009ac00000, 0x000000009ac00000| Untracked 
| 429|0x000000009ad00000, 0x000000009ad00000, 0x000000009ae00000|  0%| F|  |TAMS 0x000000009ad00000, 0x000000009ad00000| Untracked 
| 430|0x000000009ae00000, 0x000000009ae00000, 0x000000009af00000|  0%| F|  |TAMS 0x000000009ae00000, 0x000000009ae00000| Untracked 
| 431|0x000000009af00000, 0x000000009af00000, 0x000000009b000000|  0%| F|  |TAMS 0x000000009af00000, 0x000000009af00000| Untracked 
| 432|0x000000009b000000, 0x000000009b000000, 0x000000009b100000|  0%| F|  |TAMS 0x000000009b000000, 0x000000009b000000| Untracked 
| 433|0x000000009b100000, 0x000000009b100000, 0x000000009b200000|  0%| F|  |TAMS 0x000000009b100000, 0x000000009b100000| Untracked 
| 434|0x000000009b200000, 0x000000009b200000, 0x000000009b300000|  0%| F|  |TAMS 0x000000009b200000, 0x000000009b200000| Untracked 
| 435|0x000000009b300000, 0x000000009b300000, 0x000000009b400000|  0%| F|  |TAMS 0x000000009b300000, 0x000000009b300000| Untracked 
| 436|0x000000009b400000, 0x000000009b400000, 0x000000009b500000|  0%| F|  |TAMS 0x000000009b400000, 0x000000009b400000| Untracked 
| 437|0x000000009b500000, 0x000000009b500000, 0x000000009b600000|  0%| F|  |TAMS 0x000000009b500000, 0x000000009b500000| Untracked 
| 438|0x000000009b600000, 0x000000009b600000, 0x000000009b700000|  0%| F|  |TAMS 0x000000009b600000, 0x000000009b600000| Untracked 
| 439|0x000000009b700000, 0x000000009b700000, 0x000000009b800000|  0%| F|  |TAMS 0x000000009b700000, 0x000000009b700000| Untracked 
| 440|0x000000009b800000, 0x000000009b800000, 0x000000009b900000|  0%| F|  |TAMS 0x000000009b800000, 0x000000009b800000| Untracked 
| 441|0x000000009b900000, 0x000000009b900000, 0x000000009ba00000|  0%| F|  |TAMS 0x000000009b900000, 0x000000009b900000| Untracked 
| 442|0x000000009ba00000, 0x000000009ba00000, 0x000000009bb00000|  0%| F|  |TAMS 0x000000009ba00000, 0x000000009ba00000| Untracked 
| 443|0x000000009bb00000, 0x000000009bb00000, 0x000000009bc00000|  0%| F|  |TAMS 0x000000009bb00000, 0x000000009bb00000| Untracked 
| 444|0x000000009bc00000, 0x000000009bc00000, 0x000000009bd00000|  0%| F|  |TAMS 0x000000009bc00000, 0x000000009bc00000| Untracked 
| 445|0x000000009bd00000, 0x000000009bd00000, 0x000000009be00000|  0%| F|  |TAMS 0x000000009bd00000, 0x000000009bd00000| Untracked 
| 446|0x000000009be00000, 0x000000009be00000, 0x000000009bf00000|  0%| F|  |TAMS 0x000000009be00000, 0x000000009be00000| Untracked 
| 447|0x000000009bf00000, 0x000000009bf00000, 0x000000009c000000|  0%| F|  |TAMS 0x000000009bf00000, 0x000000009bf00000| Untracked 
| 448|0x000000009c000000, 0x000000009c000000, 0x000000009c100000|  0%| F|  |TAMS 0x000000009c000000, 0x000000009c000000| Untracked 
| 449|0x000000009c100000, 0x000000009c100000, 0x000000009c200000|  0%| F|  |TAMS 0x000000009c100000, 0x000000009c100000| Untracked 
| 450|0x000000009c200000, 0x000000009c200000, 0x000000009c300000|  0%| F|  |TAMS 0x000000009c200000, 0x000000009c200000| Untracked 
| 451|0x000000009c300000, 0x000000009c300000, 0x000000009c400000|  0%| F|  |TAMS 0x000000009c300000, 0x000000009c300000| Untracked 
| 452|0x000000009c400000, 0x000000009c400000, 0x000000009c500000|  0%| F|  |TAMS 0x000000009c400000, 0x000000009c400000| Untracked 
| 453|0x000000009c500000, 0x000000009c500000, 0x000000009c600000|  0%| F|  |TAMS 0x000000009c500000, 0x000000009c500000| Untracked 
| 454|0x000000009c600000, 0x000000009c600000, 0x000000009c700000|  0%| F|  |TAMS 0x000000009c600000, 0x000000009c600000| Untracked 
| 455|0x000000009c700000, 0x000000009c700000, 0x000000009c800000|  0%| F|  |TAMS 0x000000009c700000, 0x000000009c700000| Untracked 
| 456|0x000000009c800000, 0x000000009c800000, 0x000000009c900000|  0%| F|  |TAMS 0x000000009c800000, 0x000000009c800000| Untracked 
| 457|0x000000009c900000, 0x000000009c900000, 0x000000009ca00000|  0%| F|  |TAMS 0x000000009c900000, 0x000000009c900000| Untracked 
| 458|0x000000009ca00000, 0x000000009ca00000, 0x000000009cb00000|  0%| F|  |TAMS 0x000000009ca00000, 0x000000009ca00000| Untracked 
| 459|0x000000009cb00000, 0x000000009cb00000, 0x000000009cc00000|  0%| F|  |TAMS 0x000000009cb00000, 0x000000009cb00000| Untracked 
| 460|0x000000009cc00000, 0x000000009cc00000, 0x000000009cd00000|  0%| F|  |TAMS 0x000000009cc00000, 0x000000009cc00000| Untracked 
| 461|0x000000009cd00000, 0x000000009cd00000, 0x000000009ce00000|  0%| F|  |TAMS 0x000000009cd00000, 0x000000009cd00000| Untracked 
| 462|0x000000009ce00000, 0x000000009ce00000, 0x000000009cf00000|  0%| F|  |TAMS 0x000000009ce00000, 0x000000009ce00000| Untracked 
| 463|0x000000009cf00000, 0x000000009cf00000, 0x000000009d000000|  0%| F|  |TAMS 0x000000009cf00000, 0x000000009cf00000| Untracked 
| 464|0x000000009d000000, 0x000000009d000000, 0x000000009d100000|  0%| F|  |TAMS 0x000000009d000000, 0x000000009d000000| Untracked 
| 465|0x000000009d100000, 0x000000009d100000, 0x000000009d200000|  0%| F|  |TAMS 0x000000009d100000, 0x000000009d100000| Untracked 
| 466|0x000000009d200000, 0x000000009d200000, 0x000000009d300000|  0%| F|  |TAMS 0x000000009d200000, 0x000000009d200000| Untracked 
| 467|0x000000009d300000, 0x000000009d300000, 0x000000009d400000|  0%| F|  |TAMS 0x000000009d300000, 0x000000009d300000| Untracked 
| 468|0x000000009d400000, 0x000000009d400000, 0x000000009d500000|  0%| F|  |TAMS 0x000000009d400000, 0x000000009d400000| Untracked 
| 469|0x000000009d500000, 0x000000009d500000, 0x000000009d600000|  0%| F|  |TAMS 0x000000009d500000, 0x000000009d500000| Untracked 
| 470|0x000000009d600000, 0x000000009d600000, 0x000000009d700000|  0%| F|  |TAMS 0x000000009d600000, 0x000000009d600000| Untracked 
| 471|0x000000009d700000, 0x000000009d700000, 0x000000009d800000|  0%| F|  |TAMS 0x000000009d700000, 0x000000009d700000| Untracked 
| 472|0x000000009d800000, 0x000000009d800000, 0x000000009d900000|  0%| F|  |TAMS 0x000000009d800000, 0x000000009d800000| Untracked 
| 473|0x000000009d900000, 0x000000009d900000, 0x000000009da00000|  0%| F|  |TAMS 0x000000009d900000, 0x000000009d900000| Untracked 
| 474|0x000000009da00000, 0x000000009da00000, 0x000000009db00000|  0%| F|  |TAMS 0x000000009da00000, 0x000000009da00000| Untracked 
| 475|0x000000009db00000, 0x000000009db00000, 0x000000009dc00000|  0%| F|  |TAMS 0x000000009db00000, 0x000000009db00000| Untracked 
| 476|0x000000009dc00000, 0x000000009dc00000, 0x000000009dd00000|  0%| F|  |TAMS 0x000000009dc00000, 0x000000009dc00000| Untracked 
| 477|0x000000009dd00000, 0x000000009dd00000, 0x000000009de00000|  0%| F|  |TAMS 0x000000009dd00000, 0x000000009dd00000| Untracked 
| 478|0x000000009de00000, 0x000000009de00000, 0x000000009df00000|  0%| F|  |TAMS 0x000000009de00000, 0x000000009de00000| Untracked 
| 479|0x000000009df00000, 0x000000009df00000, 0x000000009e000000|  0%| F|  |TAMS 0x000000009df00000, 0x000000009df00000| Untracked 
| 480|0x000000009e000000, 0x000000009e000000, 0x000000009e100000|  0%| F|  |TAMS 0x000000009e000000, 0x000000009e000000| Untracked 
| 481|0x000000009e100000, 0x000000009e100000, 0x000000009e200000|  0%| F|  |TAMS 0x000000009e100000, 0x000000009e100000| Untracked 
| 482|0x000000009e200000, 0x000000009e200000, 0x000000009e300000|  0%| F|  |TAMS 0x000000009e200000, 0x000000009e200000| Untracked 
| 483|0x000000009e300000, 0x000000009e300000, 0x000000009e400000|  0%| F|  |TAMS 0x000000009e300000, 0x000000009e300000| Untracked 
| 484|0x000000009e400000, 0x000000009e400000, 0x000000009e500000|  0%| F|  |TAMS 0x000000009e400000, 0x000000009e400000| Untracked 
| 485|0x000000009e500000, 0x000000009e500000, 0x000000009e600000|  0%| F|  |TAMS 0x000000009e500000, 0x000000009e500000| Untracked 
| 486|0x000000009e600000, 0x000000009e67e258, 0x000000009e700000| 49%| S|CS|TAMS 0x000000009e600000, 0x000000009e600000| Complete 
| 487|0x000000009e700000, 0x000000009e800000, 0x000000009e800000|100%| S|CS|TAMS 0x000000009e700000, 0x000000009e700000| Complete 
| 488|0x000000009e800000, 0x000000009e900000, 0x000000009e900000|100%| S|CS|TAMS 0x000000009e800000, 0x000000009e800000| Complete 
| 489|0x000000009e900000, 0x000000009ea00000, 0x000000009ea00000|100%| S|CS|TAMS 0x000000009e900000, 0x000000009e900000| Complete 
| 490|0x000000009ea00000, 0x000000009eb00000, 0x000000009eb00000|100%| S|CS|TAMS 0x000000009ea00000, 0x000000009ea00000| Complete 
| 491|0x000000009eb00000, 0x000000009ec00000, 0x000000009ec00000|100%| S|CS|TAMS 0x000000009eb00000, 0x000000009eb00000| Complete 
| 492|0x000000009ec00000, 0x000000009ed00000, 0x000000009ed00000|100%| S|CS|TAMS 0x000000009ec00000, 0x000000009ec00000| Complete 
| 493|0x000000009ed00000, 0x000000009ee00000, 0x000000009ee00000|100%| S|CS|TAMS 0x000000009ed00000, 0x000000009ed00000| Complete 
| 494|0x000000009ee00000, 0x000000009ef00000, 0x000000009ef00000|100%| S|CS|TAMS 0x000000009ee00000, 0x000000009ee00000| Complete 
| 495|0x000000009ef00000, 0x000000009f000000, 0x000000009f000000|100%| S|CS|TAMS 0x000000009ef00000, 0x000000009ef00000| Complete 
| 496|0x000000009f000000, 0x000000009f100000, 0x000000009f100000|100%| S|CS|TAMS 0x000000009f000000, 0x000000009f000000| Complete 
| 497|0x000000009f100000, 0x000000009f200000, 0x000000009f200000|100%| S|CS|TAMS 0x000000009f100000, 0x000000009f100000| Complete 
| 498|0x000000009f200000, 0x000000009f300000, 0x000000009f300000|100%| S|CS|TAMS 0x000000009f200000, 0x000000009f200000| Complete 
| 499|0x000000009f300000, 0x000000009f400000, 0x000000009f400000|100%| S|CS|TAMS 0x000000009f300000, 0x000000009f300000| Complete 
| 500|0x000000009f400000, 0x000000009f500000, 0x000000009f500000|100%| S|CS|TAMS 0x000000009f400000, 0x000000009f400000| Complete 
| 501|0x000000009f500000, 0x000000009f500000, 0x000000009f600000|  0%| F|  |TAMS 0x000000009f500000, 0x000000009f500000| Untracked 
| 502|0x000000009f600000, 0x000000009f600000, 0x000000009f700000|  0%| F|  |TAMS 0x000000009f600000, 0x000000009f600000| Untracked 
| 503|0x000000009f700000, 0x000000009f700000, 0x000000009f800000|  0%| F|  |TAMS 0x000000009f700000, 0x000000009f700000| Untracked 
| 504|0x000000009f800000, 0x000000009f800000, 0x000000009f900000|  0%| F|  |TAMS 0x000000009f800000, 0x000000009f800000| Untracked 
| 505|0x000000009f900000, 0x000000009f900000, 0x000000009fa00000|  0%| F|  |TAMS 0x000000009f900000, 0x000000009f900000| Untracked 
| 506|0x000000009fa00000, 0x000000009fa00000, 0x000000009fb00000|  0%| F|  |TAMS 0x000000009fa00000, 0x000000009fa00000| Untracked 
| 507|0x000000009fb00000, 0x000000009fb00000, 0x000000009fc00000|  0%| F|  |TAMS 0x000000009fb00000, 0x000000009fb00000| Untracked 
| 508|0x000000009fc00000, 0x000000009fc00000, 0x000000009fd00000|  0%| F|  |TAMS 0x000000009fc00000, 0x000000009fc00000| Untracked 
| 509|0x000000009fd00000, 0x000000009fe00000, 0x000000009fe00000|100%| S|CS|TAMS 0x000000009fd00000, 0x000000009fd00000| Complete 
| 510|0x000000009fe00000, 0x000000009ff00000, 0x000000009ff00000|100%| S|CS|TAMS 0x000000009fe00000, 0x000000009fe00000| Complete 
| 511|0x000000009ff00000, 0x00000000a0000000, 0x00000000a0000000|100%| S|CS|TAMS 0x000000009ff00000, 0x000000009ff00000| Complete 
| 512|0x00000000a0000000, 0x00000000a0100000, 0x00000000a0100000|100%| S|CS|TAMS 0x00000000a0000000, 0x00000000a0000000| Complete 
| 513|0x00000000a0100000, 0x00000000a0200000, 0x00000000a0200000|100%| S|CS|TAMS 0x00000000a0100000, 0x00000000a0100000| Complete 
| 514|0x00000000a0200000, 0x00000000a0300000, 0x00000000a0300000|100%| S|CS|TAMS 0x00000000a0200000, 0x00000000a0200000| Complete 
| 515|0x00000000a0300000, 0x00000000a0400000, 0x00000000a0400000|100%| S|CS|TAMS 0x00000000a0300000, 0x00000000a0300000| Complete 
| 516|0x00000000a0400000, 0x00000000a0500000, 0x00000000a0500000|100%| S|CS|TAMS 0x00000000a0400000, 0x00000000a0400000| Complete 
| 517|0x00000000a0500000, 0x00000000a0600000, 0x00000000a0600000|100%| S|CS|TAMS 0x00000000a0500000, 0x00000000a0500000| Complete 
| 518|0x00000000a0600000, 0x00000000a0700000, 0x00000000a0700000|100%| S|CS|TAMS 0x00000000a0600000, 0x00000000a0600000| Complete 
| 519|0x00000000a0700000, 0x00000000a0800000, 0x00000000a0800000|100%| S|CS|TAMS 0x00000000a0700000, 0x00000000a0700000| Complete 
| 520|0x00000000a0800000, 0x00000000a0900000, 0x00000000a0900000|100%| S|CS|TAMS 0x00000000a0800000, 0x00000000a0800000| Complete 
| 521|0x00000000a0900000, 0x00000000a0a00000, 0x00000000a0a00000|100%| S|CS|TAMS 0x00000000a0900000, 0x00000000a0900000| Complete 
| 522|0x00000000a0a00000, 0x00000000a0b00000, 0x00000000a0b00000|100%| S|CS|TAMS 0x00000000a0a00000, 0x00000000a0a00000| Complete 
| 523|0x00000000a0b00000, 0x00000000a0c00000, 0x00000000a0c00000|100%| S|CS|TAMS 0x00000000a0b00000, 0x00000000a0b00000| Complete 
| 524|0x00000000a0c00000, 0x00000000a0c00000, 0x00000000a0d00000|  0%| F|  |TAMS 0x00000000a0c00000, 0x00000000a0c00000| Untracked 
| 525|0x00000000a0d00000, 0x00000000a0d00000, 0x00000000a0e00000|  0%| F|  |TAMS 0x00000000a0d00000, 0x00000000a0d00000| Untracked 
| 526|0x00000000a0e00000, 0x00000000a0e00000, 0x00000000a0f00000|  0%| F|  |TAMS 0x00000000a0e00000, 0x00000000a0e00000| Untracked 
| 527|0x00000000a0f00000, 0x00000000a0f00000, 0x00000000a1000000|  0%| F|  |TAMS 0x00000000a0f00000, 0x00000000a0f00000| Untracked 
| 528|0x00000000a1000000, 0x00000000a1000000, 0x00000000a1100000|  0%| F|  |TAMS 0x00000000a1000000, 0x00000000a1000000| Untracked 
| 529|0x00000000a1100000, 0x00000000a1100000, 0x00000000a1200000|  0%| F|  |TAMS 0x00000000a1100000, 0x00000000a1100000| Untracked 
| 530|0x00000000a1200000, 0x00000000a1200000, 0x00000000a1300000|  0%| F|  |TAMS 0x00000000a1200000, 0x00000000a1200000| Untracked 
| 531|0x00000000a1300000, 0x00000000a1300000, 0x00000000a1400000|  0%| F|  |TAMS 0x00000000a1300000, 0x00000000a1300000| Untracked 
| 532|0x00000000a1400000, 0x00000000a1400000, 0x00000000a1500000|  0%| F|  |TAMS 0x00000000a1400000, 0x00000000a1400000| Untracked 
| 533|0x00000000a1500000, 0x00000000a1500000, 0x00000000a1600000|  0%| F|  |TAMS 0x00000000a1500000, 0x00000000a1500000| Untracked 
| 534|0x00000000a1600000, 0x00000000a1600000, 0x00000000a1700000|  0%| F|  |TAMS 0x00000000a1600000, 0x00000000a1600000| Untracked 
| 535|0x00000000a1700000, 0x00000000a1700000, 0x00000000a1800000|  0%| F|  |TAMS 0x00000000a1700000, 0x00000000a1700000| Untracked 
| 536|0x00000000a1800000, 0x00000000a1800000, 0x00000000a1900000|  0%| F|  |TAMS 0x00000000a1800000, 0x00000000a1800000| Untracked 
| 537|0x00000000a1900000, 0x00000000a1900000, 0x00000000a1a00000|  0%| F|  |TAMS 0x00000000a1900000, 0x00000000a1900000| Untracked 
| 538|0x00000000a1a00000, 0x00000000a1a00000, 0x00000000a1b00000|  0%| F|  |TAMS 0x00000000a1a00000, 0x00000000a1a00000| Untracked 
| 539|0x00000000a1b00000, 0x00000000a1b00000, 0x00000000a1c00000|  0%| F|  |TAMS 0x00000000a1b00000, 0x00000000a1b00000| Untracked 
| 540|0x00000000a1c00000, 0x00000000a1c00000, 0x00000000a1d00000|  0%| F|  |TAMS 0x00000000a1c00000, 0x00000000a1c00000| Untracked 
| 541|0x00000000a1d00000, 0x00000000a1d00000, 0x00000000a1e00000|  0%| F|  |TAMS 0x00000000a1d00000, 0x00000000a1d00000| Untracked 
| 542|0x00000000a1e00000, 0x00000000a1e00000, 0x00000000a1f00000|  0%| F|  |TAMS 0x00000000a1e00000, 0x00000000a1e00000| Untracked 
| 543|0x00000000a1f00000, 0x00000000a1f00000, 0x00000000a2000000|  0%| F|  |TAMS 0x00000000a1f00000, 0x00000000a1f00000| Untracked 
| 544|0x00000000a2000000, 0x00000000a2000000, 0x00000000a2100000|  0%| F|  |TAMS 0x00000000a2000000, 0x00000000a2000000| Untracked 
| 545|0x00000000a2100000, 0x00000000a2100000, 0x00000000a2200000|  0%| F|  |TAMS 0x00000000a2100000, 0x00000000a2100000| Untracked 
| 546|0x00000000a2200000, 0x00000000a2200000, 0x00000000a2300000|  0%| F|  |TAMS 0x00000000a2200000, 0x00000000a2200000| Untracked 
| 547|0x00000000a2300000, 0x00000000a2300000, 0x00000000a2400000|  0%| F|  |TAMS 0x00000000a2300000, 0x00000000a2300000| Untracked 
| 548|0x00000000a2400000, 0x00000000a2400000, 0x00000000a2500000|  0%| F|  |TAMS 0x00000000a2400000, 0x00000000a2400000| Untracked 
| 549|0x00000000a2500000, 0x00000000a2500000, 0x00000000a2600000|  0%| F|  |TAMS 0x00000000a2500000, 0x00000000a2500000| Untracked 
| 550|0x00000000a2600000, 0x00000000a2600000, 0x00000000a2700000|  0%| F|  |TAMS 0x00000000a2600000, 0x00000000a2600000| Untracked 
| 551|0x00000000a2700000, 0x00000000a2700000, 0x00000000a2800000|  0%| F|  |TAMS 0x00000000a2700000, 0x00000000a2700000| Untracked 
| 552|0x00000000a2800000, 0x00000000a2800000, 0x00000000a2900000|  0%| F|  |TAMS 0x00000000a2800000, 0x00000000a2800000| Untracked 
| 553|0x00000000a2900000, 0x00000000a2900000, 0x00000000a2a00000|  0%| F|  |TAMS 0x00000000a2900000, 0x00000000a2900000| Untracked 
| 554|0x00000000a2a00000, 0x00000000a2a00000, 0x00000000a2b00000|  0%| F|  |TAMS 0x00000000a2a00000, 0x00000000a2a00000| Untracked 
| 555|0x00000000a2b00000, 0x00000000a2b00000, 0x00000000a2c00000|  0%| F|  |TAMS 0x00000000a2b00000, 0x00000000a2b00000| Untracked 
| 556|0x00000000a2c00000, 0x00000000a2c00000, 0x00000000a2d00000|  0%| F|  |TAMS 0x00000000a2c00000, 0x00000000a2c00000| Untracked 
| 557|0x00000000a2d00000, 0x00000000a2d00000, 0x00000000a2e00000|  0%| F|  |TAMS 0x00000000a2d00000, 0x00000000a2d00000| Untracked 
| 558|0x00000000a2e00000, 0x00000000a2e00000, 0x00000000a2f00000|  0%| F|  |TAMS 0x00000000a2e00000, 0x00000000a2e00000| Untracked 
| 559|0x00000000a2f00000, 0x00000000a2f00000, 0x00000000a3000000|  0%| F|  |TAMS 0x00000000a2f00000, 0x00000000a2f00000| Untracked 
| 560|0x00000000a3000000, 0x00000000a3000000, 0x00000000a3100000|  0%| F|  |TAMS 0x00000000a3000000, 0x00000000a3000000| Untracked 
| 561|0x00000000a3100000, 0x00000000a3100000, 0x00000000a3200000|  0%| F|  |TAMS 0x00000000a3100000, 0x00000000a3100000| Untracked 
| 562|0x00000000a3200000, 0x00000000a3200000, 0x00000000a3300000|  0%| F|  |TAMS 0x00000000a3200000, 0x00000000a3200000| Untracked 
| 563|0x00000000a3300000, 0x00000000a3300000, 0x00000000a3400000|  0%| F|  |TAMS 0x00000000a3300000, 0x00000000a3300000| Untracked 
| 564|0x00000000a3400000, 0x00000000a3400000, 0x00000000a3500000|  0%| F|  |TAMS 0x00000000a3400000, 0x00000000a3400000| Untracked 
| 565|0x00000000a3500000, 0x00000000a3500000, 0x00000000a3600000|  0%| F|  |TAMS 0x00000000a3500000, 0x00000000a3500000| Untracked 
| 566|0x00000000a3600000, 0x00000000a3600000, 0x00000000a3700000|  0%| F|  |TAMS 0x00000000a3600000, 0x00000000a3600000| Untracked 
| 567|0x00000000a3700000, 0x00000000a3700000, 0x00000000a3800000|  0%| F|  |TAMS 0x00000000a3700000, 0x00000000a3700000| Untracked 
| 568|0x00000000a3800000, 0x00000000a3800000, 0x00000000a3900000|  0%| F|  |TAMS 0x00000000a3800000, 0x00000000a3800000| Untracked 
| 569|0x00000000a3900000, 0x00000000a3900000, 0x00000000a3a00000|  0%| F|  |TAMS 0x00000000a3900000, 0x00000000a3900000| Untracked 
| 570|0x00000000a3a00000, 0x00000000a3a00000, 0x00000000a3b00000|  0%| F|  |TAMS 0x00000000a3a00000, 0x00000000a3a00000| Untracked 
| 571|0x00000000a3b00000, 0x00000000a3b00000, 0x00000000a3c00000|  0%| F|  |TAMS 0x00000000a3b00000, 0x00000000a3b00000| Untracked 
| 572|0x00000000a3c00000, 0x00000000a3c00000, 0x00000000a3d00000|  0%| F|  |TAMS 0x00000000a3c00000, 0x00000000a3c00000| Untracked 
| 573|0x00000000a3d00000, 0x00000000a3d00000, 0x00000000a3e00000|  0%| F|  |TAMS 0x00000000a3d00000, 0x00000000a3d00000| Untracked 
| 574|0x00000000a3e00000, 0x00000000a3e00000, 0x00000000a3f00000|  0%| F|  |TAMS 0x00000000a3e00000, 0x00000000a3e00000| Untracked 
| 575|0x00000000a3f00000, 0x00000000a3f00000, 0x00000000a4000000|  0%| F|  |TAMS 0x00000000a3f00000, 0x00000000a3f00000| Untracked 
| 576|0x00000000a4000000, 0x00000000a4000000, 0x00000000a4100000|  0%| F|  |TAMS 0x00000000a4000000, 0x00000000a4000000| Untracked 
| 577|0x00000000a4100000, 0x00000000a4100000, 0x00000000a4200000|  0%| F|  |TAMS 0x00000000a4100000, 0x00000000a4100000| Untracked 
| 578|0x00000000a4200000, 0x00000000a4200000, 0x00000000a4300000|  0%| F|  |TAMS 0x00000000a4200000, 0x00000000a4200000| Untracked 
| 579|0x00000000a4300000, 0x00000000a4300000, 0x00000000a4400000|  0%| F|  |TAMS 0x00000000a4300000, 0x00000000a4300000| Untracked 
| 580|0x00000000a4400000, 0x00000000a4400000, 0x00000000a4500000|  0%| F|  |TAMS 0x00000000a4400000, 0x00000000a4400000| Untracked 
| 581|0x00000000a4500000, 0x00000000a4500000, 0x00000000a4600000|  0%| F|  |TAMS 0x00000000a4500000, 0x00000000a4500000| Untracked 
| 582|0x00000000a4600000, 0x00000000a4600000, 0x00000000a4700000|  0%| F|  |TAMS 0x00000000a4600000, 0x00000000a4600000| Untracked 
| 583|0x00000000a4700000, 0x00000000a4700000, 0x00000000a4800000|  0%| F|  |TAMS 0x00000000a4700000, 0x00000000a4700000| Untracked 
| 584|0x00000000a4800000, 0x00000000a4800000, 0x00000000a4900000|  0%| F|  |TAMS 0x00000000a4800000, 0x00000000a4800000| Untracked 
| 585|0x00000000a4900000, 0x00000000a4900000, 0x00000000a4a00000|  0%| F|  |TAMS 0x00000000a4900000, 0x00000000a4900000| Untracked 
| 586|0x00000000a4a00000, 0x00000000a4a00000, 0x00000000a4b00000|  0%| F|  |TAMS 0x00000000a4a00000, 0x00000000a4a00000| Untracked 
| 587|0x00000000a4b00000, 0x00000000a4b00000, 0x00000000a4c00000|  0%| F|  |TAMS 0x00000000a4b00000, 0x00000000a4b00000| Untracked 
| 588|0x00000000a4c00000, 0x00000000a4c00000, 0x00000000a4d00000|  0%| F|  |TAMS 0x00000000a4c00000, 0x00000000a4c00000| Untracked 
| 589|0x00000000a4d00000, 0x00000000a4d00000, 0x00000000a4e00000|  0%| F|  |TAMS 0x00000000a4d00000, 0x00000000a4d00000| Untracked 
| 590|0x00000000a4e00000, 0x00000000a4e00000, 0x00000000a4f00000|  0%| F|  |TAMS 0x00000000a4e00000, 0x00000000a4e00000| Untracked 
| 591|0x00000000a4f00000, 0x00000000a4f00000, 0x00000000a5000000|  0%| F|  |TAMS 0x00000000a4f00000, 0x00000000a4f00000| Untracked 
| 592|0x00000000a5000000, 0x00000000a5000000, 0x00000000a5100000|  0%| F|  |TAMS 0x00000000a5000000, 0x00000000a5000000| Untracked 
| 593|0x00000000a5100000, 0x00000000a5100000, 0x00000000a5200000|  0%| F|  |TAMS 0x00000000a5100000, 0x00000000a5100000| Untracked 
| 594|0x00000000a5200000, 0x00000000a5200000, 0x00000000a5300000|  0%| F|  |TAMS 0x00000000a5200000, 0x00000000a5200000| Untracked 
| 595|0x00000000a5300000, 0x00000000a5300000, 0x00000000a5400000|  0%| F|  |TAMS 0x00000000a5300000, 0x00000000a5300000| Untracked 
| 596|0x00000000a5400000, 0x00000000a5400000, 0x00000000a5500000|  0%| F|  |TAMS 0x00000000a5400000, 0x00000000a5400000| Untracked 
| 597|0x00000000a5500000, 0x00000000a5500000, 0x00000000a5600000|  0%| F|  |TAMS 0x00000000a5500000, 0x00000000a5500000| Untracked 
| 598|0x00000000a5600000, 0x00000000a5600000, 0x00000000a5700000|  0%| F|  |TAMS 0x00000000a5600000, 0x00000000a5600000| Untracked 
| 599|0x00000000a5700000, 0x00000000a5700000, 0x00000000a5800000|  0%| F|  |TAMS 0x00000000a5700000, 0x00000000a5700000| Untracked 
| 600|0x00000000a5800000, 0x00000000a5800000, 0x00000000a5900000|  0%| F|  |TAMS 0x00000000a5800000, 0x00000000a5800000| Untracked 
| 601|0x00000000a5900000, 0x00000000a5900000, 0x00000000a5a00000|  0%| F|  |TAMS 0x00000000a5900000, 0x00000000a5900000| Untracked 
| 602|0x00000000a5a00000, 0x00000000a5a00000, 0x00000000a5b00000|  0%| F|  |TAMS 0x00000000a5a00000, 0x00000000a5a00000| Untracked 
| 603|0x00000000a5b00000, 0x00000000a5b00000, 0x00000000a5c00000|  0%| F|  |TAMS 0x00000000a5b00000, 0x00000000a5b00000| Untracked 
| 604|0x00000000a5c00000, 0x00000000a5c00000, 0x00000000a5d00000|  0%| F|  |TAMS 0x00000000a5c00000, 0x00000000a5c00000| Untracked 
| 605|0x00000000a5d00000, 0x00000000a5d00000, 0x00000000a5e00000|  0%| F|  |TAMS 0x00000000a5d00000, 0x00000000a5d00000| Untracked 
| 606|0x00000000a5e00000, 0x00000000a5e00000, 0x00000000a5f00000|  0%| F|  |TAMS 0x00000000a5e00000, 0x00000000a5e00000| Untracked 
| 607|0x00000000a5f00000, 0x00000000a5f00000, 0x00000000a6000000|  0%| F|  |TAMS 0x00000000a5f00000, 0x00000000a5f00000| Untracked 
| 608|0x00000000a6000000, 0x00000000a6000000, 0x00000000a6100000|  0%| F|  |TAMS 0x00000000a6000000, 0x00000000a6000000| Untracked 
| 609|0x00000000a6100000, 0x00000000a6100000, 0x00000000a6200000|  0%| F|  |TAMS 0x00000000a6100000, 0x00000000a6100000| Untracked 
| 610|0x00000000a6200000, 0x00000000a6200000, 0x00000000a6300000|  0%| F|  |TAMS 0x00000000a6200000, 0x00000000a6200000| Untracked 
| 611|0x00000000a6300000, 0x00000000a6300000, 0x00000000a6400000|  0%| F|  |TAMS 0x00000000a6300000, 0x00000000a6300000| Untracked 
| 612|0x00000000a6400000, 0x00000000a6400000, 0x00000000a6500000|  0%| F|  |TAMS 0x00000000a6400000, 0x00000000a6400000| Untracked 
| 613|0x00000000a6500000, 0x00000000a6500000, 0x00000000a6600000|  0%| F|  |TAMS 0x00000000a6500000, 0x00000000a6500000| Untracked 
| 614|0x00000000a6600000, 0x00000000a6600000, 0x00000000a6700000|  0%| F|  |TAMS 0x00000000a6600000, 0x00000000a6600000| Untracked 
| 615|0x00000000a6700000, 0x00000000a6700000, 0x00000000a6800000|  0%| F|  |TAMS 0x00000000a6700000, 0x00000000a6700000| Untracked 
| 616|0x00000000a6800000, 0x00000000a6800000, 0x00000000a6900000|  0%| F|  |TAMS 0x00000000a6800000, 0x00000000a6800000| Untracked 
| 617|0x00000000a6900000, 0x00000000a6900000, 0x00000000a6a00000|  0%| F|  |TAMS 0x00000000a6900000, 0x00000000a6900000| Untracked 
| 618|0x00000000a6a00000, 0x00000000a6a00000, 0x00000000a6b00000|  0%| F|  |TAMS 0x00000000a6a00000, 0x00000000a6a00000| Untracked 
| 619|0x00000000a6b00000, 0x00000000a6b00000, 0x00000000a6c00000|  0%| F|  |TAMS 0x00000000a6b00000, 0x00000000a6b00000| Untracked 
| 620|0x00000000a6c00000, 0x00000000a6c00000, 0x00000000a6d00000|  0%| F|  |TAMS 0x00000000a6c00000, 0x00000000a6c00000| Untracked 
| 621|0x00000000a6d00000, 0x00000000a6d00000, 0x00000000a6e00000|  0%| F|  |TAMS 0x00000000a6d00000, 0x00000000a6d00000| Untracked 
| 622|0x00000000a6e00000, 0x00000000a6e00000, 0x00000000a6f00000|  0%| F|  |TAMS 0x00000000a6e00000, 0x00000000a6e00000| Untracked 
| 623|0x00000000a6f00000, 0x00000000a6f00000, 0x00000000a7000000|  0%| F|  |TAMS 0x00000000a6f00000, 0x00000000a6f00000| Untracked 
| 624|0x00000000a7000000, 0x00000000a7000000, 0x00000000a7100000|  0%| F|  |TAMS 0x00000000a7000000, 0x00000000a7000000| Untracked 
| 625|0x00000000a7100000, 0x00000000a7100000, 0x00000000a7200000|  0%| F|  |TAMS 0x00000000a7100000, 0x00000000a7100000| Untracked 
| 626|0x00000000a7200000, 0x00000000a7200000, 0x00000000a7300000|  0%| F|  |TAMS 0x00000000a7200000, 0x00000000a7200000| Untracked 
| 627|0x00000000a7300000, 0x00000000a7300000, 0x00000000a7400000|  0%| F|  |TAMS 0x00000000a7300000, 0x00000000a7300000| Untracked 
| 628|0x00000000a7400000, 0x00000000a7400000, 0x00000000a7500000|  0%| F|  |TAMS 0x00000000a7400000, 0x00000000a7400000| Untracked 
| 629|0x00000000a7500000, 0x00000000a7500000, 0x00000000a7600000|  0%| F|  |TAMS 0x00000000a7500000, 0x00000000a7500000| Untracked 
| 630|0x00000000a7600000, 0x00000000a7600000, 0x00000000a7700000|  0%| F|  |TAMS 0x00000000a7600000, 0x00000000a7600000| Untracked 
| 631|0x00000000a7700000, 0x00000000a7700000, 0x00000000a7800000|  0%| F|  |TAMS 0x00000000a7700000, 0x00000000a7700000| Untracked 
| 632|0x00000000a7800000, 0x00000000a7800000, 0x00000000a7900000|  0%| F|  |TAMS 0x00000000a7800000, 0x00000000a7800000| Untracked 
| 633|0x00000000a7900000, 0x00000000a7900000, 0x00000000a7a00000|  0%| F|  |TAMS 0x00000000a7900000, 0x00000000a7900000| Untracked 
| 634|0x00000000a7a00000, 0x00000000a7a00000, 0x00000000a7b00000|  0%| F|  |TAMS 0x00000000a7a00000, 0x00000000a7a00000| Untracked 
| 635|0x00000000a7b00000, 0x00000000a7b00000, 0x00000000a7c00000|  0%| F|  |TAMS 0x00000000a7b00000, 0x00000000a7b00000| Untracked 
| 636|0x00000000a7c00000, 0x00000000a7c00000, 0x00000000a7d00000|  0%| F|  |TAMS 0x00000000a7c00000, 0x00000000a7c00000| Untracked 
| 637|0x00000000a7d00000, 0x00000000a7d00000, 0x00000000a7e00000|  0%| F|  |TAMS 0x00000000a7d00000, 0x00000000a7d00000| Untracked 
| 638|0x00000000a7e00000, 0x00000000a7e00000, 0x00000000a7f00000|  0%| F|  |TAMS 0x00000000a7e00000, 0x00000000a7e00000| Untracked 
| 639|0x00000000a7f00000, 0x00000000a7f00000, 0x00000000a8000000|  0%| F|  |TAMS 0x00000000a7f00000, 0x00000000a7f00000| Untracked 
| 640|0x00000000a8000000, 0x00000000a8000000, 0x00000000a8100000|  0%| F|  |TAMS 0x00000000a8000000, 0x00000000a8000000| Untracked 
| 641|0x00000000a8100000, 0x00000000a8100000, 0x00000000a8200000|  0%| F|  |TAMS 0x00000000a8100000, 0x00000000a8100000| Untracked 
| 642|0x00000000a8200000, 0x00000000a8200000, 0x00000000a8300000|  0%| F|  |TAMS 0x00000000a8200000, 0x00000000a8200000| Untracked 
| 643|0x00000000a8300000, 0x00000000a8300000, 0x00000000a8400000|  0%| F|  |TAMS 0x00000000a8300000, 0x00000000a8300000| Untracked 
| 644|0x00000000a8400000, 0x00000000a8400000, 0x00000000a8500000|  0%| F|  |TAMS 0x00000000a8400000, 0x00000000a8400000| Untracked 
| 645|0x00000000a8500000, 0x00000000a8500000, 0x00000000a8600000|  0%| F|  |TAMS 0x00000000a8500000, 0x00000000a8500000| Untracked 
| 646|0x00000000a8600000, 0x00000000a8600000, 0x00000000a8700000|  0%| F|  |TAMS 0x00000000a8600000, 0x00000000a8600000| Untracked 
| 647|0x00000000a8700000, 0x00000000a8700000, 0x00000000a8800000|  0%| F|  |TAMS 0x00000000a8700000, 0x00000000a8700000| Untracked 
| 648|0x00000000a8800000, 0x00000000a8800000, 0x00000000a8900000|  0%| F|  |TAMS 0x00000000a8800000, 0x00000000a8800000| Untracked 
| 649|0x00000000a8900000, 0x00000000a8900000, 0x00000000a8a00000|  0%| F|  |TAMS 0x00000000a8900000, 0x00000000a8900000| Untracked 
| 650|0x00000000a8a00000, 0x00000000a8a00000, 0x00000000a8b00000|  0%| F|  |TAMS 0x00000000a8a00000, 0x00000000a8a00000| Untracked 
| 651|0x00000000a8b00000, 0x00000000a8b00000, 0x00000000a8c00000|  0%| F|  |TAMS 0x00000000a8b00000, 0x00000000a8b00000| Untracked 
| 652|0x00000000a8c00000, 0x00000000a8c00000, 0x00000000a8d00000|  0%| F|  |TAMS 0x00000000a8c00000, 0x00000000a8c00000| Untracked 
| 653|0x00000000a8d00000, 0x00000000a8d00000, 0x00000000a8e00000|  0%| F|  |TAMS 0x00000000a8d00000, 0x00000000a8d00000| Untracked 
| 654|0x00000000a8e00000, 0x00000000a8e00000, 0x00000000a8f00000|  0%| F|  |TAMS 0x00000000a8e00000, 0x00000000a8e00000| Untracked 
| 655|0x00000000a8f00000, 0x00000000a8f00000, 0x00000000a9000000|  0%| F|  |TAMS 0x00000000a8f00000, 0x00000000a8f00000| Untracked 
| 656|0x00000000a9000000, 0x00000000a9000000, 0x00000000a9100000|  0%| F|  |TAMS 0x00000000a9000000, 0x00000000a9000000| Untracked 
| 657|0x00000000a9100000, 0x00000000a9100000, 0x00000000a9200000|  0%| F|  |TAMS 0x00000000a9100000, 0x00000000a9100000| Untracked 
| 658|0x00000000a9200000, 0x00000000a9200000, 0x00000000a9300000|  0%| F|  |TAMS 0x00000000a9200000, 0x00000000a9200000| Untracked 
| 659|0x00000000a9300000, 0x00000000a9300000, 0x00000000a9400000|  0%| F|  |TAMS 0x00000000a9300000, 0x00000000a9300000| Untracked 
| 660|0x00000000a9400000, 0x00000000a9400000, 0x00000000a9500000|  0%| F|  |TAMS 0x00000000a9400000, 0x00000000a9400000| Untracked 
| 661|0x00000000a9500000, 0x00000000a9500000, 0x00000000a9600000|  0%| F|  |TAMS 0x00000000a9500000, 0x00000000a9500000| Untracked 
| 662|0x00000000a9600000, 0x00000000a9600000, 0x00000000a9700000|  0%| F|  |TAMS 0x00000000a9600000, 0x00000000a9600000| Untracked 
| 663|0x00000000a9700000, 0x00000000a9700000, 0x00000000a9800000|  0%| F|  |TAMS 0x00000000a9700000, 0x00000000a9700000| Untracked 
| 664|0x00000000a9800000, 0x00000000a9800000, 0x00000000a9900000|  0%| F|  |TAMS 0x00000000a9800000, 0x00000000a9800000| Untracked 
| 665|0x00000000a9900000, 0x00000000a9900000, 0x00000000a9a00000|  0%| F|  |TAMS 0x00000000a9900000, 0x00000000a9900000| Untracked 
| 666|0x00000000a9a00000, 0x00000000a9a00000, 0x00000000a9b00000|  0%| F|  |TAMS 0x00000000a9a00000, 0x00000000a9a00000| Untracked 
| 667|0x00000000a9b00000, 0x00000000a9b00000, 0x00000000a9c00000|  0%| F|  |TAMS 0x00000000a9b00000, 0x00000000a9b00000| Untracked 
| 668|0x00000000a9c00000, 0x00000000a9c00000, 0x00000000a9d00000|  0%| F|  |TAMS 0x00000000a9c00000, 0x00000000a9c00000| Untracked 
| 669|0x00000000a9d00000, 0x00000000a9d00000, 0x00000000a9e00000|  0%| F|  |TAMS 0x00000000a9d00000, 0x00000000a9d00000| Untracked 
| 670|0x00000000a9e00000, 0x00000000a9e00000, 0x00000000a9f00000|  0%| F|  |TAMS 0x00000000a9e00000, 0x00000000a9e00000| Untracked 
| 671|0x00000000a9f00000, 0x00000000a9f00000, 0x00000000aa000000|  0%| F|  |TAMS 0x00000000a9f00000, 0x00000000a9f00000| Untracked 
| 672|0x00000000aa000000, 0x00000000aa000000, 0x00000000aa100000|  0%| F|  |TAMS 0x00000000aa000000, 0x00000000aa000000| Untracked 
| 673|0x00000000aa100000, 0x00000000aa100000, 0x00000000aa200000|  0%| F|  |TAMS 0x00000000aa100000, 0x00000000aa100000| Untracked 
| 674|0x00000000aa200000, 0x00000000aa200000, 0x00000000aa300000|  0%| F|  |TAMS 0x00000000aa200000, 0x00000000aa200000| Untracked 
| 675|0x00000000aa300000, 0x00000000aa300000, 0x00000000aa400000|  0%| F|  |TAMS 0x00000000aa300000, 0x00000000aa300000| Untracked 
| 676|0x00000000aa400000, 0x00000000aa400000, 0x00000000aa500000|  0%| F|  |TAMS 0x00000000aa400000, 0x00000000aa400000| Untracked 
| 677|0x00000000aa500000, 0x00000000aa500000, 0x00000000aa600000|  0%| F|  |TAMS 0x00000000aa500000, 0x00000000aa500000| Untracked 
| 678|0x00000000aa600000, 0x00000000aa600000, 0x00000000aa700000|  0%| F|  |TAMS 0x00000000aa600000, 0x00000000aa600000| Untracked 
| 679|0x00000000aa700000, 0x00000000aa700000, 0x00000000aa800000|  0%| F|  |TAMS 0x00000000aa700000, 0x00000000aa700000| Untracked 
| 680|0x00000000aa800000, 0x00000000aa800000, 0x00000000aa900000|  0%| F|  |TAMS 0x00000000aa800000, 0x00000000aa800000| Untracked 
| 681|0x00000000aa900000, 0x00000000aa900000, 0x00000000aaa00000|  0%| F|  |TAMS 0x00000000aa900000, 0x00000000aa900000| Untracked 
| 682|0x00000000aaa00000, 0x00000000aaa00000, 0x00000000aab00000|  0%| F|  |TAMS 0x00000000aaa00000, 0x00000000aaa00000| Untracked 
| 683|0x00000000aab00000, 0x00000000aab00000, 0x00000000aac00000|  0%| F|  |TAMS 0x00000000aab00000, 0x00000000aab00000| Untracked 
| 684|0x00000000aac00000, 0x00000000aac00000, 0x00000000aad00000|  0%| F|  |TAMS 0x00000000aac00000, 0x00000000aac00000| Untracked 
| 685|0x00000000aad00000, 0x00000000aad00000, 0x00000000aae00000|  0%| F|  |TAMS 0x00000000aad00000, 0x00000000aad00000| Untracked 
| 686|0x00000000aae00000, 0x00000000aae00000, 0x00000000aaf00000|  0%| F|  |TAMS 0x00000000aae00000, 0x00000000aae00000| Untracked 
| 687|0x00000000aaf00000, 0x00000000aaf00000, 0x00000000ab000000|  0%| F|  |TAMS 0x00000000aaf00000, 0x00000000aaf00000| Untracked 
| 688|0x00000000ab000000, 0x00000000ab000000, 0x00000000ab100000|  0%| F|  |TAMS 0x00000000ab000000, 0x00000000ab000000| Untracked 
| 689|0x00000000ab100000, 0x00000000ab100000, 0x00000000ab200000|  0%| F|  |TAMS 0x00000000ab100000, 0x00000000ab100000| Untracked 
| 690|0x00000000ab200000, 0x00000000ab200000, 0x00000000ab300000|  0%| F|  |TAMS 0x00000000ab200000, 0x00000000ab200000| Untracked 
| 691|0x00000000ab300000, 0x00000000ab300000, 0x00000000ab400000|  0%| F|  |TAMS 0x00000000ab300000, 0x00000000ab300000| Untracked 
| 692|0x00000000ab400000, 0x00000000ab400000, 0x00000000ab500000|  0%| F|  |TAMS 0x00000000ab400000, 0x00000000ab400000| Untracked 
| 693|0x00000000ab500000, 0x00000000ab500000, 0x00000000ab600000|  0%| F|  |TAMS 0x00000000ab500000, 0x00000000ab500000| Untracked 
| 694|0x00000000ab600000, 0x00000000ab600000, 0x00000000ab700000|  0%| F|  |TAMS 0x00000000ab600000, 0x00000000ab600000| Untracked 
| 695|0x00000000ab700000, 0x00000000ab700000, 0x00000000ab800000|  0%| F|  |TAMS 0x00000000ab700000, 0x00000000ab700000| Untracked 
| 696|0x00000000ab800000, 0x00000000ab800000, 0x00000000ab900000|  0%| F|  |TAMS 0x00000000ab800000, 0x00000000ab800000| Untracked 
| 697|0x00000000ab900000, 0x00000000ab900000, 0x00000000aba00000|  0%| F|  |TAMS 0x00000000ab900000, 0x00000000ab900000| Untracked 
| 698|0x00000000aba00000, 0x00000000aba00000, 0x00000000abb00000|  0%| F|  |TAMS 0x00000000aba00000, 0x00000000aba00000| Untracked 
| 699|0x00000000abb00000, 0x00000000abb00000, 0x00000000abc00000|  0%| F|  |TAMS 0x00000000abb00000, 0x00000000abb00000| Untracked 
| 700|0x00000000abc00000, 0x00000000abc00000, 0x00000000abd00000|  0%| F|  |TAMS 0x00000000abc00000, 0x00000000abc00000| Untracked 
| 701|0x00000000abd00000, 0x00000000abd00000, 0x00000000abe00000|  0%| F|  |TAMS 0x00000000abd00000, 0x00000000abd00000| Untracked 
| 702|0x00000000abe00000, 0x00000000abe00000, 0x00000000abf00000|  0%| F|  |TAMS 0x00000000abe00000, 0x00000000abe00000| Untracked 
| 703|0x00000000abf00000, 0x00000000abf00000, 0x00000000ac000000|  0%| F|  |TAMS 0x00000000abf00000, 0x00000000abf00000| Untracked 
| 704|0x00000000ac000000, 0x00000000ac000000, 0x00000000ac100000|  0%| F|  |TAMS 0x00000000ac000000, 0x00000000ac000000| Untracked 
| 705|0x00000000ac100000, 0x00000000ac100000, 0x00000000ac200000|  0%| F|  |TAMS 0x00000000ac100000, 0x00000000ac100000| Untracked 
| 706|0x00000000ac200000, 0x00000000ac200000, 0x00000000ac300000|  0%| F|  |TAMS 0x00000000ac200000, 0x00000000ac200000| Untracked 
| 707|0x00000000ac300000, 0x00000000ac300000, 0x00000000ac400000|  0%| F|  |TAMS 0x00000000ac300000, 0x00000000ac300000| Untracked 
| 708|0x00000000ac400000, 0x00000000ac400000, 0x00000000ac500000|  0%| F|  |TAMS 0x00000000ac400000, 0x00000000ac400000| Untracked 
| 709|0x00000000ac500000, 0x00000000ac500000, 0x00000000ac600000|  0%| F|  |TAMS 0x00000000ac500000, 0x00000000ac500000| Untracked 
| 710|0x00000000ac600000, 0x00000000ac600000, 0x00000000ac700000|  0%| F|  |TAMS 0x00000000ac600000, 0x00000000ac600000| Untracked 
| 711|0x00000000ac700000, 0x00000000ac700000, 0x00000000ac800000|  0%| F|  |TAMS 0x00000000ac700000, 0x00000000ac700000| Untracked 
| 712|0x00000000ac800000, 0x00000000ac800000, 0x00000000ac900000|  0%| F|  |TAMS 0x00000000ac800000, 0x00000000ac800000| Untracked 
| 713|0x00000000ac900000, 0x00000000ac900000, 0x00000000aca00000|  0%| F|  |TAMS 0x00000000ac900000, 0x00000000ac900000| Untracked 
| 714|0x00000000aca00000, 0x00000000aca00000, 0x00000000acb00000|  0%| F|  |TAMS 0x00000000aca00000, 0x00000000aca00000| Untracked 
| 715|0x00000000acb00000, 0x00000000acb00000, 0x00000000acc00000|  0%| F|  |TAMS 0x00000000acb00000, 0x00000000acb00000| Untracked 
| 716|0x00000000acc00000, 0x00000000acc00000, 0x00000000acd00000|  0%| F|  |TAMS 0x00000000acc00000, 0x00000000acc00000| Untracked 
| 717|0x00000000acd00000, 0x00000000acd00000, 0x00000000ace00000|  0%| F|  |TAMS 0x00000000acd00000, 0x00000000acd00000| Untracked 
| 718|0x00000000ace00000, 0x00000000ace00000, 0x00000000acf00000|  0%| F|  |TAMS 0x00000000ace00000, 0x00000000ace00000| Untracked 
| 719|0x00000000acf00000, 0x00000000acf00000, 0x00000000ad000000|  0%| F|  |TAMS 0x00000000acf00000, 0x00000000acf00000| Untracked 
| 720|0x00000000ad000000, 0x00000000ad000000, 0x00000000ad100000|  0%| F|  |TAMS 0x00000000ad000000, 0x00000000ad000000| Untracked 
| 721|0x00000000ad100000, 0x00000000ad100000, 0x00000000ad200000|  0%| F|  |TAMS 0x00000000ad100000, 0x00000000ad100000| Untracked 
| 722|0x00000000ad200000, 0x00000000ad200000, 0x00000000ad300000|  0%| F|  |TAMS 0x00000000ad200000, 0x00000000ad200000| Untracked 
| 723|0x00000000ad300000, 0x00000000ad300000, 0x00000000ad400000|  0%| F|  |TAMS 0x00000000ad300000, 0x00000000ad300000| Untracked 
| 724|0x00000000ad400000, 0x00000000ad400000, 0x00000000ad500000|  0%| F|  |TAMS 0x00000000ad400000, 0x00000000ad400000| Untracked 
| 725|0x00000000ad500000, 0x00000000ad500000, 0x00000000ad600000|  0%| F|  |TAMS 0x00000000ad500000, 0x00000000ad500000| Untracked 
| 726|0x00000000ad600000, 0x00000000ad600000, 0x00000000ad700000|  0%| F|  |TAMS 0x00000000ad600000, 0x00000000ad600000| Untracked 
| 727|0x00000000ad700000, 0x00000000ad700000, 0x00000000ad800000|  0%| F|  |TAMS 0x00000000ad700000, 0x00000000ad700000| Untracked 
| 728|0x00000000ad800000, 0x00000000ad800000, 0x00000000ad900000|  0%| F|  |TAMS 0x00000000ad800000, 0x00000000ad800000| Untracked 
| 729|0x00000000ad900000, 0x00000000ad900000, 0x00000000ada00000|  0%| F|  |TAMS 0x00000000ad900000, 0x00000000ad900000| Untracked 
| 730|0x00000000ada00000, 0x00000000ada00000, 0x00000000adb00000|  0%| F|  |TAMS 0x00000000ada00000, 0x00000000ada00000| Untracked 
| 731|0x00000000adb00000, 0x00000000adb00000, 0x00000000adc00000|  0%| F|  |TAMS 0x00000000adb00000, 0x00000000adb00000| Untracked 
| 732|0x00000000adc00000, 0x00000000adc00000, 0x00000000add00000|  0%| F|  |TAMS 0x00000000adc00000, 0x00000000adc00000| Untracked 
| 733|0x00000000add00000, 0x00000000add00000, 0x00000000ade00000|  0%| F|  |TAMS 0x00000000add00000, 0x00000000add00000| Untracked 
| 734|0x00000000ade00000, 0x00000000ade00000, 0x00000000adf00000|  0%| F|  |TAMS 0x00000000ade00000, 0x00000000ade00000| Untracked 
| 735|0x00000000adf00000, 0x00000000adf00000, 0x00000000ae000000|  0%| F|  |TAMS 0x00000000adf00000, 0x00000000adf00000| Untracked 
| 736|0x00000000ae000000, 0x00000000ae000000, 0x00000000ae100000|  0%| F|  |TAMS 0x00000000ae000000, 0x00000000ae000000| Untracked 
| 737|0x00000000ae100000, 0x00000000ae100000, 0x00000000ae200000|  0%| F|  |TAMS 0x00000000ae100000, 0x00000000ae100000| Untracked 
| 738|0x00000000ae200000, 0x00000000ae200000, 0x00000000ae300000|  0%| F|  |TAMS 0x00000000ae200000, 0x00000000ae200000| Untracked 
| 739|0x00000000ae300000, 0x00000000ae300000, 0x00000000ae400000|  0%| F|  |TAMS 0x00000000ae300000, 0x00000000ae300000| Untracked 
| 740|0x00000000ae400000, 0x00000000ae400000, 0x00000000ae500000|  0%| F|  |TAMS 0x00000000ae400000, 0x00000000ae400000| Untracked 
| 741|0x00000000ae500000, 0x00000000ae500000, 0x00000000ae600000|  0%| F|  |TAMS 0x00000000ae500000, 0x00000000ae500000| Untracked 
| 742|0x00000000ae600000, 0x00000000ae600000, 0x00000000ae700000|  0%| F|  |TAMS 0x00000000ae600000, 0x00000000ae600000| Untracked 
| 743|0x00000000ae700000, 0x00000000ae700000, 0x00000000ae800000|  0%| F|  |TAMS 0x00000000ae700000, 0x00000000ae700000| Untracked 
| 744|0x00000000ae800000, 0x00000000ae800000, 0x00000000ae900000|  0%| F|  |TAMS 0x00000000ae800000, 0x00000000ae800000| Untracked 
| 745|0x00000000ae900000, 0x00000000ae900000, 0x00000000aea00000|  0%| F|  |TAMS 0x00000000ae900000, 0x00000000ae900000| Untracked 
| 746|0x00000000aea00000, 0x00000000aea00000, 0x00000000aeb00000|  0%| F|  |TAMS 0x00000000aea00000, 0x00000000aea00000| Untracked 
| 747|0x00000000aeb00000, 0x00000000aeb00000, 0x00000000aec00000|  0%| F|  |TAMS 0x00000000aeb00000, 0x00000000aeb00000| Untracked 
| 748|0x00000000aec00000, 0x00000000aec00000, 0x00000000aed00000|  0%| F|  |TAMS 0x00000000aec00000, 0x00000000aec00000| Untracked 
| 749|0x00000000aed00000, 0x00000000aed00000, 0x00000000aee00000|  0%| F|  |TAMS 0x00000000aed00000, 0x00000000aed00000| Untracked 
| 750|0x00000000aee00000, 0x00000000aee00000, 0x00000000aef00000|  0%| F|  |TAMS 0x00000000aee00000, 0x00000000aee00000| Untracked 
| 751|0x00000000aef00000, 0x00000000aef00000, 0x00000000af000000|  0%| F|  |TAMS 0x00000000aef00000, 0x00000000aef00000| Untracked 
| 752|0x00000000af000000, 0x00000000af000000, 0x00000000af100000|  0%| F|  |TAMS 0x00000000af000000, 0x00000000af000000| Untracked 
| 753|0x00000000af100000, 0x00000000af100000, 0x00000000af200000|  0%| F|  |TAMS 0x00000000af100000, 0x00000000af100000| Untracked 
| 754|0x00000000af200000, 0x00000000af200000, 0x00000000af300000|  0%| F|  |TAMS 0x00000000af200000, 0x00000000af200000| Untracked 
| 755|0x00000000af300000, 0x00000000af300000, 0x00000000af400000|  0%| F|  |TAMS 0x00000000af300000, 0x00000000af300000| Untracked 
| 756|0x00000000af400000, 0x00000000af400000, 0x00000000af500000|  0%| F|  |TAMS 0x00000000af400000, 0x00000000af400000| Untracked 
| 757|0x00000000af500000, 0x00000000af500000, 0x00000000af600000|  0%| F|  |TAMS 0x00000000af500000, 0x00000000af500000| Untracked 
| 758|0x00000000af600000, 0x00000000af600000, 0x00000000af700000|  0%| F|  |TAMS 0x00000000af600000, 0x00000000af600000| Untracked 
| 759|0x00000000af700000, 0x00000000af700000, 0x00000000af800000|  0%| F|  |TAMS 0x00000000af700000, 0x00000000af700000| Untracked 
| 760|0x00000000af800000, 0x00000000af800000, 0x00000000af900000|  0%| F|  |TAMS 0x00000000af800000, 0x00000000af800000| Untracked 
| 761|0x00000000af900000, 0x00000000af900000, 0x00000000afa00000|  0%| F|  |TAMS 0x00000000af900000, 0x00000000af900000| Untracked 
| 762|0x00000000afa00000, 0x00000000afa00000, 0x00000000afb00000|  0%| F|  |TAMS 0x00000000afa00000, 0x00000000afa00000| Untracked 
| 763|0x00000000afb00000, 0x00000000afb00000, 0x00000000afc00000|  0%| F|  |TAMS 0x00000000afb00000, 0x00000000afb00000| Untracked 
| 764|0x00000000afc00000, 0x00000000afc00000, 0x00000000afd00000|  0%| F|  |TAMS 0x00000000afc00000, 0x00000000afc00000| Untracked 
| 765|0x00000000afd00000, 0x00000000afd00000, 0x00000000afe00000|  0%| F|  |TAMS 0x00000000afd00000, 0x00000000afd00000| Untracked 
| 766|0x00000000afe00000, 0x00000000afe00000, 0x00000000aff00000|  0%| F|  |TAMS 0x00000000afe00000, 0x00000000afe00000| Untracked 
| 767|0x00000000aff00000, 0x00000000aff00000, 0x00000000b0000000|  0%| F|  |TAMS 0x00000000aff00000, 0x00000000aff00000| Untracked 
| 768|0x00000000b0000000, 0x00000000b0000000, 0x00000000b0100000|  0%| F|  |TAMS 0x00000000b0000000, 0x00000000b0000000| Untracked 
| 769|0x00000000b0100000, 0x00000000b0100000, 0x00000000b0200000|  0%| F|  |TAMS 0x00000000b0100000, 0x00000000b0100000| Untracked 
| 770|0x00000000b0200000, 0x00000000b0200000, 0x00000000b0300000|  0%| F|  |TAMS 0x00000000b0200000, 0x00000000b0200000| Untracked 
| 771|0x00000000b0300000, 0x00000000b0300000, 0x00000000b0400000|  0%| F|  |TAMS 0x00000000b0300000, 0x00000000b0300000| Untracked 
| 772|0x00000000b0400000, 0x00000000b0400000, 0x00000000b0500000|  0%| F|  |TAMS 0x00000000b0400000, 0x00000000b0400000| Untracked 
| 773|0x00000000b0500000, 0x00000000b0500000, 0x00000000b0600000|  0%| F|  |TAMS 0x00000000b0500000, 0x00000000b0500000| Untracked 
| 774|0x00000000b0600000, 0x00000000b0600000, 0x00000000b0700000|  0%| F|  |TAMS 0x00000000b0600000, 0x00000000b0600000| Untracked 
| 775|0x00000000b0700000, 0x00000000b0700000, 0x00000000b0800000|  0%| F|  |TAMS 0x00000000b0700000, 0x00000000b0700000| Untracked 
| 776|0x00000000b0800000, 0x00000000b0800000, 0x00000000b0900000|  0%| F|  |TAMS 0x00000000b0800000, 0x00000000b0800000| Untracked 
| 777|0x00000000b0900000, 0x00000000b0900000, 0x00000000b0a00000|  0%| F|  |TAMS 0x00000000b0900000, 0x00000000b0900000| Untracked 
| 778|0x00000000b0a00000, 0x00000000b0a00000, 0x00000000b0b00000|  0%| F|  |TAMS 0x00000000b0a00000, 0x00000000b0a00000| Untracked 
| 779|0x00000000b0b00000, 0x00000000b0b00000, 0x00000000b0c00000|  0%| F|  |TAMS 0x00000000b0b00000, 0x00000000b0b00000| Untracked 
| 780|0x00000000b0c00000, 0x00000000b0c00000, 0x00000000b0d00000|  0%| F|  |TAMS 0x00000000b0c00000, 0x00000000b0c00000| Untracked 
| 781|0x00000000b0d00000, 0x00000000b0d00000, 0x00000000b0e00000|  0%| F|  |TAMS 0x00000000b0d00000, 0x00000000b0d00000| Untracked 
| 782|0x00000000b0e00000, 0x00000000b0e00000, 0x00000000b0f00000|  0%| F|  |TAMS 0x00000000b0e00000, 0x00000000b0e00000| Untracked 
| 783|0x00000000b0f00000, 0x00000000b0f00000, 0x00000000b1000000|  0%| F|  |TAMS 0x00000000b0f00000, 0x00000000b0f00000| Untracked 
| 784|0x00000000b1000000, 0x00000000b1000000, 0x00000000b1100000|  0%| F|  |TAMS 0x00000000b1000000, 0x00000000b1000000| Untracked 
| 785|0x00000000b1100000, 0x00000000b1100000, 0x00000000b1200000|  0%| F|  |TAMS 0x00000000b1100000, 0x00000000b1100000| Untracked 
| 786|0x00000000b1200000, 0x00000000b1200000, 0x00000000b1300000|  0%| F|  |TAMS 0x00000000b1200000, 0x00000000b1200000| Untracked 
| 787|0x00000000b1300000, 0x00000000b1300000, 0x00000000b1400000|  0%| F|  |TAMS 0x00000000b1300000, 0x00000000b1300000| Untracked 
| 788|0x00000000b1400000, 0x00000000b1400000, 0x00000000b1500000|  0%| F|  |TAMS 0x00000000b1400000, 0x00000000b1400000| Untracked 
| 789|0x00000000b1500000, 0x00000000b1500000, 0x00000000b1600000|  0%| F|  |TAMS 0x00000000b1500000, 0x00000000b1500000| Untracked 
| 790|0x00000000b1600000, 0x00000000b1600000, 0x00000000b1700000|  0%| F|  |TAMS 0x00000000b1600000, 0x00000000b1600000| Untracked 
| 791|0x00000000b1700000, 0x00000000b1700000, 0x00000000b1800000|  0%| F|  |TAMS 0x00000000b1700000, 0x00000000b1700000| Untracked 
| 792|0x00000000b1800000, 0x00000000b1800000, 0x00000000b1900000|  0%| F|  |TAMS 0x00000000b1800000, 0x00000000b1800000| Untracked 
| 793|0x00000000b1900000, 0x00000000b1900000, 0x00000000b1a00000|  0%| F|  |TAMS 0x00000000b1900000, 0x00000000b1900000| Untracked 
| 794|0x00000000b1a00000, 0x00000000b1a00000, 0x00000000b1b00000|  0%| F|  |TAMS 0x00000000b1a00000, 0x00000000b1a00000| Untracked 
| 795|0x00000000b1b00000, 0x00000000b1b00000, 0x00000000b1c00000|  0%| F|  |TAMS 0x00000000b1b00000, 0x00000000b1b00000| Untracked 
| 796|0x00000000b1c00000, 0x00000000b1c00000, 0x00000000b1d00000|  0%| F|  |TAMS 0x00000000b1c00000, 0x00000000b1c00000| Untracked 
| 797|0x00000000b1d00000, 0x00000000b1d00000, 0x00000000b1e00000|  0%| F|  |TAMS 0x00000000b1d00000, 0x00000000b1d00000| Untracked 
| 798|0x00000000b1e00000, 0x00000000b1e00000, 0x00000000b1f00000|  0%| F|  |TAMS 0x00000000b1e00000, 0x00000000b1e00000| Untracked 
| 799|0x00000000b1f00000, 0x00000000b1f00000, 0x00000000b2000000|  0%| F|  |TAMS 0x00000000b1f00000, 0x00000000b1f00000| Untracked 
| 800|0x00000000b2000000, 0x00000000b2000000, 0x00000000b2100000|  0%| F|  |TAMS 0x00000000b2000000, 0x00000000b2000000| Untracked 
| 801|0x00000000b2100000, 0x00000000b2100000, 0x00000000b2200000|  0%| F|  |TAMS 0x00000000b2100000, 0x00000000b2100000| Untracked 
| 802|0x00000000b2200000, 0x00000000b2200000, 0x00000000b2300000|  0%| F|  |TAMS 0x00000000b2200000, 0x00000000b2200000| Untracked 
| 803|0x00000000b2300000, 0x00000000b2300000, 0x00000000b2400000|  0%| F|  |TAMS 0x00000000b2300000, 0x00000000b2300000| Untracked 
| 804|0x00000000b2400000, 0x00000000b2400000, 0x00000000b2500000|  0%| F|  |TAMS 0x00000000b2400000, 0x00000000b2400000| Untracked 
| 805|0x00000000b2500000, 0x00000000b2500000, 0x00000000b2600000|  0%| F|  |TAMS 0x00000000b2500000, 0x00000000b2500000| Untracked 
| 806|0x00000000b2600000, 0x00000000b2600000, 0x00000000b2700000|  0%| F|  |TAMS 0x00000000b2600000, 0x00000000b2600000| Untracked 
| 807|0x00000000b2700000, 0x00000000b2700000, 0x00000000b2800000|  0%| F|  |TAMS 0x00000000b2700000, 0x00000000b2700000| Untracked 
| 808|0x00000000b2800000, 0x00000000b2800000, 0x00000000b2900000|  0%| F|  |TAMS 0x00000000b2800000, 0x00000000b2800000| Untracked 
| 809|0x00000000b2900000, 0x00000000b2900000, 0x00000000b2a00000|  0%| F|  |TAMS 0x00000000b2900000, 0x00000000b2900000| Untracked 
| 810|0x00000000b2a00000, 0x00000000b2a00000, 0x00000000b2b00000|  0%| F|  |TAMS 0x00000000b2a00000, 0x00000000b2a00000| Untracked 
| 811|0x00000000b2b00000, 0x00000000b2b00000, 0x00000000b2c00000|  0%| F|  |TAMS 0x00000000b2b00000, 0x00000000b2b00000| Untracked 
| 812|0x00000000b2c00000, 0x00000000b2c00000, 0x00000000b2d00000|  0%| F|  |TAMS 0x00000000b2c00000, 0x00000000b2c00000| Untracked 
| 813|0x00000000b2d00000, 0x00000000b2d00000, 0x00000000b2e00000|  0%| F|  |TAMS 0x00000000b2d00000, 0x00000000b2d00000| Untracked 
| 814|0x00000000b2e00000, 0x00000000b2e00000, 0x00000000b2f00000|  0%| F|  |TAMS 0x00000000b2e00000, 0x00000000b2e00000| Untracked 
| 815|0x00000000b2f00000, 0x00000000b2f00000, 0x00000000b3000000|  0%| F|  |TAMS 0x00000000b2f00000, 0x00000000b2f00000| Untracked 
| 816|0x00000000b3000000, 0x00000000b3000000, 0x00000000b3100000|  0%| F|  |TAMS 0x00000000b3000000, 0x00000000b3000000| Untracked 
| 817|0x00000000b3100000, 0x00000000b3100000, 0x00000000b3200000|  0%| F|  |TAMS 0x00000000b3100000, 0x00000000b3100000| Untracked 
| 818|0x00000000b3200000, 0x00000000b3200000, 0x00000000b3300000|  0%| F|  |TAMS 0x00000000b3200000, 0x00000000b3200000| Untracked 
| 819|0x00000000b3300000, 0x00000000b3300000, 0x00000000b3400000|  0%| F|  |TAMS 0x00000000b3300000, 0x00000000b3300000| Untracked 
| 820|0x00000000b3400000, 0x00000000b3400000, 0x00000000b3500000|  0%| F|  |TAMS 0x00000000b3400000, 0x00000000b3400000| Untracked 
| 821|0x00000000b3500000, 0x00000000b3500000, 0x00000000b3600000|  0%| F|  |TAMS 0x00000000b3500000, 0x00000000b3500000| Untracked 
| 822|0x00000000b3600000, 0x00000000b3600000, 0x00000000b3700000|  0%| F|  |TAMS 0x00000000b3600000, 0x00000000b3600000| Untracked 
| 823|0x00000000b3700000, 0x00000000b3700000, 0x00000000b3800000|  0%| F|  |TAMS 0x00000000b3700000, 0x00000000b3700000| Untracked 
| 824|0x00000000b3800000, 0x00000000b3800000, 0x00000000b3900000|  0%| F|  |TAMS 0x00000000b3800000, 0x00000000b3800000| Untracked 
| 825|0x00000000b3900000, 0x00000000b3900000, 0x00000000b3a00000|  0%| F|  |TAMS 0x00000000b3900000, 0x00000000b3900000| Untracked 
| 826|0x00000000b3a00000, 0x00000000b3a00000, 0x00000000b3b00000|  0%| F|  |TAMS 0x00000000b3a00000, 0x00000000b3a00000| Untracked 
| 827|0x00000000b3b00000, 0x00000000b3b00000, 0x00000000b3c00000|  0%| F|  |TAMS 0x00000000b3b00000, 0x00000000b3b00000| Untracked 
| 828|0x00000000b3c00000, 0x00000000b3c00000, 0x00000000b3d00000|  0%| F|  |TAMS 0x00000000b3c00000, 0x00000000b3c00000| Untracked 
| 829|0x00000000b3d00000, 0x00000000b3d00000, 0x00000000b3e00000|  0%| F|  |TAMS 0x00000000b3d00000, 0x00000000b3d00000| Untracked 
| 830|0x00000000b3e00000, 0x00000000b3e00000, 0x00000000b3f00000|  0%| F|  |TAMS 0x00000000b3e00000, 0x00000000b3e00000| Untracked 
| 831|0x00000000b3f00000, 0x00000000b3f00000, 0x00000000b4000000|  0%| F|  |TAMS 0x00000000b3f00000, 0x00000000b3f00000| Untracked 
| 832|0x00000000b4000000, 0x00000000b4000000, 0x00000000b4100000|  0%| F|  |TAMS 0x00000000b4000000, 0x00000000b4000000| Untracked 
| 833|0x00000000b4100000, 0x00000000b4100000, 0x00000000b4200000|  0%| F|  |TAMS 0x00000000b4100000, 0x00000000b4100000| Untracked 
| 834|0x00000000b4200000, 0x00000000b4200000, 0x00000000b4300000|  0%| F|  |TAMS 0x00000000b4200000, 0x00000000b4200000| Untracked 
| 835|0x00000000b4300000, 0x00000000b4300000, 0x00000000b4400000|  0%| F|  |TAMS 0x00000000b4300000, 0x00000000b4300000| Untracked 
| 836|0x00000000b4400000, 0x00000000b4400000, 0x00000000b4500000|  0%| F|  |TAMS 0x00000000b4400000, 0x00000000b4400000| Untracked 
| 837|0x00000000b4500000, 0x00000000b4500000, 0x00000000b4600000|  0%| F|  |TAMS 0x00000000b4500000, 0x00000000b4500000| Untracked 
| 838|0x00000000b4600000, 0x00000000b4600000, 0x00000000b4700000|  0%| F|  |TAMS 0x00000000b4600000, 0x00000000b4600000| Untracked 
| 839|0x00000000b4700000, 0x00000000b4700000, 0x00000000b4800000|  0%| F|  |TAMS 0x00000000b4700000, 0x00000000b4700000| Untracked 
| 840|0x00000000b4800000, 0x00000000b4800000, 0x00000000b4900000|  0%| F|  |TAMS 0x00000000b4800000, 0x00000000b4800000| Untracked 
| 841|0x00000000b4900000, 0x00000000b4900000, 0x00000000b4a00000|  0%| F|  |TAMS 0x00000000b4900000, 0x00000000b4900000| Untracked 
| 842|0x00000000b4a00000, 0x00000000b4a00000, 0x00000000b4b00000|  0%| F|  |TAMS 0x00000000b4a00000, 0x00000000b4a00000| Untracked 
| 843|0x00000000b4b00000, 0x00000000b4b00000, 0x00000000b4c00000|  0%| F|  |TAMS 0x00000000b4b00000, 0x00000000b4b00000| Untracked 
| 844|0x00000000b4c00000, 0x00000000b4c00000, 0x00000000b4d00000|  0%| F|  |TAMS 0x00000000b4c00000, 0x00000000b4c00000| Untracked 
| 845|0x00000000b4d00000, 0x00000000b4d00000, 0x00000000b4e00000|  0%| F|  |TAMS 0x00000000b4d00000, 0x00000000b4d00000| Untracked 
| 846|0x00000000b4e00000, 0x00000000b4e00000, 0x00000000b4f00000|  0%| F|  |TAMS 0x00000000b4e00000, 0x00000000b4e00000| Untracked 
| 847|0x00000000b4f00000, 0x00000000b4f00000, 0x00000000b5000000|  0%| F|  |TAMS 0x00000000b4f00000, 0x00000000b4f00000| Untracked 
| 848|0x00000000b5000000, 0x00000000b5000000, 0x00000000b5100000|  0%| F|  |TAMS 0x00000000b5000000, 0x00000000b5000000| Untracked 
| 849|0x00000000b5100000, 0x00000000b5100000, 0x00000000b5200000|  0%| F|  |TAMS 0x00000000b5100000, 0x00000000b5100000| Untracked 
| 850|0x00000000b5200000, 0x00000000b5200000, 0x00000000b5300000|  0%| F|  |TAMS 0x00000000b5200000, 0x00000000b5200000| Untracked 
| 851|0x00000000b5300000, 0x00000000b5300000, 0x00000000b5400000|  0%| F|  |TAMS 0x00000000b5300000, 0x00000000b5300000| Untracked 
| 852|0x00000000b5400000, 0x00000000b5400000, 0x00000000b5500000|  0%| F|  |TAMS 0x00000000b5400000, 0x00000000b5400000| Untracked 
| 853|0x00000000b5500000, 0x00000000b5500000, 0x00000000b5600000|  0%| F|  |TAMS 0x00000000b5500000, 0x00000000b5500000| Untracked 
| 854|0x00000000b5600000, 0x00000000b5600000, 0x00000000b5700000|  0%| F|  |TAMS 0x00000000b5600000, 0x00000000b5600000| Untracked 
| 855|0x00000000b5700000, 0x00000000b5700000, 0x00000000b5800000|  0%| F|  |TAMS 0x00000000b5700000, 0x00000000b5700000| Untracked 
| 856|0x00000000b5800000, 0x00000000b5800000, 0x00000000b5900000|  0%| F|  |TAMS 0x00000000b5800000, 0x00000000b5800000| Untracked 
| 857|0x00000000b5900000, 0x00000000b5900000, 0x00000000b5a00000|  0%| F|  |TAMS 0x00000000b5900000, 0x00000000b5900000| Untracked 
| 858|0x00000000b5a00000, 0x00000000b5a00000, 0x00000000b5b00000|  0%| F|  |TAMS 0x00000000b5a00000, 0x00000000b5a00000| Untracked 
| 859|0x00000000b5b00000, 0x00000000b5b00000, 0x00000000b5c00000|  0%| F|  |TAMS 0x00000000b5b00000, 0x00000000b5b00000| Untracked 
| 860|0x00000000b5c00000, 0x00000000b5c00000, 0x00000000b5d00000|  0%| F|  |TAMS 0x00000000b5c00000, 0x00000000b5c00000| Untracked 
| 861|0x00000000b5d00000, 0x00000000b5d00000, 0x00000000b5e00000|  0%| F|  |TAMS 0x00000000b5d00000, 0x00000000b5d00000| Untracked 
| 862|0x00000000b5e00000, 0x00000000b5e00000, 0x00000000b5f00000|  0%| F|  |TAMS 0x00000000b5e00000, 0x00000000b5e00000| Untracked 
| 863|0x00000000b5f00000, 0x00000000b5f00000, 0x00000000b6000000|  0%| F|  |TAMS 0x00000000b5f00000, 0x00000000b5f00000| Untracked 
| 864|0x00000000b6000000, 0x00000000b6000000, 0x00000000b6100000|  0%| F|  |TAMS 0x00000000b6000000, 0x00000000b6000000| Untracked 
| 865|0x00000000b6100000, 0x00000000b6100000, 0x00000000b6200000|  0%| F|  |TAMS 0x00000000b6100000, 0x00000000b6100000| Untracked 
| 866|0x00000000b6200000, 0x00000000b6200000, 0x00000000b6300000|  0%| F|  |TAMS 0x00000000b6200000, 0x00000000b6200000| Untracked 
| 867|0x00000000b6300000, 0x00000000b6300000, 0x00000000b6400000|  0%| F|  |TAMS 0x00000000b6300000, 0x00000000b6300000| Untracked 
| 868|0x00000000b6400000, 0x00000000b6400000, 0x00000000b6500000|  0%| F|  |TAMS 0x00000000b6400000, 0x00000000b6400000| Untracked 
| 869|0x00000000b6500000, 0x00000000b6500000, 0x00000000b6600000|  0%| F|  |TAMS 0x00000000b6500000, 0x00000000b6500000| Untracked 
| 870|0x00000000b6600000, 0x00000000b6600000, 0x00000000b6700000|  0%| F|  |TAMS 0x00000000b6600000, 0x00000000b6600000| Untracked 
| 871|0x00000000b6700000, 0x00000000b6700000, 0x00000000b6800000|  0%| F|  |TAMS 0x00000000b6700000, 0x00000000b6700000| Untracked 
| 872|0x00000000b6800000, 0x00000000b6800000, 0x00000000b6900000|  0%| F|  |TAMS 0x00000000b6800000, 0x00000000b6800000| Untracked 
| 873|0x00000000b6900000, 0x00000000b6900000, 0x00000000b6a00000|  0%| F|  |TAMS 0x00000000b6900000, 0x00000000b6900000| Untracked 
| 874|0x00000000b6a00000, 0x00000000b6a00000, 0x00000000b6b00000|  0%| F|  |TAMS 0x00000000b6a00000, 0x00000000b6a00000| Untracked 
| 875|0x00000000b6b00000, 0x00000000b6b00000, 0x00000000b6c00000|  0%| F|  |TAMS 0x00000000b6b00000, 0x00000000b6b00000| Untracked 
| 876|0x00000000b6c00000, 0x00000000b6c00000, 0x00000000b6d00000|  0%| F|  |TAMS 0x00000000b6c00000, 0x00000000b6c00000| Untracked 
| 877|0x00000000b6d00000, 0x00000000b6d00000, 0x00000000b6e00000|  0%| F|  |TAMS 0x00000000b6d00000, 0x00000000b6d00000| Untracked 
| 878|0x00000000b6e00000, 0x00000000b6e00000, 0x00000000b6f00000|  0%| F|  |TAMS 0x00000000b6e00000, 0x00000000b6e00000| Untracked 
| 879|0x00000000b6f00000, 0x00000000b6f00000, 0x00000000b7000000|  0%| F|  |TAMS 0x00000000b6f00000, 0x00000000b6f00000| Untracked 
| 880|0x00000000b7000000, 0x00000000b7000000, 0x00000000b7100000|  0%| F|  |TAMS 0x00000000b7000000, 0x00000000b7000000| Untracked 
| 881|0x00000000b7100000, 0x00000000b7100000, 0x00000000b7200000|  0%| F|  |TAMS 0x00000000b7100000, 0x00000000b7100000| Untracked 
| 882|0x00000000b7200000, 0x00000000b7200000, 0x00000000b7300000|  0%| F|  |TAMS 0x00000000b7200000, 0x00000000b7200000| Untracked 
| 883|0x00000000b7300000, 0x00000000b7300000, 0x00000000b7400000|  0%| F|  |TAMS 0x00000000b7300000, 0x00000000b7300000| Untracked 
| 884|0x00000000b7400000, 0x00000000b7400000, 0x00000000b7500000|  0%| F|  |TAMS 0x00000000b7400000, 0x00000000b7400000| Untracked 
| 885|0x00000000b7500000, 0x00000000b7500000, 0x00000000b7600000|  0%| F|  |TAMS 0x00000000b7500000, 0x00000000b7500000| Untracked 
| 886|0x00000000b7600000, 0x00000000b7600000, 0x00000000b7700000|  0%| F|  |TAMS 0x00000000b7600000, 0x00000000b7600000| Untracked 
| 887|0x00000000b7700000, 0x00000000b7700000, 0x00000000b7800000|  0%| F|  |TAMS 0x00000000b7700000, 0x00000000b7700000| Untracked 
| 888|0x00000000b7800000, 0x00000000b7800000, 0x00000000b7900000|  0%| F|  |TAMS 0x00000000b7800000, 0x00000000b7800000| Untracked 
| 889|0x00000000b7900000, 0x00000000b7900000, 0x00000000b7a00000|  0%| F|  |TAMS 0x00000000b7900000, 0x00000000b7900000| Untracked 
| 890|0x00000000b7a00000, 0x00000000b7a00000, 0x00000000b7b00000|  0%| F|  |TAMS 0x00000000b7a00000, 0x00000000b7a00000| Untracked 
| 891|0x00000000b7b00000, 0x00000000b7b00000, 0x00000000b7c00000|  0%| F|  |TAMS 0x00000000b7b00000, 0x00000000b7b00000| Untracked 
| 892|0x00000000b7c00000, 0x00000000b7c00000, 0x00000000b7d00000|  0%| F|  |TAMS 0x00000000b7c00000, 0x00000000b7c00000| Untracked 
| 893|0x00000000b7d00000, 0x00000000b7d00000, 0x00000000b7e00000|  0%| F|  |TAMS 0x00000000b7d00000, 0x00000000b7d00000| Untracked 
| 894|0x00000000b7e00000, 0x00000000b7e00000, 0x00000000b7f00000|  0%| F|  |TAMS 0x00000000b7e00000, 0x00000000b7e00000| Untracked 
| 895|0x00000000b7f00000, 0x00000000b7f00000, 0x00000000b8000000|  0%| F|  |TAMS 0x00000000b7f00000, 0x00000000b7f00000| Untracked 
| 896|0x00000000b8000000, 0x00000000b8000000, 0x00000000b8100000|  0%| F|  |TAMS 0x00000000b8000000, 0x00000000b8000000| Untracked 
| 897|0x00000000b8100000, 0x00000000b8100000, 0x00000000b8200000|  0%| F|  |TAMS 0x00000000b8100000, 0x00000000b8100000| Untracked 
| 898|0x00000000b8200000, 0x00000000b8200000, 0x00000000b8300000|  0%| F|  |TAMS 0x00000000b8200000, 0x00000000b8200000| Untracked 
| 899|0x00000000b8300000, 0x00000000b8300000, 0x00000000b8400000|  0%| F|  |TAMS 0x00000000b8300000, 0x00000000b8300000| Untracked 
| 900|0x00000000b8400000, 0x00000000b8400000, 0x00000000b8500000|  0%| F|  |TAMS 0x00000000b8400000, 0x00000000b8400000| Untracked 
| 901|0x00000000b8500000, 0x00000000b8500000, 0x00000000b8600000|  0%| F|  |TAMS 0x00000000b8500000, 0x00000000b8500000| Untracked 
| 902|0x00000000b8600000, 0x00000000b8600000, 0x00000000b8700000|  0%| F|  |TAMS 0x00000000b8600000, 0x00000000b8600000| Untracked 
| 903|0x00000000b8700000, 0x00000000b8700000, 0x00000000b8800000|  0%| F|  |TAMS 0x00000000b8700000, 0x00000000b8700000| Untracked 
| 904|0x00000000b8800000, 0x00000000b8800000, 0x00000000b8900000|  0%| F|  |TAMS 0x00000000b8800000, 0x00000000b8800000| Untracked 
| 905|0x00000000b8900000, 0x00000000b8900000, 0x00000000b8a00000|  0%| F|  |TAMS 0x00000000b8900000, 0x00000000b8900000| Untracked 
| 906|0x00000000b8a00000, 0x00000000b8a00000, 0x00000000b8b00000|  0%| F|  |TAMS 0x00000000b8a00000, 0x00000000b8a00000| Untracked 
| 907|0x00000000b8b00000, 0x00000000b8b00000, 0x00000000b8c00000|  0%| F|  |TAMS 0x00000000b8b00000, 0x00000000b8b00000| Untracked 
| 908|0x00000000b8c00000, 0x00000000b8c00000, 0x00000000b8d00000|  0%| F|  |TAMS 0x00000000b8c00000, 0x00000000b8c00000| Untracked 
| 909|0x00000000b8d00000, 0x00000000b8d00000, 0x00000000b8e00000|  0%| F|  |TAMS 0x00000000b8d00000, 0x00000000b8d00000| Untracked 
| 910|0x00000000b8e00000, 0x00000000b8e00000, 0x00000000b8f00000|  0%| F|  |TAMS 0x00000000b8e00000, 0x00000000b8e00000| Untracked 
| 911|0x00000000b8f00000, 0x00000000b8f00000, 0x00000000b9000000|  0%| F|  |TAMS 0x00000000b8f00000, 0x00000000b8f00000| Untracked 
| 912|0x00000000b9000000, 0x00000000b9000000, 0x00000000b9100000|  0%| F|  |TAMS 0x00000000b9000000, 0x00000000b9000000| Untracked 
| 913|0x00000000b9100000, 0x00000000b9100000, 0x00000000b9200000|  0%| F|  |TAMS 0x00000000b9100000, 0x00000000b9100000| Untracked 
| 914|0x00000000b9200000, 0x00000000b9200000, 0x00000000b9300000|  0%| F|  |TAMS 0x00000000b9200000, 0x00000000b9200000| Untracked 
| 915|0x00000000b9300000, 0x00000000b9300000, 0x00000000b9400000|  0%| F|  |TAMS 0x00000000b9300000, 0x00000000b9300000| Untracked 
| 916|0x00000000b9400000, 0x00000000b9400000, 0x00000000b9500000|  0%| F|  |TAMS 0x00000000b9400000, 0x00000000b9400000| Untracked 
| 917|0x00000000b9500000, 0x00000000b9500000, 0x00000000b9600000|  0%| F|  |TAMS 0x00000000b9500000, 0x00000000b9500000| Untracked 
| 918|0x00000000b9600000, 0x00000000b9600000, 0x00000000b9700000|  0%| F|  |TAMS 0x00000000b9600000, 0x00000000b9600000| Untracked 
| 919|0x00000000b9700000, 0x00000000b9700000, 0x00000000b9800000|  0%| F|  |TAMS 0x00000000b9700000, 0x00000000b9700000| Untracked 
| 920|0x00000000b9800000, 0x00000000b9800000, 0x00000000b9900000|  0%| F|  |TAMS 0x00000000b9800000, 0x00000000b9800000| Untracked 
| 921|0x00000000b9900000, 0x00000000b9900000, 0x00000000b9a00000|  0%| F|  |TAMS 0x00000000b9900000, 0x00000000b9900000| Untracked 
| 922|0x00000000b9a00000, 0x00000000b9a00000, 0x00000000b9b00000|  0%| F|  |TAMS 0x00000000b9a00000, 0x00000000b9a00000| Untracked 
| 923|0x00000000b9b00000, 0x00000000b9b00000, 0x00000000b9c00000|  0%| F|  |TAMS 0x00000000b9b00000, 0x00000000b9b00000| Untracked 
| 924|0x00000000b9c00000, 0x00000000b9c00000, 0x00000000b9d00000|  0%| F|  |TAMS 0x00000000b9c00000, 0x00000000b9c00000| Untracked 
| 925|0x00000000b9d00000, 0x00000000b9d00000, 0x00000000b9e00000|  0%| F|  |TAMS 0x00000000b9d00000, 0x00000000b9d00000| Untracked 
| 926|0x00000000b9e00000, 0x00000000b9e00000, 0x00000000b9f00000|  0%| F|  |TAMS 0x00000000b9e00000, 0x00000000b9e00000| Untracked 
| 927|0x00000000b9f00000, 0x00000000b9f00000, 0x00000000ba000000|  0%| F|  |TAMS 0x00000000b9f00000, 0x00000000b9f00000| Untracked 
| 928|0x00000000ba000000, 0x00000000ba000000, 0x00000000ba100000|  0%| F|  |TAMS 0x00000000ba000000, 0x00000000ba000000| Untracked 
| 929|0x00000000ba100000, 0x00000000ba100000, 0x00000000ba200000|  0%| F|  |TAMS 0x00000000ba100000, 0x00000000ba100000| Untracked 
| 930|0x00000000ba200000, 0x00000000ba200000, 0x00000000ba300000|  0%| F|  |TAMS 0x00000000ba200000, 0x00000000ba200000| Untracked 
| 931|0x00000000ba300000, 0x00000000ba300000, 0x00000000ba400000|  0%| F|  |TAMS 0x00000000ba300000, 0x00000000ba300000| Untracked 
| 932|0x00000000ba400000, 0x00000000ba400000, 0x00000000ba500000|  0%| F|  |TAMS 0x00000000ba400000, 0x00000000ba400000| Untracked 
| 933|0x00000000ba500000, 0x00000000ba500000, 0x00000000ba600000|  0%| F|  |TAMS 0x00000000ba500000, 0x00000000ba500000| Untracked 
| 934|0x00000000ba600000, 0x00000000ba600000, 0x00000000ba700000|  0%| F|  |TAMS 0x00000000ba600000, 0x00000000ba600000| Untracked 
| 935|0x00000000ba700000, 0x00000000ba700000, 0x00000000ba800000|  0%| F|  |TAMS 0x00000000ba700000, 0x00000000ba700000| Untracked 
| 936|0x00000000ba800000, 0x00000000ba800000, 0x00000000ba900000|  0%| F|  |TAMS 0x00000000ba800000, 0x00000000ba800000| Untracked 

Card table byte_map: [0x000002b27f0b0000,0x000002b27f4b0000] _byte_map_base: 0x000002b27ecb0000

Marking Bits (Prev, Next): (CMBitMap*) 0x000002b274cfc050, (CMBitMap*) 0x000002b274cfc010
 Prev Bits: [0x000002b211000000, 0x000002b213000000)
 Next Bits: [0x000002b20f000000, 0x000002b211000000)

Polling page: 0x000002b274d50000

Metaspace:

Usage:
  Non-class:    122.61 MB used.
      Class:     20.33 MB used.
       Both:    142.95 MB used.

Virtual space:
  Non-class space:      128.00 MB reserved,     123.38 MB ( 96%) committed,  2 nodes.
      Class space:      832.00 MB reserved,      21.06 MB (  3%) committed,  1 nodes.
             Both:      960.00 MB reserved,     144.44 MB ( 15%) committed. 

Chunk freelists:
   Non-Class:  4.31 MB
       Class:  10.78 MB
        Both:  15.09 MB

MaxMetaspaceSize: 1.00 GB
CompressedClassSpaceSize: 832.00 MB
Initial GC threshold: 21.00 MB
Current GC threshold: 227.00 MB
CDS: on
MetaspaceReclaimPolicy: balanced
 - commit_granule_bytes: 65536.
 - commit_granule_words: 8192.
 - virtual_space_node_default_size: 8388608.
 - enlarge_chunks_in_place: 1.
 - new_chunks_are_fully_committed: 0.
 - uncommit_free_chunks: 1.
 - use_allocation_guard: 0.
 - handle_deallocations: 1.


Internal statistics:

num_allocs_failed_limit: 54.
num_arena_births: 2534.
num_arena_deaths: 16.
num_vsnodes_births: 3.
num_vsnodes_deaths: 0.
num_space_committed: 2310.
num_space_uncommitted: 0.
num_chunks_returned_to_freelist: 73.
num_chunks_taken_from_freelist: 9181.
num_chunk_merges: 59.
num_chunk_splits: 5998.
num_chunks_enlarged: 3799.
num_inconsistent_stats: 0.

CodeHeap 'non-profiled nmethods': size=120000Kb used=17441Kb max_used=17441Kb free=102558Kb
 bounds [0x000002b207ad0000, 0x000002b208be0000, 0x000002b20f000000]
CodeHeap 'profiled nmethods': size=120000Kb used=45566Kb max_used=45566Kb free=74434Kb
 bounds [0x000002b200000000, 0x000002b202cc0000, 0x000002b207530000]
CodeHeap 'non-nmethods': size=5760Kb used=1835Kb max_used=1918Kb free=3924Kb
 bounds [0x000002b207530000, 0x000002b2077a0000, 0x000002b207ad0000]
 total_blobs=23352 nmethods=22413 adapters=849
 compilation: enabled
              stopped_count=0, restarted_count=0
 full_count=0

Compilation events (20 events):
Event: 99.177 Thread 0x000002b2157c0c00 28419       2       com.android.tools.r8.internal.xo3::a (64 bytes)
Event: 99.178 Thread 0x000002b2157c0c00 nmethod 28419 0x000002b20295c810 code [0x000002b20295ca00, 0x000002b20295ce28]
Event: 99.179 Thread 0x000002b2157c0c00 28420       2       com.android.tools.r8.internal.uf1::e (155 bytes)
Event: 99.180 Thread 0x000002b2157c0c00 nmethod 28420 0x000002b20295c090 code [0x000002b20295c260, 0x000002b20295c638]
Event: 99.185 Thread 0x000002b2157c0c00 28422       3       com.android.tools.r8.internal.ca2::a (330 bytes)
Event: 99.187 Thread 0x000002b2157c0c00 nmethod 28422 0x000002b202186390 code [0x000002b2021867a0, 0x000002b202188418]
Event: 99.256 Thread 0x000002b2157c0c00 28424       3       java.util.PriorityQueue::clear (43 bytes)
Event: 99.256 Thread 0x000002b2157c0c00 nmethod 28424 0x000002b20295ba10 code [0x000002b20295bbc0, 0x000002b20295bf38]
Event: 99.258 Thread 0x000002b2157c0c00 28425       2       com.android.tools.r8.internal.iq4::c (11 bytes)
Event: 99.258 Thread 0x000002b2157c0c00 nmethod 28425 0x000002b201f79b10 code [0x000002b201f79cc0, 0x000002b201f79e48]
Event: 99.258 Thread 0x000002b2157c0c00 28426       2       com.android.tools.r8.internal.nq0::<init> (8 bytes)
Event: 99.258 Thread 0x000002b2157c0c00 nmethod 28426 0x000002b2023f3910 code [0x000002b2023f3ac0, 0x000002b2023f3be8]
Event: 99.269 Thread 0x000002b2157c0c00 28428       2       com.android.tools.r8.internal.cd2$$Lambda$5259/0x000002b218479cd8::<init> (10 bytes)
Event: 99.269 Thread 0x000002b2157c0c00 nmethod 28428 0x000002b2029ea310 code [0x000002b2029ea4a0, 0x000002b2029ea5f8]
Event: 99.270 Thread 0x000002b2157c0c00 28429       2       com.android.tools.r8.internal.o5::d (11 bytes)
Event: 99.270 Thread 0x000002b2157c0c00 nmethod 28429 0x000002b2029e9f10 code [0x000002b2029ea0c0, 0x000002b2029ea248]
Event: 99.270 Thread 0x000002b2157c0c00 28430       2       com.android.tools.r8.internal.mf0::<init> (8 bytes)
Event: 99.270 Thread 0x000002b2157c0c00 nmethod 28430 0x000002b2029e9b90 code [0x000002b2029e9d40, 0x000002b2029e9e68]
Event: 99.273 Thread 0x000002b2157c0c00 28431       1       com.android.tools.r8.internal.zc::b (5 bytes)
Event: 99.273 Thread 0x000002b2157c0c00 nmethod 28431 0x000002b208bd8190 code [0x000002b208bd8320, 0x000002b208bd83d8]

GC Heap History (20 events):
Event: 93.236 GC heap after
{Heap after GC invocations=88 (full 0):
 garbage-first heap   total 959488K, used 306708K [0x0000000080000000, 0x0000000100000000)
  region size 1024K, 23 young (23552K), 23 survivors (23552K)
 Metaspace       used 145989K, committed 147584K, reserved 983040K
  class space    used 20809K, committed 21568K, reserved 851968K
}
Event: 93.964 GC heap before
{Heap before GC invocations=88 (full 0):
 garbage-first heap   total 959488K, used 828948K [0x0000000080000000, 0x0000000100000000)
  region size 1024K, 532 young (544768K), 23 survivors (23552K)
 Metaspace       used 146080K, committed 147648K, reserved 983040K
  class space    used 20812K, committed 21568K, reserved 851968K
}
Event: 93.990 GC heap after
{Heap after GC invocations=89 (full 0):
 garbage-first heap   total 959488K, used 308995K [0x0000000080000000, 0x0000000100000000)
  region size 1024K, 25 young (25600K), 25 survivors (25600K)
 Metaspace       used 146080K, committed 147648K, reserved 983040K
  class space    used 20812K, committed 21568K, reserved 851968K
}
Event: 95.055 GC heap before
{Heap before GC invocations=89 (full 0):
 garbage-first heap   total 959488K, used 820995K [0x0000000080000000, 0x0000000100000000)
  region size 1024K, 525 young (537600K), 25 survivors (25600K)
 Metaspace       used 146110K, committed 147712K, reserved 983040K
  class space    used 20812K, committed 21568K, reserved 851968K
}
Event: 95.071 GC heap after
{Heap after GC invocations=90 (full 0):
 garbage-first heap   total 959488K, used 307282K [0x0000000080000000, 0x0000000100000000)
  region size 1024K, 23 young (23552K), 23 survivors (23552K)
 Metaspace       used 146110K, committed 147712K, reserved 983040K
  class space    used 20812K, committed 21568K, reserved 851968K
}
Event: 96.403 GC heap before
{Heap before GC invocations=90 (full 0):
 garbage-first heap   total 959488K, used 829522K [0x0000000080000000, 0x0000000100000000)
  region size 1024K, 532 young (544768K), 23 survivors (23552K)
 Metaspace       used 146205K, committed 147776K, reserved 983040K
  class space    used 20818K, committed 21568K, reserved 851968K
}
Event: 96.415 GC heap after
{Heap after GC invocations=91 (full 0):
 garbage-first heap   total 959488K, used 295744K [0x0000000080000000, 0x0000000100000000)
  region size 1024K, 12 young (12288K), 12 survivors (12288K)
 Metaspace       used 146205K, committed 147776K, reserved 983040K
  class space    used 20818K, committed 21568K, reserved 851968K
}
Event: 96.946 GC heap before
{Heap before GC invocations=91 (full 0):
 garbage-first heap   total 959488K, used 830272K [0x0000000080000000, 0x0000000100000000)
  region size 1024K, 535 young (547840K), 12 survivors (12288K)
 Metaspace       used 146266K, committed 147840K, reserved 983040K
  class space    used 20819K, committed 21568K, reserved 851968K
}
Event: 96.960 GC heap after
{Heap after GC invocations=92 (full 0):
 garbage-first heap   total 959488K, used 300537K [0x0000000080000000, 0x0000000100000000)
  region size 1024K, 16 young (16384K), 16 survivors (16384K)
 Metaspace       used 146266K, committed 147840K, reserved 983040K
  class space    used 20819K, committed 21568K, reserved 851968K
}
Event: 97.499 GC heap before
{Heap before GC invocations=92 (full 0):
 garbage-first heap   total 959488K, used 828921K [0x0000000080000000, 0x0000000100000000)
  region size 1024K, 533 young (545792K), 16 survivors (16384K)
 Metaspace       used 146303K, committed 147840K, reserved 983040K
  class space    used 20820K, committed 21568K, reserved 851968K
}
Event: 97.534 GC heap after
{Heap after GC invocations=93 (full 0):
 garbage-first heap   total 959488K, used 335747K [0x0000000080000000, 0x0000000100000000)
  region size 1024K, 50 young (51200K), 50 survivors (51200K)
 Metaspace       used 146303K, committed 147840K, reserved 983040K
  class space    used 20820K, committed 21568K, reserved 851968K
}
Event: 97.928 GC heap before
{Heap before GC invocations=93 (full 0):
 garbage-first heap   total 959488K, used 799619K [0x0000000080000000, 0x0000000100000000)
  region size 1024K, 502 young (514048K), 50 survivors (51200K)
 Metaspace       used 146348K, committed 147904K, reserved 983040K
  class space    used 20821K, committed 21568K, reserved 851968K
}
Event: 98.484 GC heap after
{Heap after GC invocations=94 (full 0):
 garbage-first heap   total 959488K, used 380342K [0x0000000080000000, 0x0000000100000000)
  region size 1024K, 50 young (51200K), 50 survivors (51200K)
 Metaspace       used 146348K, committed 147904K, reserved 983040K
  class space    used 20821K, committed 21568K, reserved 851968K
}
Event: 98.558 GC heap before
{Heap before GC invocations=94 (full 0):
 garbage-first heap   total 959488K, used 511414K [0x0000000080000000, 0x0000000100000000)
  region size 1024K, 179 young (183296K), 50 survivors (51200K)
 Metaspace       used 146354K, committed 147904K, reserved 983040K
  class space    used 20821K, committed 21568K, reserved 851968K
}
Event: 98.591 GC heap after
{Heap after GC invocations=95 (full 0):
 garbage-first heap   total 959488K, used 386482K [0x0000000080000000, 0x0000000100000000)
  region size 1024K, 13 young (13312K), 13 survivors (13312K)
 Metaspace       used 146354K, committed 147904K, reserved 983040K
  class space    used 20821K, committed 21568K, reserved 851968K
}
Event: 98.818 GC heap before
{Heap before GC invocations=95 (full 0):
 garbage-first heap   total 959488K, used 784818K [0x0000000080000000, 0x0000000100000000)
  region size 1024K, 402 young (411648K), 13 survivors (13312K)
 Metaspace       used 146365K, committed 147904K, reserved 983040K
  class space    used 20821K, committed 21568K, reserved 851968K
}
Event: 98.862 GC heap after
{Heap after GC invocations=96 (full 0):
 garbage-first heap   total 959488K, used 399659K [0x0000000080000000, 0x0000000100000000)
  region size 1024K, 26 young (26624K), 26 survivors (26624K)
 Metaspace       used 146365K, committed 147904K, reserved 983040K
  class space    used 20821K, committed 21568K, reserved 851968K
}
Event: 99.056 GC heap before
{Heap before GC invocations=96 (full 0):
 garbage-first heap   total 959488K, used 791851K [0x0000000080000000, 0x0000000100000000)
  region size 1024K, 409 young (418816K), 26 survivors (26624K)
 Metaspace       used 146372K, committed 147904K, reserved 983040K
  class space    used 20821K, committed 21568K, reserved 851968K
}
Event: 99.080 GC heap after
{Heap after GC invocations=97 (full 0):
 garbage-first heap   total 959488K, used 401238K [0x0000000080000000, 0x0000000100000000)
  region size 1024K, 27 young (27648K), 27 survivors (27648K)
 Metaspace       used 146372K, committed 147904K, reserved 983040K
  class space    used 20821K, committed 21568K, reserved 851968K
}
Event: 99.300 GC heap before
{Heap before GC invocations=97 (full 0):
 garbage-first heap   total 959488K, used 804694K [0x0000000080000000, 0x0000000100000000)
  region size 1024K, 421 young (431104K), 27 survivors (27648K)
 Metaspace       used 146378K, committed 147904K, reserved 983040K
  class space    used 20822K, committed 21568K, reserved 851968K
}

Dll operation events (15 events):
Event: 0.103 Loaded shared library C:\Users\Dr kocher\AppData\Local\Programs\Eclipse Adoptium\jdk-17.0.20.101-hotspot\bin\java.dll
Event: 0.119 Loaded shared library C:\Users\Dr kocher\AppData\Local\Programs\Eclipse Adoptium\jdk-17.0.20.101-hotspot\bin\jsvml.dll
Event: 0.158 Loaded shared library C:\Users\Dr kocher\AppData\Local\Programs\Eclipse Adoptium\jdk-17.0.20.101-hotspot\bin\zip.dll
Event: 0.181 Loaded shared library C:\Users\Dr kocher\AppData\Local\Programs\Eclipse Adoptium\jdk-17.0.20.101-hotspot\bin\instrument.dll
Event: 0.184 Loaded shared library C:\Users\Dr kocher\AppData\Local\Programs\Eclipse Adoptium\jdk-17.0.20.101-hotspot\bin\net.dll
Event: 0.186 Loaded shared library C:\Users\Dr kocher\AppData\Local\Programs\Eclipse Adoptium\jdk-17.0.20.101-hotspot\bin\nio.dll
Event: 0.188 Loaded shared library C:\Users\Dr kocher\AppData\Local\Programs\Eclipse Adoptium\jdk-17.0.20.101-hotspot\bin\zip.dll
Event: 0.423 Loaded shared library C:\Users\Dr kocher\AppData\Local\Programs\Eclipse Adoptium\jdk-17.0.20.101-hotspot\bin\jimage.dll
Event: 0.572 Loaded shared library C:\Users\Dr kocher\AppData\Local\Programs\Eclipse Adoptium\jdk-17.0.20.101-hotspot\bin\verify.dll
Event: 0.592 Loaded shared library C:\Users\Dr kocher\.gradle\native\660c5614fbf4a5f2a75b1949f50a0caf5cd603558e7d8a26e50b933a0cfb79d1\windows-amd64\native-platform.dll
Event: 0.701 Loaded shared library C:\Users\Dr kocher\.gradle\native\0.2.8\x86_64-windows-gnu\gradle-fileevents.dll
Event: 2.029 Loaded shared library C:\Users\Dr kocher\AppData\Local\Programs\Eclipse Adoptium\jdk-17.0.20.101-hotspot\bin\management.dll
Event: 2.031 Loaded shared library C:\Users\Dr kocher\AppData\Local\Programs\Eclipse Adoptium\jdk-17.0.20.101-hotspot\bin\management_ext.dll
Event: 2.208 Loaded shared library C:\Users\Dr kocher\AppData\Local\Programs\Eclipse Adoptium\jdk-17.0.20.101-hotspot\bin\extnet.dll
Event: 2.450 Loaded shared library C:\Users\Dr kocher\AppData\Local\Programs\Eclipse Adoptium\jdk-17.0.20.101-hotspot\bin\sunmscapi.dll

Deoptimization events (20 events):
Event: 99.274 Thread 0x000002b25344baf0 DEOPT PACKING pc=0x000002b2022c7e9b sp=0x000000c6b3ef96e0
Event: 99.274 Thread 0x000002b25344baf0 DEOPT UNPACKING pc=0x000002b207587143 sp=0x000000c6b3ef8b88 mode 0
Event: 99.278 Thread 0x000002b2550ef280 DEOPT PACKING pc=0x000002b2022e4f13 sp=0x000000c6b2bf9000
Event: 99.278 Thread 0x000002b2550ef280 DEOPT UNPACKING pc=0x000002b207587143 sp=0x000000c6b2bf8710 mode 0
Event: 99.285 Thread 0x000002b2550ecf10 DEOPT PACKING pc=0x000002b2022c7e9b sp=0x000000c6b31f9890
Event: 99.285 Thread 0x000002b2550ecf10 DEOPT UNPACKING pc=0x000002b207587143 sp=0x000000c6b31f8d38 mode 0
Event: 99.289 Thread 0x000002b2550ef280 DEOPT PACKING pc=0x000002b2022e4f13 sp=0x000000c6b2bf9310
Event: 99.289 Thread 0x000002b2550ef280 DEOPT UNPACKING pc=0x000002b207587143 sp=0x000000c6b2bf8a20 mode 0
Event: 99.292 Thread 0x000002b2550efca0 DEOPT PACKING pc=0x000002b20235d18c sp=0x000000c6b2df9b70
Event: 99.292 Thread 0x000002b2550efca0 DEOPT UNPACKING pc=0x000002b207587143 sp=0x000000c6b2df93a8 mode 0
Event: 99.294 Thread 0x000002b25344baf0 DEOPT PACKING pc=0x000002b202212d76 sp=0x000000c6b3ef9fb0
Event: 99.294 Thread 0x000002b25344baf0 DEOPT UNPACKING pc=0x000002b207587143 sp=0x000000c6b3ef9548 mode 0
Event: 99.295 Thread 0x000002b2550efca0 DEOPT PACKING pc=0x000002b2022c7e9b sp=0x000000c6b2df9430
Event: 99.295 Thread 0x000002b2550efca0 DEOPT UNPACKING pc=0x000002b207587143 sp=0x000000c6b2df88d8 mode 0
Event: 99.295 Thread 0x000002b25344ca20 Uncommon trap: trap_request=0xffffffde fr.pc=0x000002b208a6691c relative=0x0000000000002fbc
Event: 99.295 Thread 0x000002b25344ca20 Uncommon trap: reason=class_check action=maybe_recompile pc=0x000002b208a6691c method=com.android.tools.r8.internal.fp.a(Lcom/android/tools/r8/internal/t81;IIZ)V @ 292 c2
Event: 99.295 Thread 0x000002b25344ca20 DEOPT PACKING pc=0x000002b208a6691c sp=0x000000c6b36f9e40
Event: 99.295 Thread 0x000002b25344ca20 DEOPT UNPACKING pc=0x000002b2075869a3 sp=0x000000c6b36f9e60 mode 2
Event: 99.298 Thread 0x000002b25344baf0 DEOPT PACKING pc=0x000002b2022eec0f sp=0x000000c6b3ef9a30
Event: 99.299 Thread 0x000002b25344baf0 DEOPT UNPACKING pc=0x000002b207587143 sp=0x000000c6b3ef9140 mode 0

Classes loaded (20 events):
Event: 84.615 Loading class java/util/AbstractMap$SimpleEntry
Event: 84.640 Loading class java/util/AbstractMap$SimpleEntry done
Event: 89.396 Loading class java/nio/ShortBuffer
Event: 89.501 Loading class java/nio/ShortBuffer done
Event: 89.790 Loading class java/nio/ByteBufferAsShortBufferL
Event: 89.792 Loading class java/nio/ByteBufferAsShortBufferL done
Event: 89.970 Loading class java/util/zip/Adler32
Event: 90.034 Loading class java/util/zip/Adler32 done
Event: 90.250 Loading class java/nio/file/Files$2
Event: 90.265 Loading class java/nio/file/Files$2 done
Event: 90.357 Loading class java/util/zip/ZipOutputStream
Event: 90.360 Loading class java/util/zip/ZipOutputStream done
Event: 90.429 Loading class java/util/zip/ZipOutputStream$XEntry
Event: 90.434 Loading class java/util/zip/ZipOutputStream$XEntry done
Event: 90.445 Loading class java/util/Vector$Itr
Event: 90.456 Loading class java/util/Vector$Itr done
Event: 96.916 Loading class java/util/WeakHashMap$KeyIterator
Event: 96.960 Loading class java/util/WeakHashMap$HashIterator
Event: 96.973 Loading class java/util/WeakHashMap$HashIterator done
Event: 96.973 Loading class java/util/WeakHashMap$KeyIterator done

Classes unloaded (8 events):
Event: 82.200 Thread 0x000002b27fd1ccb0 Unloading class 0x000002b218265800 'java/lang/invoke/LambdaForm$DMH+0x000002b218265800'
Event: 82.200 Thread 0x000002b27fd1ccb0 Unloading class 0x000002b218265400 'java/lang/invoke/LambdaForm$DMH+0x000002b218265400'
Event: 82.200 Thread 0x000002b27fd1ccb0 Unloading class 0x000002b218265000 'java/lang/invoke/LambdaForm$DMH+0x000002b218265000'
Event: 82.200 Thread 0x000002b27fd1ccb0 Unloading class 0x000002b218264c00 'java/lang/invoke/LambdaForm$DMH+0x000002b218264c00'
Event: 82.200 Thread 0x000002b27fd1ccb0 Unloading class 0x000002b218264800 'java/lang/invoke/LambdaForm$DMH+0x000002b218264800'
Event: 82.200 Thread 0x000002b27fd1ccb0 Unloading class 0x000002b218264400 'java/lang/invoke/LambdaForm$DMH+0x000002b218264400'
Event: 82.200 Thread 0x000002b27fd1ccb0 Unloading class 0x000002b2181ec000 'java/lang/invoke/LambdaForm$DMH+0x000002b2181ec000'
Event: 82.200 Thread 0x000002b27fd1ccb0 Unloading class 0x000002b2181ec800 'java/lang/invoke/LambdaForm$DMH+0x000002b2181ec800'

Classes redefined (0 events):
No events

Internal exceptions (20 events):
Event: 97.615 Thread 0x000002b2550ee860 Exception <a 'sun/nio/fs/WindowsException'{0x00000000b7e2a730}> (0x00000000b7e2a730) 
thrown [s\src\hotspot\share\prims\jni.cpp, line 516]
Event: 97.618 Thread 0x000002b25344de60 Exception <a 'sun/nio/fs/WindowsException'{0x00000000b6a09320}> (0x00000000b6a09320) 
thrown [s\src\hotspot\share\prims\jni.cpp, line 516]
Event: 97.619 Thread 0x000002b2550eca00 Exception <a 'sun/nio/fs/WindowsException'{0x00000000b8562a28}> (0x00000000b8562a28) 
thrown [s\src\hotspot\share\prims\jni.cpp, line 516]
Event: 97.628 Thread 0x000002b255262540 Exception <a 'sun/nio/fs/WindowsException'{0x00000000b761e588}> (0x00000000b761e588) 
thrown [s\src\hotspot\share\prims\jni.cpp, line 516]
Event: 97.631 Thread 0x000002b2516e4100 Exception <a 'sun/nio/fs/WindowsException'{0x00000000b7371670}> (0x00000000b7371670) 
thrown [s\src\hotspot\share\prims\jni.cpp, line 516]
Event: 97.633 Thread 0x000002b2550eca00 Exception <a 'sun/nio/fs/WindowsException'{0x00000000b5f46ce0}> (0x00000000b5f46ce0) 
thrown [s\src\hotspot\share\prims\jni.cpp, line 516]
Event: 97.634 Thread 0x000002b2550ee860 Exception <a 'sun/nio/fs/WindowsException'{0x00000000b7e6ce70}> (0x00000000b7e6ce70) 
thrown [s\src\hotspot\share\prims\jni.cpp, line 516]
Event: 97.643 Thread 0x000002b255262540 Exception <a 'sun/nio/fs/WindowsException'{0x00000000b56a6248}> (0x00000000b56a6248) 
thrown [s\src\hotspot\share\prims\jni.cpp, line 516]
Event: 97.646 Thread 0x000002b2516e4100 Exception <a 'sun/nio/fs/WindowsException'{0x00000000b54e8e58}> (0x00000000b54e8e58) 
thrown [s\src\hotspot\share\prims\jni.cpp, line 516]
Event: 97.667 Thread 0x000002b25344de60 Exception <a 'sun/nio/fs/WindowsException'{0x00000000b6a37570}> (0x00000000b6a37570) 
thrown [s\src\hotspot\share\prims\jni.cpp, line 516]
Event: 97.680 Thread 0x000002b2550ee860 Exception <a 'sun/nio/fs/WindowsException'{0x00000000b365bec8}> (0x00000000b365bec8) 
thrown [s\src\hotspot\share\prims\jni.cpp, line 516]
Event: 97.681 Thread 0x000002b255262540 Exception <a 'sun/nio/fs/WindowsException'{0x00000000b38baf58}> (0x00000000b38baf58) 
thrown [s\src\hotspot\share\prims\jni.cpp, line 516]
Event: 97.692 Thread 0x000002b2550eca00 Exception <a 'sun/nio/fs/WindowsException'{0x00000000b5f74ed0}> (0x00000000b5f74ed0) 
thrown [s\src\hotspot\share\prims\jni.cpp, line 516]
Event: 97.711 Thread 0x000002b2550ee860 Exception <a 'sun/nio/fs/WindowsException'{0x00000000b368a240}> (0x00000000b368a240) 
thrown [s\src\hotspot\share\prims\jni.cpp, line 516]
Event: 97.712 Thread 0x000002b255262540 Exception <a 'sun/nio/fs/WindowsException'{0x00000000b38feae8}> (0x00000000b38feae8) 
thrown [s\src\hotspot\share\prims\jni.cpp, line 516]
Event: 97.718 Thread 0x000002b2516e4100 Exception <a 'sun/nio/fs/WindowsException'{0x00000000b1679208}> (0x00000000b1679208) 
thrown [s\src\hotspot\share\prims\jni.cpp, line 516]
Event: 97.726 Thread 0x000002b255262540 Exception <a 'sun/nio/fs/WindowsException'{0x00000000b0b3eca8}> (0x00000000b0b3eca8) 
thrown [s\src\hotspot\share\prims\jni.cpp, line 516]
Event: 97.730 Thread 0x000002b2550ed420 Exception <a 'sun/nio/fs/WindowsException'{0x00000000b04c23d8}> (0x00000000b04c23d8) 
thrown [s\src\hotspot\share\prims\jni.cpp, line 516]
Event: 97.768 Thread 0x000002b255262540 Exception <a 'sun/nio/fs/WindowsException'{0x00000000b0b6d9b8}> (0x00000000b0b6d9b8) 
thrown [s\src\hotspot\share\prims\jni.cpp, line 516]
Event: 97.795 Thread 0x000002b2550ed420 Exception <a 'sun/nio/fs/WindowsException'{0x00000000ae8b9d88}> (0x00000000ae8b9d88) 
thrown [s\src\hotspot\share\prims\jni.cpp, line 516]

VM Operations (20 events):
Event: 96.415 Executing VM operation: G1CollectForAllocation done
Event: 96.547 Executing VM operation: HandshakeAllThreads
Event: 96.548 Executing VM operation: HandshakeAllThreads done
Event: 96.722 Executing VM operation: ICBufferFull
Event: 96.722 Executing VM operation: ICBufferFull done
Event: 96.930 Executing VM operation: G1CollectForAllocation
Event: 96.960 Executing VM operation: G1CollectForAllocation done
Event: 97.497 Executing VM operation: G1CollectForAllocation
Event: 97.499 Executing VM operation: G1CollectForAllocation done
Event: 97.499 Executing VM operation: G1CollectForAllocation
Event: 97.534 Executing VM operation: G1CollectForAllocation done
Event: 97.928 Executing VM operation: G1CollectForAllocation
Event: 98.484 Executing VM operation: G1CollectForAllocation done
Event: 98.558 Executing VM operation: G1CollectForAllocation
Event: 98.591 Executing VM operation: G1CollectForAllocation done
Event: 98.818 Executing VM operation: G1CollectForAllocation
Event: 98.862 Executing VM operation: G1CollectForAllocation done
Event: 99.056 Executing VM operation: G1CollectForAllocation
Event: 99.080 Executing VM operation: G1CollectForAllocation done
Event: 99.300 Executing VM operation: G1CollectForAllocation

Memory protections (0 events):
No events

Nmethod flushes (20 events):
Event: 96.591 Thread 0x000002b2157c1120 flushing  nmethod 0x000002b202005e10
Event: 96.592 Thread 0x000002b2157c1120 flushing  nmethod 0x000002b2020f0010
Event: 96.595 Thread 0x000002b2157c1120 flushing  nmethod 0x000002b202542590
Event: 96.595 Thread 0x000002b2157c1120 flushing  nmethod 0x000002b20257b590
Event: 96.596 Thread 0x000002b2157c1120 flushing  nmethod 0x000002b20262af10
Event: 96.597 Thread 0x000002b2157c1120 flushing  nmethod 0x000002b202702090
Event: 96.597 Thread 0x000002b2157c1120 flushing  nmethod 0x000002b202705610
Event: 96.597 Thread 0x000002b2157c1120 flushing  nmethod 0x000002b202715290
Event: 96.597 Thread 0x000002b2157c1120 flushing  nmethod 0x000002b20271c990
Event: 96.597 Thread 0x000002b2157c1120 flushing  nmethod 0x000002b202729410
Event: 96.598 Thread 0x000002b2157c1120 flushing  nmethod 0x000002b202801e90
Event: 96.599 Thread 0x000002b2157c1120 flushing  nmethod 0x000002b202976710
Event: 96.599 Thread 0x000002b2157c1120 flushing  nmethod 0x000002b202986a90
Event: 96.599 Thread 0x000002b2157c1120 flushing  nmethod 0x000002b202987490
Event: 96.599 Thread 0x000002b2157c1120 flushing  nmethod 0x000002b202987b90
Event: 96.599 Thread 0x000002b2157c1120 flushing  nmethod 0x000002b2029af310
Event: 96.601 Thread 0x000002b2157c1120 flushing  nmethod 0x000002b202b3eb90
Event: 96.602 Thread 0x000002b2157c1120 flushing  nmethod 0x000002b202bb9310
Event: 96.602 Thread 0x000002b2157c1120 flushing  nmethod 0x000002b202bbac90
Event: 96.602 Thread 0x000002b2157c1120 flushing  nmethod 0x000002b202bbb210

Events (20 events):
Event: 67.921 Thread 0x000002b24f1e3880 Thread added: 0x000002b25154da10
Event: 67.921 Thread 0x000002b24f1e3880 Thread added: 0x000002b25154bbb0
Event: 67.922 Thread 0x000002b24f1e3880 Thread added: 0x000002b25332f240
Event: 67.922 Thread 0x000002b24f1e3880 Thread added: 0x000002b25344d950
Event: 67.923 Thread 0x000002b24f1e3880 Thread added: 0x000002b2516eab50
Event: 67.923 Thread 0x000002b24f1e3880 Thread added: 0x000002b2551576f0
Event: 67.924 Thread 0x000002b24f1e3880 Thread added: 0x000002b256acf400
Event: 67.924 Thread 0x000002b24f1e3880 Thread added: 0x000002b2553e3ea0
Event: 67.978 Thread 0x000002b2157c0c00 Thread added: 0x000002b2538e5890
Event: 68.434 Thread 0x000002b2538e5890 Thread exited: 0x000002b2538e5890
Event: 69.777 Thread 0x000002b2157c0c00 Thread added: 0x000002b2538e6330
Event: 74.062 Thread 0x000002b24f1e3880 Thread added: 0x000002b2553e3480
Event: 74.396 Thread 0x000002b2538e6330 Thread exited: 0x000002b2538e6330
Event: 74.493 Thread 0x000002b25332fc60 Thread added: 0x000002b2553e6210
Event: 74.496 Thread 0x000002b2157c0c00 Thread added: 0x000002b2538e7320
Event: 76.651 Thread 0x000002b2538e7320 Thread exited: 0x000002b2538e7320
Event: 78.744 Thread 0x000002b27fd54480 Thread added: 0x000002b2538e6dd0
Event: 80.266 Thread 0x000002b2538e6dd0 Thread exited: 0x000002b2538e6dd0
Event: 81.450 Thread 0x000002b2157c0c00 Thread added: 0x000002b2538e6dd0
Event: 96.217 Thread 0x000002b27fd54480 Thread added: 0x000002b25d811050


Dynamic libraries:
0x00007ff741bf0000 - 0x00007ff741bfe000 	C:\Users\Dr kocher\AppData\Local\Programs\Eclipse Adoptium\jdk-17.0.20.101-hotspot\bin\java.exe
0x00007ff8d1000000 - 0x00007ff8d1266000 	C:\WINDOWS\SYSTEM32\ntdll.dll
0x00007ff8d0350000 - 0x00007ff8d0419000 	C:\WINDOWS\System32\KERNEL32.DLL
0x00007ff8ce7c0000 - 0x00007ff8cebbf000 	C:\WINDOWS\System32\KERNELBASE.dll
0x00007ff8ce210000 - 0x00007ff8ce35c000 	C:\WINDOWS\System32\ucrtbase.dll
0x00007ff8af9e0000 - 0x00007ff8af9f8000 	C:\Users\Dr kocher\AppData\Local\Programs\Eclipse Adoptium\jdk-17.0.20.101-hotspot\bin\jli.dll
0x00007ff8b01b0000 - 0x00007ff8b01ce000 	C:\Users\Dr kocher\AppData\Local\Programs\Eclipse Adoptium\jdk-17.0.20.101-hotspot\bin\VCRUNTIME140.dll
0x00007ff8d0640000 - 0x00007ff8d0806000 	C:\WINDOWS\System32\USER32.dll
0x00007ff8ced00000 - 0x00007ff8ced27000 	C:\WINDOWS\System32\win32u.dll
0x00007ff8b6020000 - 0x00007ff8b62b1000 	C:\WINDOWS\WinSxS\amd64_microsoft.windows.common-controls_6595b64144ccf1df_6.0.26100.8972_none_3e0da176e32f9d4b\COMCTL32.dll
0x00007ff8d0600000 - 0x00007ff8d062b000 	C:\WINDOWS\System32\GDI32.dll
0x00007ff8cf6b0000 - 0x00007ff8cf759000 	C:\WINDOWS\System32\msvcrt.dll
0x00007ff8cebd0000 - 0x00007ff8cecf9000 	C:\WINDOWS\System32\gdi32full.dll
0x00007ff8ce710000 - 0x00007ff8ce7b3000 	C:\WINDOWS\System32\msvcp_win.dll
0x00007ff8d0f10000 - 0x00007ff8d0f42000 	C:\WINDOWS\System32\IMM32.DLL
0x00007ff8c1790000 - 0x00007ff8c179c000 	C:\Users\Dr kocher\AppData\Local\Programs\Eclipse Adoptium\jdk-17.0.20.101-hotspot\bin\vcruntime140_1.dll
0x00007ff885c00000 - 0x00007ff885c8d000 	C:\Users\Dr kocher\AppData\Local\Programs\Eclipse Adoptium\jdk-17.0.20.101-hotspot\bin\msvcp140.dll
0x00007ff81e670000 - 0x00007ff81f2dc000 	C:\Users\Dr kocher\AppData\Local\Programs\Eclipse Adoptium\jdk-17.0.20.101-hotspot\bin\server\jvm.dll
0x00007ff8d0c60000 - 0x00007ff8d0d1c000 	C:\WINDOWS\System32\ADVAPI32.dll
0x00007ff8cfef0000 - 0x00007ff8cff99000 	C:\WINDOWS\System32\sechost.dll
0x00007ff8d0df0000 - 0x00007ff8d0f08000 	C:\WINDOWS\System32\RPCRT4.dll
0x00007ff8ced30000 - 0x00007ff8cedb2000 	C:\WINDOWS\System32\WS2_32.dll
0x00007ff8ce070000 - 0x00007ff8ce0ce000 	C:\WINDOWS\SYSTEM32\POWRPROF.dll
0x00007ff8c1b30000 - 0x00007ff8c1b66000 	C:\WINDOWS\SYSTEM32\WINMM.dll
0x00007ff8c7c70000 - 0x00007ff8c7c7b000 	C:\WINDOWS\SYSTEM32\VERSION.dll
0x00007ff8ce050000 - 0x00007ff8ce065000 	C:\WINDOWS\SYSTEM32\UMPDC.dll
0x00007ff8ccf00000 - 0x00007ff8ccf1b000 	C:\WINDOWS\SYSTEM32\kernel.appcore.dll
0x00007ff8af7a0000 - 0x00007ff8af7aa000 	C:\Users\Dr kocher\AppData\Local\Programs\Eclipse Adoptium\jdk-17.0.20.101-hotspot\bin\jimage.dll
0x00007ff8b77b0000 - 0x00007ff8b79f2000 	C:\WINDOWS\SYSTEM32\DBGHELP.DLL
0x00007ff8cee60000 - 0x00007ff8cf1e5000 	C:\WINDOWS\System32\combase.dll
0x00007ff8d0110000 - 0x00007ff8d01e9000 	C:\WINDOWS\System32\OLEAUT32.dll
0x00007ff8a2c50000 - 0x00007ff8a2c8b000 	C:\WINDOWS\SYSTEM32\dbgcore.DLL
0x00007ff8ce430000 - 0x00007ff8ce4dc000 	C:\WINDOWS\System32\bcryptPrimitives.dll
0x00007ff8a1a20000 - 0x00007ff8a1a2e000 	C:\Users\Dr kocher\AppData\Local\Programs\Eclipse Adoptium\jdk-17.0.20.101-hotspot\bin\instrument.dll
0x00007ff885d30000 - 0x00007ff885d55000 	C:\Users\Dr kocher\AppData\Local\Programs\Eclipse Adoptium\jdk-17.0.20.101-hotspot\bin\java.dll
0x00007ff8286c0000 - 0x00007ff828797000 	C:\Users\Dr kocher\AppData\Local\Programs\Eclipse Adoptium\jdk-17.0.20.101-hotspot\bin\jsvml.dll
0x00007ff8cf760000 - 0x00007ff8cfee8000 	C:\WINDOWS\System32\SHELL32.dll
0x00007ff8cbd00000 - 0x00007ff8cc59b000 	C:\WINDOWS\SYSTEM32\windows.storage.dll
0x00007ff8d0250000 - 0x00007ff8d0349000 	C:\WINDOWS\System32\SHCORE.dll
0x00007ff8cede0000 - 0x00007ff8cee46000 	C:\WINDOWS\System32\shlwapi.dll
0x00007ff8ce130000 - 0x00007ff8ce159000 	C:\WINDOWS\SYSTEM32\profapi.dll
0x00007ff885cf0000 - 0x00007ff885d08000 	C:\Users\Dr kocher\AppData\Local\Programs\Eclipse Adoptium\jdk-17.0.20.101-hotspot\bin\zip.dll
0x00007ff8a2f00000 - 0x00007ff8a2f1a000 	C:\Users\Dr kocher\AppData\Local\Programs\Eclipse Adoptium\jdk-17.0.20.101-hotspot\bin\net.dll
0x00007ff8c74e0000 - 0x00007ff8c7607000 	C:\WINDOWS\SYSTEM32\WINHTTP.dll
0x00007ff8cd4b0000 - 0x00007ff8cd51c000 	C:\WINDOWS\system32\mswsock.dll
0x00007ff885d10000 - 0x00007ff885d26000 	C:\Users\Dr kocher\AppData\Local\Programs\Eclipse Adoptium\jdk-17.0.20.101-hotspot\bin\nio.dll
0x00007ff8af670000 - 0x00007ff8af680000 	C:\Users\Dr kocher\AppData\Local\Programs\Eclipse Adoptium\jdk-17.0.20.101-hotspot\bin\verify.dll
0x00007ff845e80000 - 0x00007ff845ea7000 	C:\Users\Dr kocher\.gradle\native\660c5614fbf4a5f2a75b1949f50a0caf5cd603558e7d8a26e50b933a0cfb79d1\windows-amd64\native-platform.dll
0x00007ff82eda0000 - 0x00007ff82ee17000 	C:\Users\Dr kocher\.gradle\native\0.2.8\x86_64-windows-gnu\gradle-fileevents.dll
0x00007ff8b0460000 - 0x00007ff8b046a000 	C:\Users\Dr kocher\AppData\Local\Programs\Eclipse Adoptium\jdk-17.0.20.101-hotspot\bin\management.dll
0x00007ff8b0450000 - 0x00007ff8b045c000 	C:\Users\Dr kocher\AppData\Local\Programs\Eclipse Adoptium\jdk-17.0.20.101-hotspot\bin\management_ext.dll
0x00007ff8cee50000 - 0x00007ff8cee58000 	C:\WINDOWS\System32\PSAPI.DLL
0x00007ff8cc8d0000 - 0x00007ff8cc903000 	C:\WINDOWS\SYSTEM32\IPHLPAPI.DLL
0x00007ff8d0630000 - 0x00007ff8d063a000 	C:\WINDOWS\System32\NSI.dll
0x00007ff8c7c20000 - 0x00007ff8c7c3d000 	C:\WINDOWS\SYSTEM32\dhcpcsvc6.DLL
0x00007ff8c7740000 - 0x00007ff8c7765000 	C:\WINDOWS\SYSTEM32\dhcpcsvc.DLL
0x00007ff8cc9c0000 - 0x00007ff8ccb18000 	C:\WINDOWS\SYSTEM32\DNSAPI.dll
0x00007ff8cd2b0000 - 0x00007ff8cd2bd000 	C:\WINDOWS\SYSTEM32\DSPARSE.dll
0x00007ff8a4260000 - 0x00007ff8a4269000 	C:\Users\Dr kocher\AppData\Local\Programs\Eclipse Adoptium\jdk-17.0.20.101-hotspot\bin\extnet.dll
0x00007ff8cd7a0000 - 0x00007ff8cd7bb000 	C:\WINDOWS\SYSTEM32\CRYPTSP.dll
0x00007ff8cce60000 - 0x00007ff8cce99000 	C:\WINDOWS\system32\rsaenh.dll
0x00007ff8cd560000 - 0x00007ff8cd592000 	C:\WINDOWS\SYSTEM32\USERENV.dll
0x00007ff8ce100000 - 0x00007ff8ce12a000 	C:\WINDOWS\SYSTEM32\bcrypt.dll
0x00007ff8cd7c0000 - 0x00007ff8cd7cc000 	C:\WINDOWS\SYSTEM32\CRYPTBASE.dll
0x00007ff89fef0000 - 0x00007ff89fefe000 	C:\Users\Dr kocher\AppData\Local\Programs\Eclipse Adoptium\jdk-17.0.20.101-hotspot\bin\sunmscapi.dll
0x00007ff8ce580000 - 0x00007ff8ce6fe000 	C:\WINDOWS\System32\CRYPT32.dll
0x00007ff8cda50000 - 0x00007ff8cda80000 	C:\WINDOWS\SYSTEM32\ncrypt.dll
0x00007ff8cda00000 - 0x00007ff8cda3f000 	C:\WINDOWS\SYSTEM32\NTASN1.dll
0x00007ff8982a0000 - 0x00007ff8982a8000 	C:\WINDOWS\system32\wshunix.dll
0x00007ff8cd030000 - 0x00007ff8cd066000 	C:\WINDOWS\SYSTEM32\ntmarta.dll

dbghelp: loaded successfully - version: 4.0.5 - missing functions: none
symbol engine: initialized successfully - sym options: 0x614 - pdb path: .;C:\Users\Dr kocher\AppData\Local\Programs\Eclipse Adoptium\jdk-17.0.20.101-hotspot\bin;C:\WINDOWS\SYSTEM32;C:\WINDOWS\WinSxS\amd64_microsoft.windows.common-controls_6595b64144ccf1df_6.0.26100.8972_none_3e0da176e32f9d4b;C:\Users\Dr kocher\AppData\Local\Programs\Eclipse Adoptium\jdk-17.0.20.101-hotspot\bin\server;C:\Users\Dr kocher\.gradle\native\660c5614fbf4a5f2a75b1949f50a0caf5cd603558e7d8a26e50b933a0cfb79d1\windows-amd64;C:\Users\Dr kocher\.gradle\native\0.2.8\x86_64-windows-gnu

VM Arguments:
jvm_args: --add-opens=java.base/java.lang=ALL-UNNAMED --add-opens=java.base/java.lang.invoke=ALL-UNNAMED --add-opens=java.base/java.util=ALL-UNNAMED --add-opens=java.prefs/java.util.prefs=ALL-UNNAMED --add-exports=jdk.compiler/com.sun.tools.javac.api=ALL-UNNAMED --add-exports=jdk.compiler/com.sun.tools.javac.util=ALL-UNNAMED --add-opens=java.base/java.util=ALL-UNNAMED --add-opens=java.prefs/java.util.prefs=ALL-UNNAMED --add-opens=java.base/java.nio.charset=ALL-UNNAMED --add-opens=java.base/java.net=ALL-UNNAMED --add-opens=java.base/java.util.concurrent=ALL-UNNAMED --add-opens=java.base/java.util.concurrent.atomic=ALL-UNNAMED --add-opens=java.xml/javax.xml.namespace=ALL-UNNAMED --add-opens=java.base/java.time=ALL-UNNAMED -XX:MaxMetaspaceSize=1G -Xmx2G -Dfile.encoding=windows-1256 -Duser.country=US -Duser.language=en -Duser.variant -javaagent:C:\Users\Dr kocher\.gradle\wrapper\dists\gradle-9.3.1-all\9ot9r568e8zfvvd4mn8rbu1j0\gradle-9.3.1\lib\agents\gradle-instrumentation-agent-9.3.1.jar 
java_command: org.gradle.launcher.daemon.bootstrap.GradleDaemon 9.3.1
java_class_path (initial): C:\Users\Dr kocher\.gradle\wrapper\dists\gradle-9.3.1-all\9ot9r568e8zfvvd4mn8rbu1j0\gradle-9.3.1\lib\gradle-daemon-main-9.3.1.jar
Launcher Type: SUN_STANDARD

[Global flags]
     intx CICompilerCount                          = 4                                         {product} {ergonomic}
   size_t CompressedClassSpaceSize                 = 872415232                                 {product} {ergonomic}
     uint ConcGCThreads                            = 3                                         {product} {ergonomic}
     uint G1ConcRefinementThreads                  = 10                                        {product} {ergonomic}
   size_t G1HeapRegionSize                         = 1048576                                   {product} {ergonomic}
    uintx GCDrainStackTargetSize                   = 64                                        {product} {ergonomic}
   size_t InitialHeapSize                          = 134217728                                 {product} {ergonomic}
   size_t MarkStackSize                            = 4194304                                   {product} {ergonomic}
   size_t MaxHeapSize                              = 2147483648                                {product} {command line}
   size_t MaxMetaspaceSize                         = 1073741824                                {product} {command line}
   size_t MaxNewSize                               = 1287651328                                {product} {ergonomic}
   size_t MinHeapDeltaBytes                        = 1048576                                   {product} {ergonomic}
   size_t MinHeapSize                              = 8388608                                   {product} {ergonomic}
    uintx NonNMethodCodeHeapSize                   = 5839372                                {pd product} {ergonomic}
    uintx NonProfiledCodeHeapSize                  = 122909434                              {pd product} {ergonomic}
    uintx ProfiledCodeHeapSize                     = 122909434                              {pd product} {ergonomic}
    uintx ReservedCodeCacheSize                    = 251658240                              {pd product} {ergonomic}
     bool SegmentedCodeCache                       = true                                      {product} {ergonomic}
   size_t SoftMaxHeapSize                          = 2147483648                             {manageable} {ergonomic}
     bool UseCompressedClassPointers               = true                           {product lp64_product} {ergonomic}
     bool UseCompressedOops                        = true                           {product lp64_product} {ergonomic}
     bool UseG1GC                                  = true                                      {product} {ergonomic}
     bool UseLargePagesIndividualAllocation        = false                                  {pd product} {ergonomic}

Logging:
Log output configuration:
 #0: stdout all=warning uptime,level,tags
 #1: stderr all=off uptime,level,tags

Environment Variables:
CLASSPATH=C:\Users\Dr kocher\Desktop\zewin_rx_scan\android\\gradle\wrapper\gradle-wrapper.jar
PATH=C:\Users\Dr kocher\AppData\Local\Programs\Eclipse Adoptium\jdk-17.0.20.101-hotspot\bin;C:\Python314\Scripts\;C:\Python314\;C:\WINDOWS\system32;C:\WINDOWS;C:\WINDOWS\System32\Wbem;C:\WINDOWS\System32\WindowsPowerShell\v1.0\;C:\WINDOWS\System32\OpenSSH\;C:\Program Files (x86)\ZeroTier\One\;C:\xampp\php;C:\ProgramData\ComposerSetup\bin;C:\ZKBioTime\Python37;C:\ZKBioTime\Python37\Scripts;C:\ZKBioTime\Python37\Library\bin;C:\ZKBioTime\zkeco_dlls;C:\ZKBioTime\pgsql\bin;C:\ZKBioTime\tools\wkhtmltox\bin;C:\Program Files\Git\cmd;C:\Program Files\nodejs\;C:\ProgramData\chocolatey\bin;C:\Users\Dr kocher\AppData\Local\Programs\Eclipse Adoptium\jdk-17.0.20.101-hotspot\bin;C:\Users\Dr kocher\AppData\Local\Microsoft\WindowsApps;C:\Users\Dr kocher\AppData\Roaming\Composer\vendor\bin;C:\Users\Dr kocher\AppData\Local\Programs\Microsoft VS Code\bin;C:\ProgramData\ComposerSetup\bin;C:\Users\Dr kocher\AppData\Roaming\npm;C:\Users\Dr kocher\AppData\Local\Programs\cursor\resources\app\bin;C:\Android\cmdline-tools\latest\bin;C:\Android\platform-tools;C:\flutter\bin;;C:\flutter\bin\mingit\cmd
USERNAME=Dr kocher
OS=Windows_NT
PROCESSOR_IDENTIFIER=AMD64 Family 25 Model 80 Stepping 0, AuthenticAMD
TMP=C:\Users\DRKOCH~1\AppData\Local\Temp
TEMP=C:\Users\DRKOCH~1\AppData\Local\Temp



Periodic native trim disabled


---------------  S Y S T E M  ---------------

OS:
 Windows 11 , 64 bit Build 26100 (10.0.26100.8972)
OS uptime: 7 days 23:43 hours

CPU: total 12 (initial active 12) (12 cores per cpu, 2 threads per core) family 25 model 80 stepping 0 microcode 0xa50000c, cx8, cmov, fxsr, ht, mmx, 3dnowpref, sse, sse2, sse3, ssse3, sse4a, sse4.1, sse4.2, popcnt, lzcnt, tsc, tscinvbit, avx, avx2, aes, erms, clmul, bmi1, bmi2, adx, sha, fma, vzeroupper, clflush, clflushopt
Processor Information for all 12 processors :
  Max Mhz: 3600, Current Mhz: 3600, Mhz Limit: 3600

Memory: 4k page, system-wide physical 8083M (525M free)
TotalPageFile size 32659M (AvailPageFile size 107M)
current process WorkingSet (physical memory assigned to process): 1126M, peak: 1137M
current process commit charge ("private bytes"): 1593M, peak: 1977M

vm_info: OpenJDK 64-Bit Server VM (17.0.20.1+1) for windows-amd64 JRE (17.0.20.1+1), built on Aug 18 2026 20:44:09 by "admin" with MS VC++ 17.12 (VS2022)

END.
