#
# There is insufficient memory for the Java Runtime Environment to continue.
# Native memory allocation (mmap) failed to map 2034237440 bytes. Error detail: G1 virtual space
# Possible reasons:
#   The system is out of physical RAM or swap space
#   This process is running with CompressedOops enabled, and the Java Heap may be blocking the growth of the native heap
# Possible solutions:
#   Reduce memory load on the system
#   Increase physical memory or swap space
#   Check if swap backing store is full
#   Decrease Java heap size (-Xmx/-Xms)
#   Decrease number of Java threads
#   Decrease Java thread stack sizes (-Xss)
#   Set larger code cache with -XX:ReservedCodeCacheSize=
#   JVM is running with Zero Based Compressed Oops mode in which the Java heap is
#     placed in the first 32GB address space. The Java Heap base address is the
#     maximum limit for the native heap growth. Please use -XX:HeapBaseMinAddress
#     to set the Java Heap base and to place the Java Heap above 32GB virtual address.
# This output file may be truncated or incomplete.
#
#  Out of Memory Error (os_windows.cpp:3630), pid=40332, tid=45232
#
# JRE version: OpenJDK Runtime Environment Temurin-17.0.20.1+1 (17.0.20.1+1) (build 17.0.20.1+1)
# Java VM: OpenJDK 64-Bit Server VM Temurin-17.0.20.1+1 (17.0.20.1+1, mixed mode, sharing, tiered, compressed oops, compressed class ptrs, g1 gc, windows-amd64)
# No core dump will be written. Minidumps are not enabled by default on client versions of Windows
#

---------------  S U M M A R Y ------------

Command Line: --add-opens=java.base/java.lang=ALL-UNNAMED --add-opens=java.base/java.lang.invoke=ALL-UNNAMED --add-opens=java.base/java.util=ALL-UNNAMED --add-opens=java.prefs/java.util.prefs=ALL-UNNAMED --add-exports=jdk.compiler/com.sun.tools.javac.api=ALL-UNNAMED --add-exports=jdk.compiler/com.sun.tools.javac.util=ALL-UNNAMED --add-opens=java.base/java.util=ALL-UNNAMED --add-opens=java.prefs/java.util.prefs=ALL-UNNAMED --add-opens=java.base/java.nio.charset=ALL-UNNAMED --add-opens=java.base/java.net=ALL-UNNAMED --add-opens=java.base/java.util.concurrent=ALL-UNNAMED --add-opens=java.base/java.util.concurrent.atomic=ALL-UNNAMED --add-opens=java.xml/javax.xml.namespace=ALL-UNNAMED --add-opens=java.base/java.time=ALL-UNNAMED -XX:MaxMetaspaceSize=4G -XX:ReservedCodeCacheSize=512m -XX:+HeapDumpOnOutOfMemoryError -Xmx8G -Dfile.encoding=windows-1256 -Duser.country=US -Duser.language=en -Duser.variant -javaagent:C:\Users\Dr kocher\.gradle\wrapper\dists\gradle-9.3.1-all\9ot9r568e8zfvvd4mn8rbu1j0\gradle-9.3.1\lib\agents\gradle-instrumentation-agent-9.3.1.jar org.gradle.launcher.daemon.bootstrap.GradleDaemon 9.3.1

Host: AMD Ryzen 5 5500                               , 12 cores, 7G,  Windows 11 , 64 bit Build 26100 (10.0.26100.8972)
Time: Thu Sep 17 15:02:01 2026 Arabic Standard Time elapsed time: 251.519227 seconds (0d 0h 4m 11s)

---------------  T H R E A D  ---------------

Current thread (0x0000016dccab8ba0):  VMThread "VM Thread" [stack: 0x0000003892300000,0x0000003892400000] [id=45232]

Stack: [0x0000003892300000,0x0000003892400000]
Native frames: (J=compiled Java code, j=interpreted, Vv=VM code, C=native code)
V  [jvm.dll+0x684d39]
V  [jvm.dll+0x83a565]
V  [jvm.dll+0x83bfde]
V  [jvm.dll+0x83c663]
V  [jvm.dll+0x2490cf]
V  [jvm.dll+0x681af9]
V  [jvm.dll+0x6768ba]
V  [jvm.dll+0x309467]
V  [jvm.dll+0x310a56]
V  [jvm.dll+0x360f3e]
V  [jvm.dll+0x36117d]
V  [jvm.dll+0x2e04ec]
V  [jvm.dll+0x2de8c2]
V  [jvm.dll+0x2de05c]
V  [jvm.dll+0x320cab]
V  [jvm.dll+0x840e7d]
V  [jvm.dll+0x841bb3]
V  [jvm.dll+0x8420df]
V  [jvm.dll+0x8424c5]
V  [jvm.dll+0x84258e]
V  [jvm.dll+0x7eb17c]
V  [jvm.dll+0x683c07]
C  [ucrtbase.dll+0x2cd30]
C  [KERNEL32.DLL+0x2ccb7]
C  [ntdll.dll+0xaad6c]

VM_Operation (0x0000003893ef3cb0): G1CollectForAllocation, mode: safepoint, requested by thread 0x0000016e16a32450


---------------  P R O C E S S  ---------------

Threads class SMR info:
_java_thread_list=0x0000016e1753a9a0, length=176, elements={
0x0000016d915bdf10, 0x0000016dcf565930, 0x0000016dcf566e70, 0x0000016dcf57e9f0,
0x0000016dcf5812d0, 0x0000016dcf582710, 0x0000016dcf583b50, 0x0000016dcf5852c0,
0x0000016dcf5977f0, 0x0000016dcf5cecb0, 0x0000016dccaa98a0, 0x0000016dcf7bfa90,
0x0000016e1585d660, 0x0000016e167a96c0, 0x0000016e15b16dd0, 0x0000016e1600fa80,
0x0000016e16731c00, 0x0000016e16a35c00, 0x0000016e16a32450, 0x0000016e16a33380,
0x0000016e16a342b0, 0x0000016e16a32e70, 0x0000016e16a32960, 0x0000016e16a33890,
0x0000016e16a33da0, 0x0000016e16a347c0, 0x0000016e16a34cd0, 0x0000016e16a351e0,
0x0000016e16a356f0, 0x0000016e17bb2ed0, 0x0000016e17bb1070, 0x0000016e17bafc30,
0x0000016e17bb1580, 0x0000016e17bb0650, 0x0000016e17bb1a90, 0x0000016e17bb1fa0,
0x0000016e17bb24b0, 0x0000016e17bb29c0, 0x0000016e17bb0b60, 0x0000016e17baf720,
0x0000016e17bb5240, 0x0000016e17bb38f0, 0x0000016e17bb4d30, 0x0000016e17bb5750,
0x0000016e17bb5c60, 0x0000016e17bb3e00, 0x0000016e17bb6170, 0x0000016e17bb6b90,
0x0000016e17bb33e0, 0x0000016e17bb6680, 0x0000016e17bb70a0, 0x0000016e17bb4310,
0x0000016e17bb4820, 0x0000016e1884f430, 0x0000016e188517a0, 0x0000016e1884ef20,
0x0000016e1884ea10, 0x0000016e1884f940, 0x0000016e1884fe50, 0x0000016e18850360,
0x0000016e18850870, 0x0000016e18850d80, 0x0000016e18851290, 0x0000016e18851cb0,
0x0000016e1884e500, 0x0000016e18853600, 0x0000016e18852be0, 0x0000016e18854020,
0x0000016e18855460, 0x0000016e18854a40, 0x0000016e18855e80, 0x0000016e188530f0,
0x0000016e188526d0, 0x0000016e1933c600, 0x0000016e1933df50, 0x0000016e1933e460,
0x0000016e1933c0f0, 0x0000016e1933cb10, 0x0000016e1933d020, 0x0000016e1933f390,
0x0000016e1933bbe0, 0x0000016e1933e970, 0x0000016e1933f8a0, 0x0000016e1933ee80,
0x0000016e1933fdb0, 0x0000016e193402c0, 0x0000016e1933da40, 0x0000016e19340ce0,
0x0000016e1933d530, 0x0000016e193411f0, 0x0000016e19343050, 0x0000016e193407d0,
0x0000016e19341700, 0x0000016e19341c10, 0x0000016e19342120, 0x0000016e19342630,
0x0000016e19342b40, 0x0000016e19343560, 0x0000016e15e16df0, 0x0000016e15e18740,
0x0000016e15e168e0, 0x0000016e15e163d0, 0x0000016e15e17300, 0x0000016e15e159b0,
0x0000016e15e154a0, 0x0000016e15e15ec0, 0x0000016e15e19670, 0x0000016e15e17810,
0x0000016e15e1aab0, 0x0000016e15e1a090, 0x0000016e15e1b4d0, 0x0000016e15e1afc0,
0x0000016e15e19160, 0x0000016e15e19b80, 0x0000016e15e1a5a0, 0x0000016e15e17d20,
0x0000016e15e1b9e0, 0x0000016e15e18c50, 0x0000016e15e18230, 0x0000016e15e1bef0,
0x0000016e15e1ce20, 0x0000016e15e1c400, 0x0000016e15e1c910, 0x0000016e1911bf10,
0x0000016e1911d860, 0x0000016e1911afe0, 0x0000016e1911dd70, 0x0000016e1911a5c0,
0x0000016e1911c420, 0x0000016e1911e280, 0x0000016e1911ba00, 0x0000016e1911b4f0,
0x0000016e1911c930, 0x0000016e1911ce40, 0x0000016e1911aad0, 0x0000016e1911e790,
0x0000016e1911f6c0, 0x0000016e1911fbd0, 0x0000016e1911eca0, 0x0000016e1911f1b0,
0x0000016e191200e0, 0x0000016e191205f0, 0x0000016e19120b00, 0x0000016e1911d350,
0x0000016e19121f40, 0x0000016e19121010, 0x0000016e19121520, 0x0000016e19121a30,
0x0000016e153a2620, 0x0000016e153a58c0, 0x0000016e1bc15fc0, 0x0000016e19854750,
0x0000016e1985a270, 0x0000016e198565b0, 0x0000016e1985a780, 0x0000016e188521c0,
0x0000016e28a12760, 0x0000016e28a140b0, 0x0000016e28a13180, 0x0000016e28a103f0,
0x0000016e28a12c70, 0x0000016e28a13ba0, 0x0000016e28a13690, 0x0000016e28a10900,
0x0000016e28a145c0, 0x0000016e28a10e10, 0x0000016e28a17350, 0x0000016e28a14fe0,
0x0000016e28a11830, 0x0000016e28a154f0, 0x0000016e28a15a00, 0x0000016e28a15f10,
0x0000016e28a16420, 0x0000016e28a16930, 0x0000016e28a16e40, 0x0000016e19ed3930
}

Java Threads: ( => current thread )
  0x0000016d915bdf10 JavaThread "main" [_thread_blocked, id=39244, stack(0x0000003891d00000,0x0000003891e00000)]
  0x0000016dcf565930 JavaThread "Reference Handler" daemon [_thread_blocked, id=40716, stack(0x0000003892400000,0x0000003892500000)]
  0x0000016dcf566e70 JavaThread "Finalizer" daemon [_thread_blocked, id=20868, stack(0x0000003892500000,0x0000003892600000)]
  0x0000016dcf57e9f0 JavaThread "Signal Dispatcher" daemon [_thread_blocked, id=44652, stack(0x0000003892600000,0x0000003892700000)]
  0x0000016dcf5812d0 JavaThread "Attach Listener" daemon [_thread_blocked, id=50156, stack(0x0000003892700000,0x0000003892800000)]
  0x0000016dcf582710 JavaThread "Service Thread" daemon [_thread_blocked, id=40296, stack(0x0000003892800000,0x0000003892900000)]
  0x0000016dcf583b50 JavaThread "Monitor Deflation Thread" daemon [_thread_blocked, id=49912, stack(0x0000003892900000,0x0000003892a00000)]
  0x0000016dcf5852c0 JavaThread "C2 CompilerThread0" daemon [_thread_blocked, id=42560, stack(0x0000003892a00000,0x0000003892b00000)]
  0x0000016dcf5977f0 JavaThread "C1 CompilerThread0" daemon [_thread_blocked, id=30900, stack(0x0000003892b00000,0x0000003892c00000)]
  0x0000016dcf5cecb0 JavaThread "Sweeper thread" daemon [_thread_blocked, id=47504, stack(0x0000003892c00000,0x0000003892d00000)]
  0x0000016dccaa98a0 JavaThread "Common-Cleaner" daemon [_thread_blocked, id=34164, stack(0x0000003892d00000,0x0000003892e00000)]
  0x0000016dcf7bfa90 JavaThread "Notification Thread" daemon [_thread_blocked, id=7876, stack(0x0000003892e00000,0x0000003892f00000)]
  0x0000016e1585d660 JavaThread "Daemon health stats" [_thread_blocked, id=19664, stack(0x0000003893500000,0x0000003893600000)]
  0x0000016e167a96c0 JavaThread "Incoming local TCP Connector on port 12503" [_thread_in_native, id=2316, stack(0x0000003893900000,0x0000003893a00000)]
  0x0000016e15b16dd0 JavaThread "Daemon periodic checks" [_thread_blocked, id=38480, stack(0x0000003893a00000,0x0000003893b00000)]
  0x0000016e1600fa80 JavaThread "Daemon" [_thread_blocked, id=7532, stack(0x0000003893b00000,0x0000003893c00000)]
  0x0000016e16731c00 JavaThread "Handler for socket connection from /127.0.0.1:12503 to /127.0.0.1:12505" [_thread_in_native, id=3440, stack(0x0000003893c00000,0x0000003893d00000)]
  0x0000016e16a35c00 JavaThread "Cancel handler" [_thread_blocked, id=37036, stack(0x0000003893d00000,0x0000003893e00000)]
  0x0000016e16a32450 JavaThread "Daemon worker" [_thread_blocked, id=36940, stack(0x0000003893e00000,0x0000003893f00000)]
  0x0000016e16a33380 JavaThread "Asynchronous log dispatcher for DefaultDaemonConnection: socket connection from /127.0.0.1:12503 to /127.0.0.1:12505" [_thread_blocked, id=45984, stack(0x0000003893f00000,0x0000003894000000)]
  0x0000016e16a342b0 JavaThread "Stdin handler" [_thread_blocked, id=1836, stack(0x0000003894000000,0x0000003894100000)]
  0x0000016e16a32e70 JavaThread "Daemon client event forwarder" [_thread_blocked, id=42068, stack(0x0000003894100000,0x0000003894200000)]
  0x0000016e16a32960 JavaThread "Cache worker for journal cache (C:\Users\Dr kocher\.gradle\caches\journal-1)" [_thread_blocked, id=19912, stack(0x0000003893200000,0x0000003893300000)]
  0x0000016e16a33890 JavaThread "File lock request listener" [_thread_in_native, id=50016, stack(0x0000003894200000,0x0000003894300000)]
  0x0000016e16a33da0 JavaThread "Cache worker for file hash cache (C:\Users\Dr kocher\.gradle\caches\9.3.1\fileHashes)" [_thread_blocked, id=30544, stack(0x0000003894300000,0x0000003894400000)]
  0x0000016e16a347c0 JavaThread "Cache worker for file hash cache (C:\Users\Dr kocher\Desktop\zewin_rx_scan\android\.gradle\9.3.1\fileHashes)" [_thread_blocked, id=38696, stack(0x0000003894800000,0x0000003894900000)]
  0x0000016e16a34cd0 JavaThread "Cache worker for Build Output Cleanup Cache (C:\Users\Dr kocher\Desktop\zewin_rx_scan\android\.gradle\buildOutputCleanup)" [_thread_blocked, id=3356, stack(0x0000003894900000,0x0000003894a00000)]
  0x0000016e16a351e0 JavaThread "File watcher server" daemon [_thread_in_native, id=47596, stack(0x0000003894a00000,0x0000003894b00000)]
  0x0000016e16a356f0 JavaThread "File watcher consumer" daemon [_thread_blocked, id=18984, stack(0x0000003894b00000,0x0000003894c00000)]
  0x0000016e17bb2ed0 JavaThread "Cache worker for checksums cache (C:\Users\Dr kocher\Desktop\zewin_rx_scan\android\.gradle\9.3.1\checksums)" [_thread_blocked, id=39132, stack(0x0000003894c00000,0x0000003894d00000)]
  0x0000016e17bb1070 JavaThread "Cache worker for file content cache (C:\Users\Dr kocher\.gradle\caches\9.3.1\fileContent)" [_thread_blocked, id=36664, stack(0x0000003894d00000,0x0000003894e00000)]
  0x0000016e17bafc30 JavaThread "Cache worker for cache directory md-supplier (C:\Users\Dr kocher\.gradle\caches\9.3.1\md-supplier)" [_thread_blocked, id=44524, stack(0x0000003894f00000,0x0000003895000000)]
  0x0000016e17bb1580 JavaThread "Cache worker for cache directory md-rule (C:\Users\Dr kocher\.gradle\caches\9.3.1\md-rule)" [_thread_blocked, id=17732, stack(0x0000003895000000,0x0000003895100000)]
  0x0000016e17bb0650 JavaThread "Cache worker for Build Output Cleanup Cache (C:\flutter\packages\flutter_tools\gradle\.gradle\buildOutputCleanup)" [_thread_blocked, id=50632, stack(0x0000003895100000,0x0000003895200000)]
  0x0000016e17bb1a90 JavaThread "Unconstrained build operations" [_thread_blocked, id=33916, stack(0x0000003895200000,0x0000003895300000)]
  0x0000016e17bb1fa0 JavaThread "Unconstrained build operations Thread 2" [_thread_blocked, id=31068, stack(0x0000003895300000,0x0000003895400000)]
  0x0000016e17bb24b0 JavaThread "Unconstrained build operations Thread 3" [_thread_blocked, id=48544, stack(0x0000003895400000,0x0000003895500000)]
  0x0000016e17bb29c0 JavaThread "Unconstrained build operations Thread 4" [_thread_blocked, id=14452, stack(0x0000003895500000,0x0000003895600000)]
  0x0000016e17bb0b60 JavaThread "Unconstrained build operations Thread 5" [_thread_blocked, id=32380, stack(0x0000003895600000,0x0000003895700000)]
  0x0000016e17baf720 JavaThread "Unconstrained build operations Thread 6" [_thread_blocked, id=30532, stack(0x0000003895700000,0x0000003895800000)]
  0x0000016e17bb5240 JavaThread "Unconstrained build operations Thread 7" [_thread_blocked, id=35144, stack(0x0000003895800000,0x0000003895900000)]
  0x0000016e17bb38f0 JavaThread "Unconstrained build operations Thread 8" [_thread_blocked, id=50876, stack(0x0000003895900000,0x0000003895a00000)]
  0x0000016e17bb4d30 JavaThread "Unconstrained build operations Thread 9" [_thread_blocked, id=40708, stack(0x0000003895a00000,0x0000003895b00000)]
  0x0000016e17bb5750 JavaThread "Unconstrained build operations Thread 10" [_thread_blocked, id=35368, stack(0x0000003895b00000,0x0000003895c00000)]
  0x0000016e17bb5c60 JavaThread "Unconstrained build operations Thread 11" [_thread_blocked, id=2360, stack(0x0000003895c00000,0x0000003895d00000)]
  0x0000016e17bb3e00 JavaThread "Unconstrained build operations Thread 12" [_thread_blocked, id=27552, stack(0x0000003895d00000,0x0000003895e00000)]
  0x0000016e17bb6170 JavaThread "Unconstrained build operations Thread 13" [_thread_blocked, id=44100, stack(0x0000003895e00000,0x0000003895f00000)]
  0x0000016e17bb6b90 JavaThread "Unconstrained build operations Thread 14" [_thread_blocked, id=49964, stack(0x0000003895f00000,0x0000003896000000)]
  0x0000016e17bb33e0 JavaThread "Unconstrained build operations Thread 15" [_thread_blocked, id=6612, stack(0x0000003896000000,0x0000003896100000)]
  0x0000016e17bb6680 JavaThread "Unconstrained build operations Thread 16" [_thread_blocked, id=41940, stack(0x0000003896100000,0x0000003896200000)]
  0x0000016e17bb70a0 JavaThread "Unconstrained build operations Thread 17" [_thread_blocked, id=40076, stack(0x0000003896200000,0x0000003896300000)]
  0x0000016e17bb4310 JavaThread "Unconstrained build operations Thread 18" [_thread_blocked, id=44412, stack(0x0000003896300000,0x0000003896400000)]
  0x0000016e17bb4820 JavaThread "Unconstrained build operations Thread 19" [_thread_blocked, id=4880, stack(0x0000003896400000,0x0000003896500000)]
  0x0000016e1884f430 JavaThread "Unconstrained build operations Thread 20" [_thread_blocked, id=31176, stack(0x0000003896500000,0x0000003896600000)]
  0x0000016e188517a0 JavaThread "Unconstrained build operations Thread 21" [_thread_blocked, id=46744, stack(0x0000003896600000,0x0000003896700000)]
  0x0000016e1884ef20 JavaThread "Unconstrained build operations Thread 22" [_thread_blocked, id=29088, stack(0x0000003896700000,0x0000003896800000)]
  0x0000016e1884ea10 JavaThread "Unconstrained build operations Thread 23" [_thread_blocked, id=7208, stack(0x0000003896800000,0x0000003896900000)]
  0x0000016e1884f940 JavaThread "Unconstrained build operations Thread 24" [_thread_blocked, id=51052, stack(0x0000003896900000,0x0000003896a00000)]
  0x0000016e1884fe50 JavaThread "Unconstrained build operations Thread 25" [_thread_blocked, id=43760, stack(0x0000003896a00000,0x0000003896b00000)]
  0x0000016e18850360 JavaThread "Unconstrained build operations Thread 26" [_thread_blocked, id=24792, stack(0x0000003896b00000,0x0000003896c00000)]
  0x0000016e18850870 JavaThread "Unconstrained build operations Thread 27" [_thread_blocked, id=44320, stack(0x0000003896c00000,0x0000003896d00000)]
  0x0000016e18850d80 JavaThread "Unconstrained build operations Thread 28" [_thread_blocked, id=44740, stack(0x0000003896d00000,0x0000003896e00000)]
  0x0000016e18851290 JavaThread "Unconstrained build operations Thread 29" [_thread_blocked, id=36636, stack(0x0000003896e00000,0x0000003896f00000)]
  0x0000016e18851cb0 JavaThread "Unconstrained build operations Thread 30" [_thread_blocked, id=49084, stack(0x0000003896f00000,0x0000003897000000)]
  0x0000016e1884e500 JavaThread "Unconstrained build operations Thread 31" [_thread_blocked, id=30292, stack(0x0000003897000000,0x0000003897100000)]
  0x0000016e18853600 JavaThread "Unconstrained build operations Thread 32" [_thread_blocked, id=50388, stack(0x0000003897100000,0x0000003897200000)]
  0x0000016e18852be0 JavaThread "Unconstrained build operations Thread 33" [_thread_blocked, id=48760, stack(0x0000003897200000,0x0000003897300000)]
  0x0000016e18854020 JavaThread "Memory manager" [_thread_blocked, id=36640, stack(0x0000003897300000,0x0000003897400000)]
  0x0000016e18855460 JavaThread "build event listener" [_thread_blocked, id=41880, stack(0x0000003897500000,0x0000003897600000)]
  0x0000016e18854a40 JavaThread "Execution worker" [_thread_blocked, id=34056, stack(0x0000003897700000,0x0000003897800000)]
  0x0000016e18855e80 JavaThread "Execution worker Thread 2" [_thread_blocked, id=49872, stack(0x0000003897800000,0x0000003897900000)]
  0x0000016e188530f0 JavaThread "Execution worker Thread 3" [_thread_blocked, id=44580, stack(0x0000003897900000,0x0000003897a00000)]
  0x0000016e188526d0 JavaThread "Execution worker Thread 4" [_thread_blocked, id=45108, stack(0x0000003897a00000,0x0000003897b00000)]
  0x0000016e1933c600 JavaThread "Execution worker Thread 5" [_thread_blocked, id=40684, stack(0x0000003897b00000,0x0000003897c00000)]
  0x0000016e1933df50 JavaThread "Execution worker Thread 6" [_thread_blocked, id=15104, stack(0x0000003897c00000,0x0000003897d00000)]
  0x0000016e1933e460 JavaThread "Execution worker Thread 7" [_thread_blocked, id=33444, stack(0x0000003897d00000,0x0000003897e00000)]
  0x0000016e1933c0f0 JavaThread "Execution worker Thread 8" [_thread_blocked, id=48768, stack(0x0000003897e00000,0x0000003897f00000)]
  0x0000016e1933cb10 JavaThread "Execution worker Thread 9" [_thread_blocked, id=45432, stack(0x0000003897f00000,0x0000003898000000)]
  0x0000016e1933d020 JavaThread "Execution worker Thread 10" [_thread_blocked, id=41796, stack(0x0000003898000000,0x0000003898100000)]
  0x0000016e1933f390 JavaThread "Execution worker Thread 11" [_thread_blocked, id=22388, stack(0x0000003898100000,0x0000003898200000)]
  0x0000016e1933bbe0 JavaThread "Cache worker for execution history cache (C:\flutter\packages\flutter_tools\gradle\.gradle\9.3.1\executionHistory)" [_thread_blocked, id=28064, stack(0x0000003898200000,0x0000003898300000)]
  0x0000016e1933e970 JavaThread "Unconstrained build operations Thread 34" [_thread_blocked, id=2116, stack(0x0000003897400000,0x0000003897500000)]
  0x0000016e1933f8a0 JavaThread "Unconstrained build operations Thread 35" [_thread_blocked, id=6812, stack(0x0000003898300000,0x0000003898400000)]
  0x0000016e1933ee80 JavaThread "Unconstrained build operations Thread 36" [_thread_blocked, id=17212, stack(0x0000003898400000,0x0000003898500000)]
  0x0000016e1933fdb0 JavaThread "Unconstrained build operations Thread 37" [_thread_blocked, id=32224, stack(0x0000003898500000,0x0000003898600000)]
  0x0000016e193402c0 JavaThread "Unconstrained build operations Thread 38" [_thread_blocked, id=48536, stack(0x0000003898600000,0x0000003898700000)]
  0x0000016e1933da40 JavaThread "Unconstrained build operations Thread 39" [_thread_blocked, id=43852, stack(0x0000003898700000,0x0000003898800000)]
  0x0000016e19340ce0 JavaThread "Unconstrained build operations Thread 40" [_thread_blocked, id=29728, stack(0x0000003898800000,0x0000003898900000)]
  0x0000016e1933d530 JavaThread "Unconstrained build operations Thread 41" [_thread_blocked, id=20048, stack(0x0000003898900000,0x0000003898a00000)]
  0x0000016e193411f0 JavaThread "Unconstrained build operations Thread 42" [_thread_blocked, id=46720, stack(0x0000003898a00000,0x0000003898b00000)]
  0x0000016e19343050 JavaThread "Unconstrained build operations Thread 43" [_thread_blocked, id=15960, stack(0x0000003898b00000,0x0000003898c00000)]
  0x0000016e193407d0 JavaThread "Unconstrained build operations Thread 44" [_thread_blocked, id=16880, stack(0x0000003898c00000,0x0000003898d00000)]
  0x0000016e19341700 JavaThread "Unconstrained build operations Thread 45" [_thread_blocked, id=43756, stack(0x0000003898d00000,0x0000003898e00000)]
  0x0000016e19341c10 JavaThread "Unconstrained build operations Thread 46" [_thread_blocked, id=45700, stack(0x0000003898e00000,0x0000003898f00000)]
  0x0000016e19342120 JavaThread "Unconstrained build operations Thread 47" [_thread_blocked, id=44140, stack(0x0000003898f00000,0x0000003899000000)]
  0x0000016e19342630 JavaThread "Unconstrained build operations Thread 48" [_thread_blocked, id=36732, stack(0x0000003899000000,0x0000003899100000)]
  0x0000016e19342b40 JavaThread "Unconstrained build operations Thread 49" [_thread_blocked, id=33088, stack(0x0000003899100000,0x0000003899200000)]
  0x0000016e19343560 JavaThread "Unconstrained build operations Thread 50" [_thread_blocked, id=44528, stack(0x0000003899200000,0x0000003899300000)]
  0x0000016e15e16df0 JavaThread "Unconstrained build operations Thread 51" [_thread_blocked, id=38960, stack(0x0000003899300000,0x0000003899400000)]
  0x0000016e15e18740 JavaThread "Unconstrained build operations Thread 52" [_thread_blocked, id=17108, stack(0x0000003899400000,0x0000003899500000)]
  0x0000016e15e168e0 JavaThread "Unconstrained build operations Thread 53" [_thread_blocked, id=37564, stack(0x0000003899500000,0x0000003899600000)]
  0x0000016e15e163d0 JavaThread "Unconstrained build operations Thread 54" [_thread_blocked, id=18000, stack(0x0000003899600000,0x0000003899700000)]
  0x0000016e15e17300 JavaThread "Unconstrained build operations Thread 55" [_thread_blocked, id=7528, stack(0x0000003899700000,0x0000003899800000)]
  0x0000016e15e159b0 JavaThread "Unconstrained build operations Thread 56" [_thread_blocked, id=41052, stack(0x0000003899900000,0x0000003899a00000)]
  0x0000016e15e154a0 JavaThread "Unconstrained build operations Thread 57" [_thread_blocked, id=2784, stack(0x0000003899a00000,0x0000003899b00000)]
  0x0000016e15e15ec0 JavaThread "Unconstrained build operations Thread 58" [_thread_blocked, id=26496, stack(0x0000003899b00000,0x0000003899c00000)]
  0x0000016e15e19670 JavaThread "Unconstrained build operations Thread 59" [_thread_blocked, id=46592, stack(0x0000003899c00000,0x0000003899d00000)]
  0x0000016e15e17810 JavaThread "Unconstrained build operations Thread 60" [_thread_blocked, id=43628, stack(0x0000003899d00000,0x0000003899e00000)]
  0x0000016e15e1aab0 JavaThread "Unconstrained build operations Thread 61" [_thread_blocked, id=40184, stack(0x0000003899e00000,0x0000003899f00000)]
  0x0000016e15e1a090 JavaThread "Unconstrained build operations Thread 62" [_thread_blocked, id=33500, stack(0x0000003899f00000,0x000000389a000000)]
  0x0000016e15e1b4d0 JavaThread "Unconstrained build operations Thread 63" [_thread_blocked, id=50896, stack(0x000000389a000000,0x000000389a100000)]
  0x0000016e15e1afc0 JavaThread "Unconstrained build operations Thread 64" [_thread_blocked, id=50268, stack(0x000000389a100000,0x000000389a200000)]
  0x0000016e15e19160 JavaThread "Unconstrained build operations Thread 65" [_thread_blocked, id=44644, stack(0x000000389a200000,0x000000389a300000)]
  0x0000016e15e19b80 JavaThread "Unconstrained build operations Thread 66" [_thread_blocked, id=42904, stack(0x000000389a300000,0x000000389a400000)]
  0x0000016e15e1a5a0 JavaThread "Unconstrained build operations Thread 67" [_thread_blocked, id=39812, stack(0x000000389a400000,0x000000389a500000)]
  0x0000016e15e17d20 JavaThread "Unconstrained build operations Thread 68" [_thread_blocked, id=14580, stack(0x000000389a500000,0x000000389a600000)]
  0x0000016e15e1b9e0 JavaThread "Unconstrained build operations Thread 69" [_thread_blocked, id=43716, stack(0x0000003899800000,0x0000003899900000)]
  0x0000016e15e18c50 JavaThread "Unconstrained build operations Thread 70" [_thread_blocked, id=29064, stack(0x000000389a600000,0x000000389a700000)]
  0x0000016e15e18230 JavaThread "Unconstrained build operations Thread 71" [_thread_blocked, id=37776, stack(0x000000389a700000,0x000000389a800000)]
  0x0000016e15e1bef0 JavaThread "Unconstrained build operations Thread 72" [_thread_blocked, id=21352, stack(0x000000389a800000,0x000000389a900000)]
  0x0000016e15e1ce20 JavaThread "Unconstrained build operations Thread 73" [_thread_blocked, id=48408, stack(0x000000389a900000,0x000000389aa00000)]
  0x0000016e15e1c400 JavaThread "Unconstrained build operations Thread 74" [_thread_blocked, id=47268, stack(0x000000389aa00000,0x000000389ab00000)]
  0x0000016e15e1c910 JavaThread "Unconstrained build operations Thread 75" [_thread_blocked, id=43288, stack(0x000000389ab00000,0x000000389ac00000)]
  0x0000016e1911bf10 JavaThread "Unconstrained build operations Thread 76" [_thread_blocked, id=34920, stack(0x000000389ac00000,0x000000389ad00000)]
  0x0000016e1911d860 JavaThread "Unconstrained build operations Thread 77" [_thread_blocked, id=32184, stack(0x000000389ad00000,0x000000389ae00000)]
  0x0000016e1911afe0 JavaThread "Unconstrained build operations Thread 78" [_thread_blocked, id=31024, stack(0x000000389ae00000,0x000000389af00000)]
  0x0000016e1911dd70 JavaThread "Unconstrained build operations Thread 79" [_thread_blocked, id=26592, stack(0x000000389af00000,0x000000389b000000)]
  0x0000016e1911a5c0 JavaThread "Unconstrained build operations Thread 80" [_thread_blocked, id=43888, stack(0x000000389b000000,0x000000389b100000)]
  0x0000016e1911c420 JavaThread "Unconstrained build operations Thread 81" [_thread_blocked, id=31228, stack(0x000000389b100000,0x000000389b200000)]
  0x0000016e1911e280 JavaThread "Unconstrained build operations Thread 82" [_thread_blocked, id=25636, stack(0x000000389b200000,0x000000389b300000)]
  0x0000016e1911ba00 JavaThread "Unconstrained build operations Thread 83" [_thread_blocked, id=17048, stack(0x000000389b300000,0x000000389b400000)]
  0x0000016e1911b4f0 JavaThread "Unconstrained build operations Thread 84" [_thread_blocked, id=26888, stack(0x000000389b400000,0x000000389b500000)]
  0x0000016e1911c930 JavaThread "Unconstrained build operations Thread 85" [_thread_blocked, id=31916, stack(0x000000389b500000,0x000000389b600000)]
  0x0000016e1911ce40 JavaThread "Unconstrained build operations Thread 86" [_thread_blocked, id=2472, stack(0x000000389b600000,0x000000389b700000)]
  0x0000016e1911aad0 JavaThread "Unconstrained build operations Thread 87" [_thread_blocked, id=4888, stack(0x000000389b700000,0x000000389b800000)]
  0x0000016e1911e790 JavaThread "Unconstrained build operations Thread 88" [_thread_blocked, id=6604, stack(0x000000389b800000,0x000000389b900000)]
  0x0000016e1911f6c0 JavaThread "Unconstrained build operations Thread 89" [_thread_blocked, id=31780, stack(0x000000389b900000,0x000000389ba00000)]
  0x0000016e1911fbd0 JavaThread "Unconstrained build operations Thread 90" [_thread_blocked, id=14112, stack(0x000000389ba00000,0x000000389bb00000)]
  0x0000016e1911eca0 JavaThread "Unconstrained build operations Thread 91" [_thread_blocked, id=33404, stack(0x000000389bc00000,0x000000389bd00000)]
  0x0000016e1911f1b0 JavaThread "Unconstrained build operations Thread 92" [_thread_blocked, id=35448, stack(0x000000389bd00000,0x000000389be00000)]
  0x0000016e191200e0 JavaThread "Unconstrained build operations Thread 93" [_thread_blocked, id=17276, stack(0x000000389be00000,0x000000389bf00000)]
  0x0000016e191205f0 JavaThread "Unconstrained build operations Thread 94" [_thread_blocked, id=5088, stack(0x000000389bf00000,0x000000389c000000)]
  0x0000016e19120b00 JavaThread "Unconstrained build operations Thread 95" [_thread_blocked, id=46452, stack(0x000000389c000000,0x000000389c100000)]
  0x0000016e1911d350 JavaThread "Unconstrained build operations Thread 96" [_thread_blocked, id=50096, stack(0x000000389c100000,0x000000389c200000)]
  0x0000016e19121f40 JavaThread "Unconstrained build operations Thread 97" [_thread_blocked, id=50028, stack(0x000000389c200000,0x000000389c300000)]
  0x0000016e19121010 JavaThread "Unconstrained build operations Thread 98" [_thread_blocked, id=31900, stack(0x000000389c300000,0x000000389c400000)]
  0x0000016e19121520 JavaThread "Unconstrained build operations Thread 99" [_thread_blocked, id=42044, stack(0x000000389c400000,0x000000389c500000)]
  0x0000016e19121a30 JavaThread "Unconstrained build operations Thread 100" [_thread_blocked, id=48192, stack(0x000000389c500000,0x000000389c600000)]
  0x0000016e153a2620 JavaThread "Unconstrained build operations Thread 101" [_thread_blocked, id=51048, stack(0x000000389c600000,0x000000389c700000)]
  0x0000016e153a58c0 JavaThread "Kotlin DSL Writer" [_thread_blocked, id=38140, stack(0x000000389d000000,0x000000389d100000)]
  0x0000016e1bc15fc0 JavaThread "build event listener" [_thread_blocked, id=50688, stack(0x000000389d100000,0x000000389d200000)]
  0x0000016e19854750 JavaThread "build event listener" [_thread_blocked, id=4604, stack(0x000000389d200000,0x000000389d300000)]
  0x0000016e1985a270 JavaThread "Exec process" [_thread_blocked, id=22644, stack(0x0000003891a00000,0x0000003891b00000)]
  0x0000016e198565b0 JavaThread "Exec process Thread 2" [_thread_blocked, id=31640, stack(0x0000003891b00000,0x0000003891c00000)]
  0x0000016e1985a780 JavaThread "Exec process Thread 3" [_thread_blocked, id=31200, stack(0x0000003891c00000,0x0000003891d00000)]
  0x0000016e188521c0 JavaThread "Problems report writer" [_thread_blocked, id=36044, stack(0x000000389ce00000,0x000000389cf00000)]
  0x0000016e28a12760 JavaThread "Unconstrained build operations Thread 102" [_thread_blocked, id=18348, stack(0x000000389cf00000,0x000000389d000000)]
  0x0000016e28a140b0 JavaThread "Unconstrained build operations Thread 103" [_thread_blocked, id=27512, stack(0x000000389d300000,0x000000389d400000)]
  0x0000016e28a13180 JavaThread "Unconstrained build operations Thread 104" [_thread_blocked, id=40780, stack(0x000000389d400000,0x000000389d500000)]
  0x0000016e28a103f0 JavaThread "Unconstrained build operations Thread 105" [_thread_blocked, id=2428, stack(0x000000389d500000,0x000000389d600000)]
  0x0000016e28a12c70 JavaThread "Unconstrained build operations Thread 106" [_thread_blocked, id=22296, stack(0x000000389d600000,0x000000389d700000)]
  0x0000016e28a13ba0 JavaThread "Unconstrained build operations Thread 107" [_thread_blocked, id=17624, stack(0x000000389d700000,0x000000389d800000)]
  0x0000016e28a13690 JavaThread "Unconstrained build operations Thread 108" [_thread_blocked, id=24000, stack(0x000000389d800000,0x000000389d900000)]
  0x0000016e28a10900 JavaThread "Unconstrained build operations Thread 109" [_thread_blocked, id=8140, stack(0x000000389d900000,0x000000389da00000)]
  0x0000016e28a145c0 JavaThread "Unconstrained build operations Thread 110" [_thread_blocked, id=35596, stack(0x000000389da00000,0x000000389db00000)]
  0x0000016e28a10e10 JavaThread "Unconstrained build operations Thread 111" [_thread_blocked, id=50672, stack(0x000000389db00000,0x000000389dc00000)]
  0x0000016e28a17350 JavaThread "Unconstrained build operations Thread 112" [_thread_blocked, id=43780, stack(0x000000389dc00000,0x000000389dd00000)]
  0x0000016e28a14fe0 JavaThread "Unconstrained build operations Thread 113" [_thread_blocked, id=36520, stack(0x000000389dd00000,0x000000389de00000)]
  0x0000016e28a11830 JavaThread "Unconstrained build operations Thread 114" [_thread_blocked, id=32180, stack(0x000000389de00000,0x000000389df00000)]
  0x0000016e28a154f0 JavaThread "Unconstrained build operations Thread 115" [_thread_blocked, id=4828, stack(0x000000389df00000,0x000000389e000000)]
  0x0000016e28a15a00 JavaThread "Unconstrained build operations Thread 116" [_thread_blocked, id=37376, stack(0x000000389e000000,0x000000389e100000)]
  0x0000016e28a15f10 JavaThread "Unconstrained build operations Thread 117" [_thread_blocked, id=2080, stack(0x000000389e100000,0x000000389e200000)]
  0x0000016e28a16420 JavaThread "Unconstrained build operations Thread 118" [_thread_blocked, id=40952, stack(0x000000389e200000,0x000000389e300000)]
  0x0000016e28a16930 JavaThread "Unconstrained build operations Thread 119" [_thread_blocked, id=45712, stack(0x000000389e300000,0x000000389e400000)]
  0x0000016e28a16e40 JavaThread "Unconstrained build operations Thread 120" [_thread_blocked, id=5912, stack(0x000000389e400000,0x000000389e500000)]
  0x0000016e19ed3930 JavaThread "C2 CompilerThread1" daemon [_thread_blocked, id=40948, stack(0x000000389e700000,0x000000389e800000)]

Other Threads:
=>0x0000016dccab8ba0 VMThread "VM Thread" [stack: 0x0000003892300000,0x0000003892400000] [id=45232]
  0x0000016d915beca0 WatcherThread [stack: 0x0000003892f00000,0x0000003893000000] [id=31832]
  0x0000016dcc8c0080 GCTaskThread "GC Thread#0" [stack: 0x0000003891e00000,0x0000003891f00000] [id=18644]
  0x0000016dcf8228b0 GCTaskThread "GC Thread#1" [stack: 0x0000003893000000,0x0000003893100000] [id=41692]
  0x0000016dcf89b100 GCTaskThread "GC Thread#2" [stack: 0x0000003893100000,0x0000003893200000] [id=44008]
  0x0000016e15a83dc0 GCTaskThread "GC Thread#3" [stack: 0x0000003893300000,0x0000003893400000] [id=48588]
  0x0000016e153feef0 GCTaskThread "GC Thread#4" [stack: 0x0000003893400000,0x0000003893500000] [id=48476]
  0x0000016e1671b240 GCTaskThread "GC Thread#5" [stack: 0x0000003893600000,0x0000003893700000] [id=45724]
  0x0000016e16734ed0 GCTaskThread "GC Thread#6" [stack: 0x0000003893700000,0x0000003893800000] [id=34124]
  0x0000016e15b9a450 GCTaskThread "GC Thread#7" [stack: 0x0000003893800000,0x0000003893900000] [id=42596]
  0x0000016e16f3e1f0 GCTaskThread "GC Thread#8" [stack: 0x0000003894400000,0x0000003894500000] [id=38456]
  0x0000016e1662bf40 GCTaskThread "GC Thread#9" [stack: 0x0000003894500000,0x0000003894600000] [id=42064]
  0x0000016dcc8d1bb0 ConcurrentGCThread "G1 Main Marker" [stack: 0x0000003891f00000,0x0000003892000000] [id=28228]
  0x0000016dcc8d2c80 ConcurrentGCThread "G1 Conc#0" [stack: 0x0000003892000000,0x0000003892100000] [id=26564]
  0x0000016e181e5e80 ConcurrentGCThread "G1 Conc#1" [stack: 0x0000003894600000,0x0000003894700000] [id=47832]
  0x0000016e17eb9f90 ConcurrentGCThread "G1 Conc#2" [stack: 0x0000003894700000,0x0000003894800000] [id=20556]
  0x0000016dcc96ccf0 ConcurrentGCThread "G1 Refine#0" [stack: 0x0000003892100000,0x0000003892200000] [id=33100]
  0x0000016e16d484b0 ConcurrentGCThread "G1 Refine#1" [stack: 0x0000003894e00000,0x0000003894f00000] [id=35832]
  0x0000016e1a3b1220 ConcurrentGCThread "G1 Refine#2" [stack: 0x000000389bb00000,0x000000389bc00000] [id=48124]
  0x0000016e1a3b3560 ConcurrentGCThread "G1 Refine#3" [stack: 0x000000389c700000,0x000000389c800000] [id=43584]
  0x0000016e1a3b29a0 ConcurrentGCThread "G1 Refine#4" [stack: 0x000000389c800000,0x000000389c900000] [id=19796]
  0x0000016e1a3b1800 ConcurrentGCThread "G1 Refine#5" [stack: 0x000000389c900000,0x000000389ca00000] [id=28588]
  0x0000016e1a3b0950 ConcurrentGCThread "G1 Refine#6" [stack: 0x000000389ca00000,0x000000389cb00000] [id=48564]
  0x0000016e1a3b3270 ConcurrentGCThread "G1 Refine#7" [stack: 0x000000389cb00000,0x000000389cc00000] [id=15912]
  0x0000016e1a3b3850 ConcurrentGCThread "G1 Refine#8" [stack: 0x000000389cc00000,0x000000389cd00000] [id=48336]
  0x0000016e1a3b0660 ConcurrentGCThread "G1 Refine#9" [stack: 0x000000389cd00000,0x000000389ce00000] [id=21236]
  0x0000016dcc96d630 ConcurrentGCThread "G1 Service" [stack: 0x0000003892200000,0x0000003892300000] [id=41904]

Threads with active compile tasks:
C2 CompilerThread0  251561 27763 %     4       org.objectweb.asm.ClassReader::readCode @ 2187 (5117 bytes)
C2 CompilerThread1  251561 27532       4       org.objectweb.asm.ClassReader::readMethod (1070 bytes)

VM state: at safepoint (normal execution)

VM Mutex/Monitor currently owned by a thread:  ([mutex/lock_event])
[0x0000016d8f410f20] Threads_lock - owner thread: 0x0000016dccab8ba0
[0x0000016d915bbaa0] Heap_lock - owner thread: 0x0000016e16a32450

Heap address: 0x0000000600000000, size: 8192 MB, Compressed Oops mode: Zero based, Oop shift amount: 3

CDS archive(s) mapped at: [0x0000016dd0000000-0x0000016dd0bb0000-0x0000016dd0bb0000), size 12255232, SharedBaseAddress: 0x0000016dd0000000, ArchiveRelocationMode: 1.
Compressed class space mapped at: 0x0000016dd1000000-0x0000016e11000000, reserved size: 1073741824
Narrow klass base: 0x0000016dd0000000, Narrow klass shift: 0, Narrow klass range: 0x100000000

GC Precious Log:
 CPUs: 12 total, 12 available
 Memory: 8083M
 Large Page Support: Disabled
 NUMA Support: Disabled
 Compressed Oops: Enabled (Zero based)
 Heap Region Size: 4M
 Heap Min Capacity: 8M
 Heap Initial Capacity: 128M
 Heap Max Capacity: 8G
 Pre-touch: Disabled
 Parallel Workers: 10
 Concurrent Workers: 3
 Concurrent Refinement Workers: 10
 Periodic GC: Disabled

Heap:
 garbage-first heap   total 1007616K, used 407437K [0x0000000600000000, 0x0000000800000000)
  region size 4096K, 8 young (32768K), 8 survivors (32768K)
 Metaspace       used 179988K, committed 181120K, reserved 1245184K
  class space    used 23040K, committed 23552K, reserved 1048576K

Heap Regions: E=young(eden), S=young(survivor), O=old, HS=humongous(starts), HC=humongous(continues), CS=collection set, F=free, OA=open archive, CA=closed archive, TAMS=top-at-mark-start (previous, next)
|   0|0x0000000600000000, 0x0000000600400000, 0x0000000600400000|100%|HS|  |TAMS 0x0000000600400000, 0x0000000600000000| Complete 
|   1|0x0000000600400000, 0x0000000600800000, 0x0000000600800000|100%| O|  |TAMS 0x0000000600800000, 0x0000000600400000| Untracked 
|   2|0x0000000600800000, 0x0000000600c00000, 0x0000000600c00000|100%| O|  |TAMS 0x0000000600c00000, 0x0000000600800000| Untracked 
|   3|0x0000000600c00000, 0x0000000601000000, 0x0000000601000000|100%| O|  |TAMS 0x0000000601000000, 0x0000000600c00000| Untracked 
|   4|0x0000000601000000, 0x0000000601400000, 0x0000000601400000|100%| O|  |TAMS 0x0000000601400000, 0x0000000601000000| Untracked 
|   5|0x0000000601400000, 0x0000000601800000, 0x0000000601800000|100%| O|  |TAMS 0x0000000601800000, 0x0000000601400000| Untracked 
|   6|0x0000000601800000, 0x0000000601c00000, 0x0000000601c00000|100%| O|  |TAMS 0x0000000601c00000, 0x0000000601800000| Untracked 
|   7|0x0000000601c00000, 0x0000000602000000, 0x0000000602000000|100%| O|  |TAMS 0x0000000602000000, 0x0000000601c00000| Untracked 
|   8|0x0000000602000000, 0x0000000602400000, 0x0000000602400000|100%| O|  |TAMS 0x0000000602400000, 0x0000000602000000| Untracked 
|   9|0x0000000602400000, 0x0000000602800000, 0x0000000602800000|100%| O|  |TAMS 0x0000000602800000, 0x0000000602400000| Untracked 
|  10|0x0000000602800000, 0x0000000602c00000, 0x0000000602c00000|100%| O|  |TAMS 0x0000000602c00000, 0x0000000602800000| Untracked 
|  11|0x0000000602c00000, 0x0000000603000000, 0x0000000603000000|100%| O|  |TAMS 0x0000000603000000, 0x0000000602c00000| Untracked 
|  12|0x0000000603000000, 0x0000000603400000, 0x0000000603400000|100%| O|  |TAMS 0x0000000603400000, 0x0000000603000000| Untracked 
|  13|0x0000000603400000, 0x0000000603800000, 0x0000000603800000|100%| O|  |TAMS 0x0000000603800000, 0x0000000603400000| Untracked 
|  14|0x0000000603800000, 0x0000000603c00000, 0x0000000603c00000|100%| O|  |TAMS 0x0000000603c00000, 0x0000000603800000| Untracked 
|  15|0x0000000603c00000, 0x0000000604000000, 0x0000000604000000|100%| O|  |TAMS 0x0000000604000000, 0x0000000603c00000| Untracked 
|  16|0x0000000604000000, 0x0000000604400000, 0x0000000604400000|100%| O|  |TAMS 0x0000000604400000, 0x0000000604000000| Untracked 
|  17|0x0000000604400000, 0x0000000604800000, 0x0000000604800000|100%| O|  |TAMS 0x0000000604400000, 0x0000000604400000| Untracked 
|  18|0x0000000604800000, 0x0000000604c00000, 0x0000000604c00000|100%| O|  |TAMS 0x0000000604800000, 0x0000000604800000| Untracked 
|  19|0x0000000604c00000, 0x0000000605000000, 0x0000000605000000|100%| O|  |TAMS 0x0000000605000000, 0x0000000604c00000| Untracked 
|  20|0x0000000605000000, 0x0000000605400000, 0x0000000605400000|100%| O|  |TAMS 0x0000000605400000, 0x0000000605000000| Untracked 
|  21|0x0000000605400000, 0x0000000605800000, 0x0000000605800000|100%| O|  |TAMS 0x0000000605400000, 0x0000000605400000| Untracked 
|  22|0x0000000605800000, 0x0000000605c00000, 0x0000000605c00000|100%| O|  |TAMS 0x0000000605800000, 0x0000000605800000| Untracked 
|  23|0x0000000605c00000, 0x0000000606000000, 0x0000000606000000|100%| O|  |TAMS 0x0000000605c00000, 0x0000000605c00000| Untracked 
|  24|0x0000000606000000, 0x0000000606400000, 0x0000000606400000|100%| O|  |TAMS 0x0000000606000000, 0x0000000606000000| Untracked 
|  25|0x0000000606400000, 0x0000000606800000, 0x0000000606800000|100%| O|  |TAMS 0x0000000606400000, 0x0000000606400000| Untracked 
|  26|0x0000000606800000, 0x0000000606c00000, 0x0000000606c00000|100%| O|  |TAMS 0x0000000606c00000, 0x0000000606800000| Untracked 
|  27|0x0000000606c00000, 0x0000000607000000, 0x0000000607000000|100%| O|  |TAMS 0x0000000607000000, 0x0000000606c00000| Untracked 
|  28|0x0000000607000000, 0x0000000607400000, 0x0000000607400000|100%| O|  |TAMS 0x0000000607400000, 0x0000000607000000| Untracked 
|  29|0x0000000607400000, 0x0000000607800000, 0x0000000607800000|100%| O|  |TAMS 0x0000000607400000, 0x0000000607400000| Untracked 
|  30|0x0000000607800000, 0x0000000607c00000, 0x0000000607c00000|100%| O|  |TAMS 0x0000000607800000, 0x0000000607800000| Untracked 
|  31|0x0000000607c00000, 0x0000000608000000, 0x0000000608000000|100%| O|  |TAMS 0x0000000607c00000, 0x0000000607c00000| Untracked 
|  32|0x0000000608000000, 0x0000000608400000, 0x0000000608400000|100%| O|  |TAMS 0x0000000608000000, 0x0000000608000000| Untracked 
|  33|0x0000000608400000, 0x0000000608800000, 0x0000000608800000|100%| O|  |TAMS 0x0000000608400000, 0x0000000608400000| Untracked 
|  34|0x0000000608800000, 0x0000000608c00000, 0x0000000608c00000|100%| O|  |TAMS 0x0000000608800000, 0x0000000608800000| Untracked 
|  35|0x0000000608c00000, 0x0000000609000000, 0x0000000609000000|100%| O|  |TAMS 0x0000000609000000, 0x0000000608c00000| Untracked 
|  36|0x0000000609000000, 0x0000000609400000, 0x0000000609400000|100%| O|  |TAMS 0x0000000609400000, 0x0000000609000000| Untracked 
|  37|0x0000000609400000, 0x0000000609800000, 0x0000000609800000|100%| O|  |TAMS 0x0000000609400000, 0x0000000609400000| Untracked 
|  38|0x0000000609800000, 0x0000000609c00000, 0x0000000609c00000|100%| O|  |TAMS 0x0000000609800000, 0x0000000609800000| Untracked 
|  39|0x0000000609c00000, 0x000000060a000000, 0x000000060a000000|100%| O|  |TAMS 0x0000000609c00000, 0x0000000609c00000| Untracked 
|  40|0x000000060a000000, 0x000000060a400000, 0x000000060a400000|100%| O|  |TAMS 0x000000060a000000, 0x000000060a000000| Untracked 
|  41|0x000000060a400000, 0x000000060a800000, 0x000000060a800000|100%| O|  |TAMS 0x000000060a800000, 0x000000060a400000| Untracked 
|  42|0x000000060a800000, 0x000000060ac00000, 0x000000060ac00000|100%| O|  |TAMS 0x000000060ac00000, 0x000000060a800000| Untracked 
|  43|0x000000060ac00000, 0x000000060b000000, 0x000000060b000000|100%| O|  |TAMS 0x000000060b000000, 0x000000060ac00000| Untracked 
|  44|0x000000060b000000, 0x000000060b400000, 0x000000060b400000|100%| O|  |TAMS 0x000000060b400000, 0x000000060b000000| Untracked 
|  45|0x000000060b400000, 0x000000060b800000, 0x000000060b800000|100%| O|  |TAMS 0x000000060b400000, 0x000000060b400000| Untracked 
|  46|0x000000060b800000, 0x000000060bc00000, 0x000000060bc00000|100%| O|  |TAMS 0x000000060bc00000, 0x000000060b800000| Untracked 
|  47|0x000000060bc00000, 0x000000060c000000, 0x000000060c000000|100%| O|  |TAMS 0x000000060c000000, 0x000000060bc00000| Untracked 
|  48|0x000000060c000000, 0x000000060c400000, 0x000000060c400000|100%| O|  |TAMS 0x000000060c400000, 0x000000060c000000| Untracked 
|  49|0x000000060c400000, 0x000000060c800000, 0x000000060c800000|100%| O|  |TAMS 0x000000060c800000, 0x000000060c400000| Untracked 
|  50|0x000000060c800000, 0x000000060cc00000, 0x000000060cc00000|100%| O|  |TAMS 0x000000060cc00000, 0x000000060c800000| Untracked 
|  51|0x000000060cc00000, 0x000000060d000000, 0x000000060d000000|100%| O|  |TAMS 0x000000060d000000, 0x000000060cc00000| Untracked 
|  52|0x000000060d000000, 0x000000060d400000, 0x000000060d400000|100%| O|  |TAMS 0x000000060d121a00, 0x000000060d000000| Untracked 
|  53|0x000000060d400000, 0x000000060d800000, 0x000000060d800000|100%| O|  |TAMS 0x000000060d400000, 0x000000060d400000| Untracked 
|  54|0x000000060d800000, 0x000000060dc00000, 0x000000060dc00000|100%| O|  |TAMS 0x000000060d800000, 0x000000060d800000| Untracked 
|  55|0x000000060dc00000, 0x000000060e000000, 0x000000060e000000|100%| O|  |TAMS 0x000000060dc00000, 0x000000060dc00000| Untracked 
|  56|0x000000060e000000, 0x000000060e400000, 0x000000060e400000|100%| O|  |TAMS 0x000000060e000000, 0x000000060e000000| Untracked 
|  57|0x000000060e400000, 0x000000060e800000, 0x000000060e800000|100%| O|  |TAMS 0x000000060e400000, 0x000000060e400000| Untracked 
|  58|0x000000060e800000, 0x000000060ec00000, 0x000000060ec00000|100%| O|  |TAMS 0x000000060e800000, 0x000000060e800000| Untracked 
|  59|0x000000060ec00000, 0x000000060f000000, 0x000000060f000000|100%| O|  |TAMS 0x000000060ec00000, 0x000000060ec00000| Untracked 
|  60|0x000000060f000000, 0x000000060f400000, 0x000000060f400000|100%| O|  |TAMS 0x000000060f000000, 0x000000060f000000| Untracked 
|  61|0x000000060f400000, 0x000000060f800000, 0x000000060f800000|100%| O|  |TAMS 0x000000060f400000, 0x000000060f400000| Untracked 
|  62|0x000000060f800000, 0x000000060fc00000, 0x000000060fc00000|100%| O|  |TAMS 0x000000060f800000, 0x000000060f800000| Untracked 
|  63|0x000000060fc00000, 0x0000000610000000, 0x0000000610000000|100%| O|  |TAMS 0x000000060fc00000, 0x000000060fc00000| Untracked 
|  64|0x0000000610000000, 0x0000000610400000, 0x0000000610400000|100%| O|  |TAMS 0x0000000610000000, 0x0000000610000000| Untracked 
|  65|0x0000000610400000, 0x0000000610800000, 0x0000000610800000|100%| O|  |TAMS 0x0000000610400000, 0x0000000610400000| Untracked 
|  66|0x0000000610800000, 0x0000000610c00000, 0x0000000610c00000|100%| O|  |TAMS 0x0000000610800000, 0x0000000610800000| Untracked 
|  67|0x0000000610c00000, 0x0000000611000000, 0x0000000611000000|100%| O|  |TAMS 0x0000000610c00000, 0x0000000610c00000| Untracked 
|  68|0x0000000611000000, 0x0000000611400000, 0x0000000611400000|100%| O|  |TAMS 0x0000000611000000, 0x0000000611000000| Untracked 
|  69|0x0000000611400000, 0x0000000611800000, 0x0000000611800000|100%| O|  |TAMS 0x0000000611400000, 0x0000000611400000| Untracked 
|  70|0x0000000611800000, 0x0000000611c00000, 0x0000000611c00000|100%| O|  |TAMS 0x0000000611800000, 0x0000000611800000| Untracked 
|  71|0x0000000611c00000, 0x0000000612000000, 0x0000000612000000|100%| O|  |TAMS 0x0000000611c00000, 0x0000000611c00000| Untracked 
|  72|0x0000000612000000, 0x0000000612400000, 0x0000000612400000|100%| O|  |TAMS 0x0000000612000000, 0x0000000612000000| Untracked 
|  73|0x0000000612400000, 0x0000000612800000, 0x0000000612800000|100%| O|  |TAMS 0x0000000612400000, 0x0000000612400000| Untracked 
|  74|0x0000000612800000, 0x0000000612c00000, 0x0000000612c00000|100%| O|  |TAMS 0x0000000612800000, 0x0000000612800000| Untracked 
|  75|0x0000000612c00000, 0x0000000613000000, 0x0000000613000000|100%| O|  |TAMS 0x0000000612c00000, 0x0000000612c00000| Untracked 
|  76|0x0000000613000000, 0x0000000613400000, 0x0000000613400000|100%| O|  |TAMS 0x0000000613000000, 0x0000000613000000| Untracked 
|  77|0x0000000613400000, 0x0000000613800000, 0x0000000613800000|100%| O|  |TAMS 0x0000000613400000, 0x0000000613400000| Untracked 
|  78|0x0000000613800000, 0x0000000613c00000, 0x0000000613c00000|100%| O|  |TAMS 0x0000000613800000, 0x0000000613800000| Untracked 
|  79|0x0000000613c00000, 0x0000000614000000, 0x0000000614000000|100%| O|  |TAMS 0x0000000613c00000, 0x0000000613c00000| Untracked 
|  80|0x0000000614000000, 0x0000000614400000, 0x0000000614400000|100%| O|  |TAMS 0x0000000614000000, 0x0000000614000000| Untracked 
|  81|0x0000000614400000, 0x0000000614800000, 0x0000000614800000|100%| O|  |TAMS 0x0000000614400000, 0x0000000614400000| Untracked 
|  82|0x0000000614800000, 0x0000000614c00000, 0x0000000614c00000|100%| O|  |TAMS 0x0000000614800000, 0x0000000614800000| Untracked 
|  83|0x0000000614c00000, 0x0000000615000000, 0x0000000615000000|100%| O|  |TAMS 0x0000000614c00000, 0x0000000614c00000| Untracked 
|  84|0x0000000615000000, 0x0000000615400000, 0x0000000615400000|100%| O|  |TAMS 0x0000000615000000, 0x0000000615000000| Untracked 
|  85|0x0000000615400000, 0x0000000615800000, 0x0000000615800000|100%| O|  |TAMS 0x0000000615400000, 0x0000000615400000| Untracked 
|  86|0x0000000615800000, 0x0000000615c00000, 0x0000000615c00000|100%| O|  |TAMS 0x0000000615800000, 0x0000000615800000| Untracked 
|  87|0x0000000615c00000, 0x0000000616000000, 0x0000000616000000|100%| O|  |TAMS 0x0000000615c00000, 0x0000000615c00000| Untracked 
|  88|0x0000000616000000, 0x0000000616400000, 0x0000000616400000|100%| O|  |TAMS 0x0000000616000000, 0x0000000616000000| Untracked 
|  89|0x0000000616400000, 0x0000000616800000, 0x0000000616800000|100%| O|  |TAMS 0x0000000616400000, 0x0000000616400000| Untracked 
|  90|0x0000000616800000, 0x0000000616c00000, 0x0000000616c00000|100%| O|  |TAMS 0x0000000616800000, 0x0000000616800000| Untracked 
|  91|0x0000000616c00000, 0x0000000616effe00, 0x0000000617000000| 74%| O|  |TAMS 0x0000000616c00000, 0x0000000616c00000| Untracked 
|  92|0x0000000617000000, 0x0000000617000000, 0x0000000617400000|  0%| F|  |TAMS 0x0000000617000000, 0x0000000617000000| Untracked 
|  93|0x0000000617400000, 0x0000000617400000, 0x0000000617800000|  0%| F|  |TAMS 0x0000000617400000, 0x0000000617400000| Untracked 
|  94|0x0000000617800000, 0x0000000617800000, 0x0000000617c00000|  0%| F|  |TAMS 0x0000000617800000, 0x0000000617800000| Untracked 
|  95|0x0000000617c00000, 0x0000000617c00000, 0x0000000618000000|  0%| F|  |TAMS 0x0000000617c00000, 0x0000000617c00000| Untracked 
|  96|0x0000000618000000, 0x0000000618000000, 0x0000000618400000|  0%| F|  |TAMS 0x0000000618000000, 0x0000000618000000| Untracked 
|  97|0x0000000618400000, 0x0000000618400000, 0x0000000618800000|  0%| F|  |TAMS 0x0000000618400000, 0x0000000618400000| Untracked 
|  98|0x0000000618800000, 0x0000000618800000, 0x0000000618c00000|  0%| F|  |TAMS 0x0000000618800000, 0x0000000618800000| Untracked 
|  99|0x0000000618c00000, 0x0000000618c00000, 0x0000000619000000|  0%| F|  |TAMS 0x0000000618c00000, 0x0000000618c00000| Untracked 
| 100|0x0000000619000000, 0x0000000619000000, 0x0000000619400000|  0%| F|  |TAMS 0x0000000619000000, 0x0000000619000000| Untracked 
| 101|0x0000000619400000, 0x0000000619400000, 0x0000000619800000|  0%| F|  |TAMS 0x0000000619400000, 0x0000000619400000| Untracked 
| 102|0x0000000619800000, 0x0000000619800000, 0x0000000619c00000|  0%| F|  |TAMS 0x0000000619800000, 0x0000000619800000| Untracked 
| 103|0x0000000619c00000, 0x0000000619c00000, 0x000000061a000000|  0%| F|  |TAMS 0x0000000619c00000, 0x0000000619c00000| Untracked 
| 104|0x000000061a000000, 0x000000061a000000, 0x000000061a400000|  0%| F|  |TAMS 0x000000061a000000, 0x000000061a000000| Untracked 
| 105|0x000000061a400000, 0x000000061a400000, 0x000000061a800000|  0%| F|  |TAMS 0x000000061a400000, 0x000000061a400000| Untracked 
| 106|0x000000061a800000, 0x000000061a800000, 0x000000061ac00000|  0%| F|  |TAMS 0x000000061a800000, 0x000000061a800000| Untracked 
| 107|0x000000061ac00000, 0x000000061ac00000, 0x000000061b000000|  0%| F|  |TAMS 0x000000061ac00000, 0x000000061ac00000| Untracked 
| 108|0x000000061b000000, 0x000000061b000000, 0x000000061b400000|  0%| F|  |TAMS 0x000000061b000000, 0x000000061b000000| Untracked 
| 109|0x000000061b400000, 0x000000061b400000, 0x000000061b800000|  0%| F|  |TAMS 0x000000061b400000, 0x000000061b400000| Untracked 
| 110|0x000000061b800000, 0x000000061b800000, 0x000000061bc00000|  0%| F|  |TAMS 0x000000061b800000, 0x000000061b800000| Untracked 
| 111|0x000000061bc00000, 0x000000061bc00000, 0x000000061c000000|  0%| F|  |TAMS 0x000000061bc00000, 0x000000061bc00000| Untracked 
| 112|0x000000061c000000, 0x000000061c000000, 0x000000061c400000|  0%| F|  |TAMS 0x000000061c000000, 0x000000061c000000| Untracked 
| 113|0x000000061c400000, 0x000000061c400000, 0x000000061c800000|  0%| F|  |TAMS 0x000000061c400000, 0x000000061c400000| Untracked 
| 114|0x000000061c800000, 0x000000061c800000, 0x000000061cc00000|  0%| F|  |TAMS 0x000000061c800000, 0x000000061c800000| Untracked 
| 115|0x000000061cc00000, 0x000000061cc00000, 0x000000061d000000|  0%| F|  |TAMS 0x000000061cc00000, 0x000000061cc00000| Untracked 
| 116|0x000000061d000000, 0x000000061d000000, 0x000000061d400000|  0%| F|  |TAMS 0x000000061d000000, 0x000000061d000000| Untracked 
| 117|0x000000061d400000, 0x000000061d400000, 0x000000061d800000|  0%| F|  |TAMS 0x000000061d400000, 0x000000061d400000| Untracked 
| 118|0x000000061d800000, 0x000000061d800000, 0x000000061dc00000|  0%| F|  |TAMS 0x000000061d800000, 0x000000061d800000| Untracked 
| 119|0x000000061dc00000, 0x000000061dc00000, 0x000000061e000000|  0%| F|  |TAMS 0x000000061dc00000, 0x000000061dc00000| Untracked 
| 120|0x000000061e000000, 0x000000061e000000, 0x000000061e400000|  0%| F|  |TAMS 0x000000061e000000, 0x000000061e000000| Untracked 
| 121|0x000000061e400000, 0x000000061e400000, 0x000000061e800000|  0%| F|  |TAMS 0x000000061e400000, 0x000000061e400000| Untracked 
| 122|0x000000061e800000, 0x000000061e800000, 0x000000061ec00000|  0%| F|  |TAMS 0x000000061e800000, 0x000000061e800000| Untracked 
| 123|0x000000061ec00000, 0x000000061ec00000, 0x000000061f000000|  0%| F|  |TAMS 0x000000061ec00000, 0x000000061ec00000| Untracked 
| 124|0x000000061f000000, 0x000000061f000000, 0x000000061f400000|  0%| F|  |TAMS 0x000000061f000000, 0x000000061f000000| Untracked 
| 125|0x000000061f400000, 0x000000061f6e3808, 0x000000061f800000| 72%| S|CS|TAMS 0x000000061f400000, 0x000000061f400000| Complete 
| 126|0x000000061f800000, 0x000000061f800000, 0x000000061fc00000|  0%| F|  |TAMS 0x000000061f800000, 0x000000061f800000| Untracked 
| 127|0x000000061fc00000, 0x0000000620000000, 0x0000000620000000|100%| S|CS|TAMS 0x000000061fc00000, 0x000000061fc00000| Complete 
| 128|0x0000000620000000, 0x0000000620000000, 0x0000000620400000|  0%| F|  |TAMS 0x0000000620000000, 0x0000000620000000| Untracked 
| 129|0x0000000620400000, 0x0000000620400000, 0x0000000620800000|  0%| F|  |TAMS 0x0000000620400000, 0x0000000620400000| Untracked 
| 130|0x0000000620800000, 0x0000000620800000, 0x0000000620c00000|  0%| F|  |TAMS 0x0000000620800000, 0x0000000620800000| Untracked 
| 131|0x0000000620c00000, 0x0000000620c00000, 0x0000000621000000|  0%| F|  |TAMS 0x0000000620c00000, 0x0000000620c00000| Untracked 
| 132|0x0000000621000000, 0x0000000621000000, 0x0000000621400000|  0%| F|  |TAMS 0x0000000621000000, 0x0000000621000000| Untracked 
| 133|0x0000000621400000, 0x0000000621400000, 0x0000000621800000|  0%| F|  |TAMS 0x0000000621400000, 0x0000000621400000| Untracked 
| 134|0x0000000621800000, 0x0000000621800000, 0x0000000621c00000|  0%| F|  |TAMS 0x0000000621800000, 0x0000000621800000| Untracked 
| 135|0x0000000621c00000, 0x0000000621c00000, 0x0000000622000000|  0%| F|  |TAMS 0x0000000621c00000, 0x0000000621c00000| Untracked 
| 136|0x0000000622000000, 0x0000000622400000, 0x0000000622400000|100%| S|CS|TAMS 0x0000000622000000, 0x0000000622000000| Complete 
| 137|0x0000000622400000, 0x0000000622800000, 0x0000000622800000|100%| S|CS|TAMS 0x0000000622400000, 0x0000000622400000| Complete 
| 138|0x0000000622800000, 0x0000000622c00000, 0x0000000622c00000|100%| S|CS|TAMS 0x0000000622800000, 0x0000000622800000| Complete 
| 139|0x0000000622c00000, 0x0000000623000000, 0x0000000623000000|100%| S|CS|TAMS 0x0000000622c00000, 0x0000000622c00000| Complete 
| 140|0x0000000623000000, 0x0000000623400000, 0x0000000623400000|100%| S|CS|TAMS 0x0000000623000000, 0x0000000623000000| Complete 
| 141|0x0000000623400000, 0x0000000623400000, 0x0000000623800000|  0%| F|  |TAMS 0x0000000623400000, 0x0000000623400000| Untracked 
| 142|0x0000000623800000, 0x0000000623c00000, 0x0000000623c00000|100%| S|CS|TAMS 0x0000000623800000, 0x0000000623800000| Complete 
| 143|0x0000000623c00000, 0x0000000623c00000, 0x0000000624000000|  0%| F|  |TAMS 0x0000000623c00000, 0x0000000623c00000| Untracked 
| 144|0x0000000624000000, 0x0000000624000000, 0x0000000624400000|  0%| F|  |TAMS 0x0000000624000000, 0x0000000624000000| Untracked 
| 145|0x0000000624400000, 0x0000000624400000, 0x0000000624800000|  0%| F|  |TAMS 0x0000000624400000, 0x0000000624400000| Untracked 
| 146|0x0000000624800000, 0x0000000624800000, 0x0000000624c00000|  0%| F|  |TAMS 0x0000000624800000, 0x0000000624800000| Untracked 
| 147|0x0000000624c00000, 0x0000000624c00000, 0x0000000625000000|  0%| F|  |TAMS 0x0000000624c00000, 0x0000000624c00000| Untracked 
| 148|0x0000000625000000, 0x0000000625000000, 0x0000000625400000|  0%| F|  |TAMS 0x0000000625000000, 0x0000000625000000| Untracked 
| 149|0x0000000625400000, 0x0000000625400000, 0x0000000625800000|  0%| F|  |TAMS 0x0000000625400000, 0x0000000625400000| Untracked 
| 150|0x0000000625800000, 0x0000000625800000, 0x0000000625c00000|  0%| F|  |TAMS 0x0000000625800000, 0x0000000625800000| Untracked 
| 151|0x0000000625c00000, 0x0000000625c00000, 0x0000000626000000|  0%| F|  |TAMS 0x0000000625c00000, 0x0000000625c00000| Untracked 
| 152|0x0000000626000000, 0x0000000626000000, 0x0000000626400000|  0%| F|  |TAMS 0x0000000626000000, 0x0000000626000000| Untracked 
| 153|0x0000000626400000, 0x0000000626400000, 0x0000000626800000|  0%| F|  |TAMS 0x0000000626400000, 0x0000000626400000| Untracked 
| 154|0x0000000626800000, 0x0000000626800000, 0x0000000626c00000|  0%| F|  |TAMS 0x0000000626800000, 0x0000000626800000| Untracked 
| 155|0x0000000626c00000, 0x0000000626c00000, 0x0000000627000000|  0%| F|  |TAMS 0x0000000626c00000, 0x0000000626c00000| Untracked 
| 156|0x0000000627000000, 0x0000000627000000, 0x0000000627400000|  0%| F|  |TAMS 0x0000000627000000, 0x0000000627000000| Untracked 
| 157|0x0000000627400000, 0x0000000627400000, 0x0000000627800000|  0%| F|  |TAMS 0x0000000627400000, 0x0000000627400000| Untracked 
| 158|0x0000000627800000, 0x0000000627800000, 0x0000000627c00000|  0%| F|  |TAMS 0x0000000627800000, 0x0000000627800000| Untracked 
| 159|0x0000000627c00000, 0x0000000627c00000, 0x0000000628000000|  0%| F|  |TAMS 0x0000000627c00000, 0x0000000627c00000| Untracked 
| 160|0x0000000628000000, 0x0000000628000000, 0x0000000628400000|  0%| F|  |TAMS 0x0000000628000000, 0x0000000628000000| Untracked 
| 161|0x0000000628400000, 0x0000000628400000, 0x0000000628800000|  0%| F|  |TAMS 0x0000000628400000, 0x0000000628400000| Untracked 
| 162|0x0000000628800000, 0x0000000628800000, 0x0000000628c00000|  0%| F|  |TAMS 0x0000000628800000, 0x0000000628800000| Untracked 
| 163|0x0000000628c00000, 0x0000000628c00000, 0x0000000629000000|  0%| F|  |TAMS 0x0000000628c00000, 0x0000000628c00000| Untracked 
| 164|0x0000000629000000, 0x0000000629000000, 0x0000000629400000|  0%| F|  |TAMS 0x0000000629000000, 0x0000000629000000| Untracked 
| 165|0x0000000629400000, 0x0000000629400000, 0x0000000629800000|  0%| F|  |TAMS 0x0000000629400000, 0x0000000629400000| Untracked 
| 166|0x0000000629800000, 0x0000000629800000, 0x0000000629c00000|  0%| F|  |TAMS 0x0000000629800000, 0x0000000629800000| Untracked 
| 167|0x0000000629c00000, 0x0000000629c00000, 0x000000062a000000|  0%| F|  |TAMS 0x0000000629c00000, 0x0000000629c00000| Untracked 
| 168|0x000000062a000000, 0x000000062a000000, 0x000000062a400000|  0%| F|  |TAMS 0x000000062a000000, 0x000000062a000000| Untracked 
| 169|0x000000062a400000, 0x000000062a400000, 0x000000062a800000|  0%| F|  |TAMS 0x000000062a400000, 0x000000062a400000| Untracked 
| 170|0x000000062a800000, 0x000000062a800000, 0x000000062ac00000|  0%| F|  |TAMS 0x000000062a800000, 0x000000062a800000| Untracked 
| 171|0x000000062ac00000, 0x000000062ac00000, 0x000000062b000000|  0%| F|  |TAMS 0x000000062ac00000, 0x000000062ac00000| Untracked 
| 172|0x000000062b000000, 0x000000062b000000, 0x000000062b400000|  0%| F|  |TAMS 0x000000062b000000, 0x000000062b000000| Untracked 
| 173|0x000000062b400000, 0x000000062b400000, 0x000000062b800000|  0%| F|  |TAMS 0x000000062b400000, 0x000000062b400000| Untracked 
| 174|0x000000062b800000, 0x000000062b800000, 0x000000062bc00000|  0%| F|  |TAMS 0x000000062b800000, 0x000000062b800000| Untracked 
| 175|0x000000062bc00000, 0x000000062bc00000, 0x000000062c000000|  0%| F|  |TAMS 0x000000062bc00000, 0x000000062bc00000| Untracked 
| 176|0x000000062c000000, 0x000000062c000000, 0x000000062c400000|  0%| F|  |TAMS 0x000000062c000000, 0x000000062c000000| Untracked 
| 177|0x000000062c400000, 0x000000062c400000, 0x000000062c800000|  0%| F|  |TAMS 0x000000062c400000, 0x000000062c400000| Untracked 
| 178|0x000000062c800000, 0x000000062c800000, 0x000000062cc00000|  0%| F|  |TAMS 0x000000062c800000, 0x000000062c800000| Untracked 
| 179|0x000000062cc00000, 0x000000062cc00000, 0x000000062d000000|  0%| F|  |TAMS 0x000000062cc00000, 0x000000062cc00000| Untracked 
| 180|0x000000062d000000, 0x000000062d000000, 0x000000062d400000|  0%| F|  |TAMS 0x000000062d000000, 0x000000062d000000| Untracked 
| 181|0x000000062d400000, 0x000000062d400000, 0x000000062d800000|  0%| F|  |TAMS 0x000000062d400000, 0x000000062d400000| Untracked 
| 182|0x000000062d800000, 0x000000062d800000, 0x000000062dc00000|  0%| F|  |TAMS 0x000000062d800000, 0x000000062d800000| Untracked 
| 183|0x000000062dc00000, 0x000000062dc00000, 0x000000062e000000|  0%| F|  |TAMS 0x000000062dc00000, 0x000000062dc00000| Untracked 
| 184|0x000000062e000000, 0x000000062e000000, 0x000000062e400000|  0%| F|  |TAMS 0x000000062e000000, 0x000000062e000000| Untracked 
| 185|0x000000062e400000, 0x000000062e400000, 0x000000062e800000|  0%| F|  |TAMS 0x000000062e400000, 0x000000062e400000| Untracked 
| 186|0x000000062e800000, 0x000000062e800000, 0x000000062ec00000|  0%| F|  |TAMS 0x000000062e800000, 0x000000062e800000| Untracked 
| 187|0x000000062ec00000, 0x000000062ec00000, 0x000000062f000000|  0%| F|  |TAMS 0x000000062ec00000, 0x000000062ec00000| Untracked 
| 188|0x000000062f000000, 0x000000062f000000, 0x000000062f400000|  0%| F|  |TAMS 0x000000062f000000, 0x000000062f000000| Untracked 
| 189|0x000000062f400000, 0x000000062f400000, 0x000000062f800000|  0%| F|  |TAMS 0x000000062f400000, 0x000000062f400000| Untracked 
| 190|0x000000062f800000, 0x000000062f800000, 0x000000062fc00000|  0%| F|  |TAMS 0x000000062f800000, 0x000000062f800000| Untracked 
| 191|0x000000062fc00000, 0x000000062fc00000, 0x0000000630000000|  0%| F|  |TAMS 0x000000062fc00000, 0x000000062fc00000| Untracked 
| 192|0x0000000630000000, 0x0000000630000000, 0x0000000630400000|  0%| F|  |TAMS 0x0000000630000000, 0x0000000630000000| Untracked 
| 193|0x0000000630400000, 0x0000000630400000, 0x0000000630800000|  0%| F|  |TAMS 0x0000000630400000, 0x0000000630400000| Untracked 
| 194|0x0000000630800000, 0x0000000630800000, 0x0000000630c00000|  0%| F|  |TAMS 0x0000000630800000, 0x0000000630800000| Untracked 
| 195|0x0000000630c00000, 0x0000000630c00000, 0x0000000631000000|  0%| F|  |TAMS 0x0000000630c00000, 0x0000000630c00000| Untracked 
| 196|0x0000000631000000, 0x0000000631000000, 0x0000000631400000|  0%| F|  |TAMS 0x0000000631000000, 0x0000000631000000| Untracked 
| 197|0x0000000631400000, 0x0000000631400000, 0x0000000631800000|  0%| F|  |TAMS 0x0000000631400000, 0x0000000631400000| Untracked 
| 198|0x0000000631800000, 0x0000000631800000, 0x0000000631c00000|  0%| F|  |TAMS 0x0000000631800000, 0x0000000631800000| Untracked 
| 199|0x0000000631c00000, 0x0000000631c00000, 0x0000000632000000|  0%| F|  |TAMS 0x0000000631c00000, 0x0000000631c00000| Untracked 
| 200|0x0000000632000000, 0x0000000632000000, 0x0000000632400000|  0%| F|  |TAMS 0x0000000632000000, 0x0000000632000000| Untracked 
| 201|0x0000000632400000, 0x0000000632400000, 0x0000000632800000|  0%| F|  |TAMS 0x0000000632400000, 0x0000000632400000| Untracked 
| 202|0x0000000632800000, 0x0000000632800000, 0x0000000632c00000|  0%| F|  |TAMS 0x0000000632800000, 0x0000000632800000| Untracked 
| 203|0x0000000632c00000, 0x0000000632c00000, 0x0000000633000000|  0%| F|  |TAMS 0x0000000632c00000, 0x0000000632c00000| Untracked 
| 204|0x0000000633000000, 0x0000000633000000, 0x0000000633400000|  0%| F|  |TAMS 0x0000000633000000, 0x0000000633000000| Untracked 
| 205|0x0000000633400000, 0x0000000633400000, 0x0000000633800000|  0%| F|  |TAMS 0x0000000633400000, 0x0000000633400000| Untracked 
| 206|0x0000000633800000, 0x0000000633800000, 0x0000000633c00000|  0%| F|  |TAMS 0x0000000633800000, 0x0000000633800000| Untracked 
| 207|0x0000000633c00000, 0x0000000633c00000, 0x0000000634000000|  0%| F|  |TAMS 0x0000000633c00000, 0x0000000633c00000| Untracked 
| 208|0x0000000634000000, 0x0000000634000000, 0x0000000634400000|  0%| F|  |TAMS 0x0000000634000000, 0x0000000634000000| Untracked 
| 209|0x0000000634400000, 0x0000000634400000, 0x0000000634800000|  0%| F|  |TAMS 0x0000000634400000, 0x0000000634400000| Untracked 
| 210|0x0000000634800000, 0x0000000634800000, 0x0000000634c00000|  0%| F|  |TAMS 0x0000000634800000, 0x0000000634800000| Untracked 
| 211|0x0000000634c00000, 0x0000000634c00000, 0x0000000635000000|  0%| F|  |TAMS 0x0000000634c00000, 0x0000000634c00000| Untracked 
| 212|0x0000000635000000, 0x0000000635000000, 0x0000000635400000|  0%| F|  |TAMS 0x0000000635000000, 0x0000000635000000| Untracked 
| 213|0x0000000635400000, 0x0000000635400000, 0x0000000635800000|  0%| F|  |TAMS 0x0000000635400000, 0x0000000635400000| Untracked 
| 214|0x0000000635800000, 0x0000000635800000, 0x0000000635c00000|  0%| F|  |TAMS 0x0000000635800000, 0x0000000635800000| Untracked 
| 215|0x0000000635c00000, 0x0000000635c00000, 0x0000000636000000|  0%| F|  |TAMS 0x0000000635c00000, 0x0000000635c00000| Untracked 
| 216|0x0000000636000000, 0x0000000636000000, 0x0000000636400000|  0%| F|  |TAMS 0x0000000636000000, 0x0000000636000000| Untracked 
| 217|0x0000000636400000, 0x0000000636400000, 0x0000000636800000|  0%| F|  |TAMS 0x0000000636400000, 0x0000000636400000| Untracked 
| 218|0x0000000636800000, 0x0000000636800000, 0x0000000636c00000|  0%| F|  |TAMS 0x0000000636800000, 0x0000000636800000| Untracked 
| 219|0x0000000636c00000, 0x0000000636c00000, 0x0000000637000000|  0%| F|  |TAMS 0x0000000636c00000, 0x0000000636c00000| Untracked 
| 220|0x0000000637000000, 0x0000000637000000, 0x0000000637400000|  0%| F|  |TAMS 0x0000000637000000, 0x0000000637000000| Untracked 
| 221|0x0000000637400000, 0x0000000637400000, 0x0000000637800000|  0%| F|  |TAMS 0x0000000637400000, 0x0000000637400000| Untracked 
| 222|0x0000000637800000, 0x0000000637800000, 0x0000000637c00000|  0%| F|  |TAMS 0x0000000637800000, 0x0000000637800000| Untracked 
| 223|0x0000000637c00000, 0x0000000637c00000, 0x0000000638000000|  0%| F|  |TAMS 0x0000000637c00000, 0x0000000637c00000| Untracked 
| 224|0x0000000638000000, 0x0000000638000000, 0x0000000638400000|  0%| F|  |TAMS 0x0000000638000000, 0x0000000638000000| Untracked 
| 225|0x0000000638400000, 0x0000000638400000, 0x0000000638800000|  0%| F|  |TAMS 0x0000000638400000, 0x0000000638400000| Untracked 
| 226|0x0000000638800000, 0x0000000638800000, 0x0000000638c00000|  0%| F|  |TAMS 0x0000000638800000, 0x0000000638800000| Untracked 
| 227|0x0000000638c00000, 0x0000000638c00000, 0x0000000639000000|  0%| F|  |TAMS 0x0000000638c00000, 0x0000000638c00000| Untracked 
| 228|0x0000000639000000, 0x0000000639000000, 0x0000000639400000|  0%| F|  |TAMS 0x0000000639000000, 0x0000000639000000| Untracked 
| 229|0x0000000639400000, 0x0000000639400000, 0x0000000639800000|  0%| F|  |TAMS 0x0000000639400000, 0x0000000639400000| Untracked 
| 230|0x0000000639800000, 0x0000000639800000, 0x0000000639c00000|  0%| F|  |TAMS 0x0000000639800000, 0x0000000639800000| Untracked 
| 231|0x0000000639c00000, 0x0000000639c00000, 0x000000063a000000|  0%| F|  |TAMS 0x0000000639c00000, 0x0000000639c00000| Untracked 
| 232|0x000000063a000000, 0x000000063a000000, 0x000000063a400000|  0%| F|  |TAMS 0x000000063a000000, 0x000000063a000000| Untracked 
| 233|0x000000063a400000, 0x000000063a400000, 0x000000063a800000|  0%| F|  |TAMS 0x000000063a400000, 0x000000063a400000| Untracked 
| 234|0x000000063a800000, 0x000000063a800000, 0x000000063ac00000|  0%| F|  |TAMS 0x000000063a800000, 0x000000063a800000| Untracked 
| 235|0x000000063ac00000, 0x000000063ac00000, 0x000000063b000000|  0%| F|  |TAMS 0x000000063ac00000, 0x000000063ac00000| Untracked 
| 236|0x000000063b000000, 0x000000063b000000, 0x000000063b400000|  0%| F|  |TAMS 0x000000063b000000, 0x000000063b000000| Untracked 
| 237|0x000000063b400000, 0x000000063b400000, 0x000000063b800000|  0%| F|  |TAMS 0x000000063b400000, 0x000000063b400000| Untracked 
| 238|0x000000063b800000, 0x000000063b800000, 0x000000063bc00000|  0%| F|  |TAMS 0x000000063b800000, 0x000000063b800000| Untracked 
| 239|0x000000063bc00000, 0x000000063bc00000, 0x000000063c000000|  0%| F|  |TAMS 0x000000063bc00000, 0x000000063bc00000| Untracked 
| 240|0x000000063c000000, 0x000000063c000000, 0x000000063c400000|  0%| F|  |TAMS 0x000000063c000000, 0x000000063c000000| Untracked 
| 241|0x000000063c400000, 0x000000063c400000, 0x000000063c800000|  0%| F|  |TAMS 0x000000063c400000, 0x000000063c400000| Untracked 
| 242|0x000000063c800000, 0x000000063c800000, 0x000000063cc00000|  0%| F|  |TAMS 0x000000063c800000, 0x000000063c800000| Untracked 
| 243|0x000000063cc00000, 0x000000063cc00000, 0x000000063d000000|  0%| F|  |TAMS 0x000000063cc00000, 0x000000063cc00000| Untracked 
| 244|0x000000063d000000, 0x000000063d000000, 0x000000063d400000|  0%| F|  |TAMS 0x000000063d000000, 0x000000063d000000| Untracked 
| 245|0x000000063d400000, 0x000000063d400000, 0x000000063d800000|  0%| F|  |TAMS 0x000000063d400000, 0x000000063d400000| Untracked 

Card table byte_map: [0x0000016dba8c0000,0x0000016dbb8c0000] _byte_map_base: 0x0000016db78c0000

Marking Bits (Prev, Next): (CMBitMap*) 0x0000016dcc8c05f0, (CMBitMap*) 0x0000016dcc8c05b0
 Prev Bits: [0x0000016dc48c0000, 0x0000016dcc8c0000)
 Next Bits: [0x0000016dbc8c0000, 0x0000016dc48c0000)

Polling page: 0x0000016d90d70000

Metaspace:

Usage:
  Non-class:    153.27 MB used.
      Class:     22.50 MB used.
       Both:    175.77 MB used.

Virtual space:
  Non-class space:      192.00 MB reserved,     153.88 MB ( 80%) committed,  3 nodes.
      Class space:        1.00 GB reserved,      23.00 MB (  2%) committed,  1 nodes.
             Both:        1.19 GB reserved,     176.88 MB ( 15%) committed. 

Chunk freelists:
   Non-Class:  5.48 MB
       Class:  8.95 MB
        Both:  14.43 MB

MaxMetaspaceSize: 4.00 GB
CompressedClassSpaceSize: 1.00 GB
Initial GC threshold: 21.00 MB
Current GC threshold: 231.81 MB
CDS: on
MetaspaceReclaimPolicy: balanced
 - commit_granule_bytes: 65536.
 - commit_granule_words: 8192.
 - virtual_space_node_default_size: 8388608.
 - enlarge_chunks_in_place: 1.
 - new_chunks_are_fully_committed: 0.
 - uncommit_free_chunks: 1.
 - use_allocation_guard: 0.
 - handle_deallocations: 1.


Internal statistics:

num_allocs_failed_limit: 12.
num_arena_births: 1680.
num_arena_deaths: 2.
num_vsnodes_births: 4.
num_vsnodes_deaths: 0.
num_space_committed: 2828.
num_space_uncommitted: 0.
num_chunks_returned_to_freelist: 15.
num_chunks_taken_from_freelist: 8809.
num_chunk_merges: 12.
num_chunk_splits: 6264.
num_chunks_enlarged: 4699.
num_inconsistent_stats: 0.

CodeHeap 'non-profiled nmethods': size=259264Kb used=15119Kb max_used=15119Kb free=244145Kb
 bounds [0x0000016da9410000, 0x0000016daa2e0000, 0x0000016db9140000]
CodeHeap 'profiled nmethods': size=259264Kb used=46997Kb max_used=46997Kb free=212266Kb
 bounds [0x0000016d99140000, 0x0000016d9bf30000, 0x0000016da8e70000]
CodeHeap 'non-nmethods': size=5760Kb used=2006Kb max_used=2098Kb free=3753Kb
 bounds [0x0000016da8e70000, 0x0000016da90e0000, 0x0000016da9410000]
 total_blobs=22729 nmethods=21576 adapters=1061
 compilation: enabled
              stopped_count=0, restarted_count=0
 full_count=0

Compilation events (20 events):
Event: 251.134 Thread 0x0000016dcf5977f0 27759       2       org.gradle.api.internal.initialization.transform.MergeInstrumentationAnalysisTransform$Parameters$Inject_::$gradleInitAttach (1 bytes)
Event: 251.134 Thread 0x0000016dcf5977f0 nmethod 27759 0x0000016d9a0bf210 code [0x0000016d9a0bf3a0, 0x0000016d9a0bf498]
Event: 251.137 Thread 0x0000016dcf5977f0 27760       3       org.objectweb.asm.ClassReader::readLong (29 bytes)
Event: 251.137 Thread 0x0000016dcf5977f0 nmethod 27760 0x0000016d9bf25890 code [0x0000016d9bf25a40, 0x0000016d9bf25bf8]
Event: 251.150 Thread 0x0000016dcf5977f0 27761       2       org.apache.commons.compress.archivers.zip.ZipShort::getBytes (12 bytes)
Event: 251.150 Thread 0x0000016dcf5977f0 nmethod 27761 0x0000016d9bf25d10 code [0x0000016d9bf25ec0, 0x0000016d9bf26088]
Event: 251.161 Thread 0x0000016e19ed3930 nmethod 27375 0x0000016daa2b0b90 code [0x0000016daa2b0e80, 0x0000016daa2b2908]
Event: 251.161 Thread 0x0000016e19ed3930 27364       4       org.gradle.internal.classpath.types.ExternalPluginsInstrumentationTypeRegistry::getSuperTypes (70 bytes)
Event: 251.182 Thread 0x0000016e19ed3930 nmethod 27364 0x0000016daa2b3890 code [0x0000016daa2b3aa0, 0x0000016daa2b4a28]
Event: 251.183 Thread 0x0000016e19ed3930 27377       4       org.gradle.internal.classpath.types.ExternalPluginsInstrumentationTypeRegistry::computeInstrumentedSuperTypes (53 bytes)
Event: 251.197 Thread 0x0000016e19ed3930 nmethod 27377 0x0000016daa2b5210 code [0x0000016daa2b54a0, 0x0000016daa2b6318]
Event: 251.198 Thread 0x0000016e19ed3930 27627       4       com.google.common.collect.AbstractIterator::hasNext (61 bytes)
Event: 251.204 Thread 0x0000016e19ed3930 nmethod 27627 0x0000016daa2b6d10 code [0x0000016daa2b6f00, 0x0000016daa2b7b28]
Event: 251.204 Thread 0x0000016e19ed3930 27750  s    4       java.io.BufferedOutputStream::flush (12 bytes)
Event: 251.205 Thread 0x0000016e19ed3930 nmethod 27750 0x0000016daa2b8090 code [0x0000016daa2b8220, 0x0000016daa2b84d8]
Event: 251.205 Thread 0x0000016e19ed3930 27526   !   4       java.nio.file.FileTreeWalker::next (144 bytes)
Event: 251.268 Thread 0x0000016e19ed3930 nmethod 27526 0x0000016daa2b8610 code [0x0000016daa2b8a40, 0x0000016daa2bc4d0]
Event: 251.269 Thread 0x0000016e19ed3930 27532       4       org.objectweb.asm.ClassReader::readMethod (1070 bytes)
Event: 251.307 Thread 0x0000016dcf5852c0 nmethod 27624 0x0000016daa2be610 code [0x0000016daa2beec0, 0x0000016daa2cb5f0]
Event: 251.309 Thread 0x0000016dcf5852c0 27763 %     4       org.objectweb.asm.ClassReader::readCode @ 2187 (5117 bytes)

GC Heap History (20 events):
Event: 39.036 GC heap after
{Heap after GC invocations=66 (full 0):
 garbage-first heap   total 425984K, used 230669K [0x0000000600000000, 0x0000000800000000)
  region size 4096K, 3 young (12288K), 3 survivors (12288K)
 Metaspace       used 145618K, committed 146624K, reserved 1179648K
  class space    used 18872K, committed 19328K, reserved 1048576K
}
Event: 39.050 GC heap before
{Heap before GC invocations=66 (full 0):
 garbage-first heap   total 425984K, used 238861K [0x0000000600000000, 0x0000000800000000)
  region size 4096K, 5 young (20480K), 3 survivors (12288K)
 Metaspace       used 145618K, committed 146624K, reserved 1179648K
  class space    used 18872K, committed 19328K, reserved 1048576K
}
Event: 39.074 GC heap after
{Heap after GC invocations=67 (full 0):
 garbage-first heap   total 1007616K, used 199702K [0x0000000600000000, 0x0000000800000000)
  region size 4096K, 1 young (4096K), 1 survivors (4096K)
 Metaspace       used 145618K, committed 146624K, reserved 1179648K
  class space    used 18872K, committed 19328K, reserved 1048576K
}
Event: 39.160 GC heap before
{Heap before GC invocations=67 (full 0):
 garbage-first heap   total 1007616K, used 244758K [0x0000000600000000, 0x0000000800000000)
  region size 4096K, 12 young (49152K), 1 survivors (4096K)
 Metaspace       used 145624K, committed 146624K, reserved 1179648K
  class space    used 18872K, committed 19328K, reserved 1048576K
}
Event: 39.177 GC heap after
{Heap after GC invocations=68 (full 0):
 garbage-first heap   total 1007616K, used 215461K [0x0000000600000000, 0x0000000800000000)
  region size 4096K, 2 young (8192K), 2 survivors (8192K)
 Metaspace       used 145624K, committed 146624K, reserved 1179648K
  class space    used 18872K, committed 19328K, reserved 1048576K
}
Event: 60.157 GC heap before
{Heap before GC invocations=68 (full 0):
 garbage-first heap   total 1007616K, used 674213K [0x0000000600000000, 0x0000000800000000)
  region size 4096K, 112 young (458752K), 2 survivors (8192K)
 Metaspace       used 156768K, committed 157824K, reserved 1245184K
  class space    used 20191K, committed 20672K, reserved 1048576K
}
Event: 60.267 GC heap after
{Heap after GC invocations=69 (full 0):
 garbage-first heap   total 1007616K, used 279995K [0x0000000600000000, 0x0000000800000000)
  region size 4096K, 14 young (57344K), 14 survivors (57344K)
 Metaspace       used 156768K, committed 157824K, reserved 1245184K
  class space    used 20191K, committed 20672K, reserved 1048576K
}
Event: 213.222 GC heap before
{Heap before GC invocations=69 (full 0):
 garbage-first heap   total 1007616K, used 710075K [0x0000000600000000, 0x0000000800000000)
  region size 4096K, 119 young (487424K), 14 survivors (57344K)
 Metaspace       used 169444K, committed 170496K, reserved 1245184K
  class space    used 21986K, committed 22464K, reserved 1048576K
}
Event: 213.594 GC heap after
{Heap after GC invocations=70 (full 0):
 garbage-first heap   total 1007616K, used 343708K [0x0000000600000000, 0x0000000800000000)
  region size 4096K, 15 young (61440K), 15 survivors (61440K)
 Metaspace       used 169444K, committed 170496K, reserved 1245184K
  class space    used 21986K, committed 22464K, reserved 1048576K
}
Event: 242.723 GC heap before
{Heap before GC invocations=70 (full 0):
 garbage-first heap   total 1007616K, used 745116K [0x0000000600000000, 0x0000000800000000)
  region size 4096K, 113 young (462848K), 15 survivors (61440K)
 Metaspace       used 178599K, committed 179776K, reserved 1245184K
  class space    used 22924K, committed 23488K, reserved 1048576K
}
Event: 242.925 GC heap after
{Heap after GC invocations=71 (full 0):
 garbage-first heap   total 1007616K, used 373409K [0x0000000600000000, 0x0000000800000000)
  region size 4096K, 7 young (28672K), 7 survivors (28672K)
 Metaspace       used 178599K, committed 179776K, reserved 1245184K
  class space    used 22924K, committed 23488K, reserved 1048576K
}
Event: 246.146 GC heap before
{Heap before GC invocations=71 (full 0):
 garbage-first heap   total 1007616K, used 758433K [0x0000000600000000, 0x0000000800000000)
  region size 4096K, 102 young (417792K), 7 survivors (28672K)
 Metaspace       used 178670K, committed 179840K, reserved 1245184K
  class space    used 22926K, committed 23488K, reserved 1048576K
}
Event: 246.182 GC heap after
{Heap after GC invocations=72 (full 0):
 garbage-first heap   total 1007616K, used 378187K [0x0000000600000000, 0x0000000800000000)
  region size 4096K, 8 young (32768K), 8 survivors (32768K)
 Metaspace       used 178670K, committed 179840K, reserved 1245184K
  class space    used 22926K, committed 23488K, reserved 1048576K
}
Event: 249.095 GC heap before
{Heap before GC invocations=72 (full 0):
 garbage-first heap   total 1007616K, used 783691K [0x0000000600000000, 0x0000000800000000)
  region size 4096K, 107 young (438272K), 8 survivors (32768K)
 Metaspace       used 179792K, committed 180928K, reserved 1245184K
  class space    used 23040K, committed 23552K, reserved 1048576K
}
Event: 249.130 GC heap after
{Heap after GC invocations=73 (full 0):
 garbage-first heap   total 1007616K, used 389890K [0x0000000600000000, 0x0000000800000000)
  region size 4096K, 11 young (45056K), 11 survivors (45056K)
 Metaspace       used 179792K, committed 180928K, reserved 1245184K
  class space    used 23040K, committed 23552K, reserved 1048576K
}
Event: 249.803 GC heap before
{Heap before GC invocations=73 (full 0):
 garbage-first heap   total 1007616K, used 795394K [0x0000000600000000, 0x0000000800000000)
  region size 4096K, 111 young (454656K), 11 survivors (45056K)
 Metaspace       used 179914K, committed 181056K, reserved 1245184K
  class space    used 23040K, committed 23552K, reserved 1048576K
}
Event: 250.021 GC heap after
{Heap after GC invocations=74 (full 0):
 garbage-first heap   total 1007616K, used 397094K [0x0000000600000000, 0x0000000800000000)
  region size 4096K, 8 young (32768K), 8 survivors (32768K)
 Metaspace       used 179914K, committed 181056K, reserved 1245184K
  class space    used 23040K, committed 23552K, reserved 1048576K
}
Event: 250.704 GC heap before
{Heap before GC invocations=74 (full 0):
 garbage-first heap   total 1007616K, used 810790K [0x0000000600000000, 0x0000000800000000)
  region size 4096K, 110 young (450560K), 8 survivors (32768K)
 Metaspace       used 179983K, committed 181120K, reserved 1245184K
  class space    used 23040K, committed 23552K, reserved 1048576K
}
Event: 250.778 GC heap after
{Heap after GC invocations=75 (full 0):
 garbage-first heap   total 1007616K, used 404063K [0x0000000600000000, 0x0000000800000000)
  region size 4096K, 10 young (40960K), 10 survivors (40960K)
 Metaspace       used 179983K, committed 181120K, reserved 1245184K
  class space    used 23040K, committed 23552K, reserved 1048576K
}
Event: 251.346 GC heap before
{Heap before GC invocations=75 (full 0):
 garbage-first heap   total 1007616K, used 821855K [0x0000000600000000, 0x0000000800000000)
  region size 4096K, 113 young (462848K), 10 survivors (40960K)
 Metaspace       used 179988K, committed 181120K, reserved 1245184K
  class space    used 23040K, committed 23552K, reserved 1048576K
}

Dll operation events (15 events):
Event: 0.012 Loaded shared library C:\Users\Dr kocher\AppData\Local\Programs\Eclipse Adoptium\jdk-17.0.20.101-hotspot\bin\java.dll
Event: 0.039 Loaded shared library C:\Users\Dr kocher\AppData\Local\Programs\Eclipse Adoptium\jdk-17.0.20.101-hotspot\bin\jsvml.dll
Event: 0.092 Loaded shared library C:\Users\Dr kocher\AppData\Local\Programs\Eclipse Adoptium\jdk-17.0.20.101-hotspot\bin\zip.dll
Event: 0.096 Loaded shared library C:\Users\Dr kocher\AppData\Local\Programs\Eclipse Adoptium\jdk-17.0.20.101-hotspot\bin\instrument.dll
Event: 0.100 Loaded shared library C:\Users\Dr kocher\AppData\Local\Programs\Eclipse Adoptium\jdk-17.0.20.101-hotspot\bin\net.dll
Event: 0.101 Loaded shared library C:\Users\Dr kocher\AppData\Local\Programs\Eclipse Adoptium\jdk-17.0.20.101-hotspot\bin\nio.dll
Event: 0.103 Loaded shared library C:\Users\Dr kocher\AppData\Local\Programs\Eclipse Adoptium\jdk-17.0.20.101-hotspot\bin\zip.dll
Event: 0.328 Loaded shared library C:\Users\Dr kocher\AppData\Local\Programs\Eclipse Adoptium\jdk-17.0.20.101-hotspot\bin\jimage.dll
Event: 0.484 Loaded shared library C:\Users\Dr kocher\AppData\Local\Programs\Eclipse Adoptium\jdk-17.0.20.101-hotspot\bin\verify.dll
Event: 0.505 Loaded shared library C:\Users\Dr kocher\.gradle\native\660c5614fbf4a5f2a75b1949f50a0caf5cd603558e7d8a26e50b933a0cfb79d1\windows-amd64\native-platform.dll
Event: 0.660 Loaded shared library C:\Users\Dr kocher\.gradle\native\0.2.8\x86_64-windows-gnu\gradle-fileevents.dll
Event: 1.987 Loaded shared library C:\Users\Dr kocher\AppData\Local\Programs\Eclipse Adoptium\jdk-17.0.20.101-hotspot\bin\management.dll
Event: 1.989 Loaded shared library C:\Users\Dr kocher\AppData\Local\Programs\Eclipse Adoptium\jdk-17.0.20.101-hotspot\bin\management_ext.dll
Event: 2.141 Loaded shared library C:\Users\Dr kocher\AppData\Local\Programs\Eclipse Adoptium\jdk-17.0.20.101-hotspot\bin\extnet.dll
Event: 2.450 Loaded shared library C:\Users\Dr kocher\AppData\Local\Programs\Eclipse Adoptium\jdk-17.0.20.101-hotspot\bin\sunmscapi.dll

Deoptimization events (20 events):
Event: 250.133 Thread 0x0000016e16a32450 DEOPT PACKING pc=0x0000016daa28be48 sp=0x0000003893ef3010
Event: 250.133 Thread 0x0000016e16a32450 DEOPT UNPACKING pc=0x0000016da8ec69a3 sp=0x0000003893ef2f78 mode 2
Event: 250.157 Thread 0x0000016e1933f8a0 Uncommon trap: trap_request=0xffffffde fr.pc=0x0000016daa28bd2c relative=0x000000000000904c
Event: 250.157 Thread 0x0000016e1933f8a0 Uncommon trap: reason=class_check action=maybe_recompile pc=0x0000016daa28bd2c method=org.objectweb.asm.ClassReader.readCode(Lorg/objectweb/asm/MethodVisitor;Lorg/objectweb/asm/Context;I)V @ 3864 c2
Event: 250.157 Thread 0x0000016e1933f8a0 DEOPT PACKING pc=0x0000016daa28bd2c sp=0x00000038983f96c0
Event: 250.157 Thread 0x0000016e1933f8a0 DEOPT UNPACKING pc=0x0000016da8ec69a3 sp=0x00000038983f9630 mode 2
Event: 250.157 Thread 0x0000016e1933f8a0 Uncommon trap: trap_request=0xffffff45 fr.pc=0x0000016daa1a638c relative=0x00000000000000ec
Event: 250.157 Thread 0x0000016e1933f8a0 Uncommon trap: reason=unstable_if action=reinterpret pc=0x0000016daa1a638c method=org.objectweb.asm.ClassReader.readUTF8(I[C)Ljava/lang/String; @ 7 c2
Event: 250.157 Thread 0x0000016e1933f8a0 DEOPT PACKING pc=0x0000016daa1a638c sp=0x00000038983f9610
Event: 250.157 Thread 0x0000016e1933f8a0 DEOPT UNPACKING pc=0x0000016da8ec69a3 sp=0x00000038983f95b8 mode 2
Event: 250.242 Thread 0x0000016e19342b40 DEOPT PACKING pc=0x0000016d9b961081 sp=0x00000038991faaf0
Event: 250.242 Thread 0x0000016e19342b40 DEOPT UNPACKING pc=0x0000016da8ec7143 sp=0x00000038991f9fb8 mode 0
Event: 250.406 Thread 0x0000016e15e168e0 DEOPT PACKING pc=0x0000016d9b961081 sp=0x00000038995fb1b0
Event: 250.406 Thread 0x0000016e15e168e0 DEOPT UNPACKING pc=0x0000016da8ec7143 sp=0x00000038995fa678 mode 0
Event: 250.851 Thread 0x0000016e19341700 DEOPT PACKING pc=0x0000016d9b961081 sp=0x0000003898dfaac0
Event: 250.851 Thread 0x0000016e19341700 DEOPT UNPACKING pc=0x0000016da8ec7143 sp=0x0000003898df9f88 mode 0
Event: 250.901 Thread 0x0000016e16a32450 DEOPT PACKING pc=0x0000016d9bf10404 sp=0x0000003893ef3670
Event: 250.901 Thread 0x0000016e16a32450 DEOPT UNPACKING pc=0x0000016da8ec7143 sp=0x0000003893ef2f20 mode 0
Event: 251.139 Thread 0x0000016e193402c0 DEOPT PACKING pc=0x0000016d9b961081 sp=0x00000038986fac60
Event: 251.139 Thread 0x0000016e193402c0 DEOPT UNPACKING pc=0x0000016da8ec7143 sp=0x00000038986fa128 mode 0

Classes loaded (20 events):
Event: 217.872 Loading class sun/security/ssl/ServerNameExtension$SHServerNamesSpec
Event: 217.872 Loading class sun/security/ssl/ServerNameExtension$SHServerNamesSpec done
Event: 227.541 Loading class com/sun/org/apache/xerces/internal/util/EncodingMap
Event: 227.543 Loading class com/sun/org/apache/xerces/internal/util/EncodingMap done
Event: 227.547 Loading class sun/nio/cs/ISO_8859_1$Decoder
Event: 227.547 Loading class sun/nio/cs/ISO_8859_1$Decoder done
Event: 229.597 Loading class java/util/Collections$ReverseComparator
Event: 229.597 Loading class java/util/Collections$ReverseComparator done
Event: 229.597 Loading class java/util/Collections$ReverseComparator2
Event: 229.597 Loading class java/util/Collections$ReverseComparator2 done
Event: 234.503 Loading class jdk/internal/misc/ScopedMemoryAccess$Scope$Handle
Event: 234.503 Loading class jdk/internal/misc/ScopedMemoryAccess$Scope$Handle done
Event: 246.934 Loading class java/util/TreeMap$EntrySpliterator
Event: 246.956 Loading class java/util/TreeMap$EntrySpliterator done
Event: 248.006 Loading class java/util/Collections$UnmodifiableSortedMap
Event: 248.011 Loading class java/util/Collections$UnmodifiableSortedMap done
Event: 248.012 Loading class java/util/zip/Deflater
Event: 248.041 Loading class java/util/zip/Deflater done
Event: 248.048 Loading class java/util/zip/Deflater$DeflaterZStreamRef
Event: 248.058 Loading class java/util/zip/Deflater$DeflaterZStreamRef done

Classes unloaded (1 events):
Event: 14.248 Thread 0x0000016dccab8ba0 Unloading class 0x0000016dd163c400 'java/lang/invoke/LambdaForm$DMH+0x0000016dd163c400'

Classes redefined (0 events):
No events

Internal exceptions (20 events):
Event: 251.049 Thread 0x0000016e1933fdb0 Exception <a 'sun/nio/fs/WindowsException'{0x000000062e92a7f8}> (0x000000062e92a7f8) 
thrown [s\src\hotspot\share\prims\jni.cpp, line 516]
Event: 251.053 Thread 0x0000016e19341700 Exception <a 'sun/nio/fs/WindowsException'{0x000000062da81888}> (0x000000062da81888) 
thrown [s\src\hotspot\share\prims\jni.cpp, line 516]
Event: 251.057 Thread 0x0000016e1933f8a0 Exception <a 'sun/nio/fs/WindowsException'{0x000000062f650548}> (0x000000062f650548) 
thrown [s\src\hotspot\share\prims\jni.cpp, line 516]
Event: 251.072 Thread 0x0000016e1933fdb0 Exception <a 'sun/nio/fs/WindowsException'{0x000000062e964858}> (0x000000062e964858) 
thrown [s\src\hotspot\share\prims\jni.cpp, line 516]
Event: 251.086 Thread 0x0000016e1933f8a0 Exception <a 'sun/nio/fs/WindowsException'{0x000000062ce7e840}> (0x000000062ce7e840) 
thrown [s\src\hotspot\share\prims\jni.cpp, line 516]
Event: 251.092 Thread 0x0000016e1933f8a0 Exception <a 'sun/nio/fs/WindowsException'{0x000000062ceb5668}> (0x000000062ceb5668) 
thrown [s\src\hotspot\share\prims\jni.cpp, line 516]
Event: 251.093 Thread 0x0000016e193402c0 Exception <a 'sun/nio/fs/WindowsException'{0x000000062c0b8408}> (0x000000062c0b8408) 
thrown [s\src\hotspot\share\prims\jni.cpp, line 516]
Event: 251.093 Thread 0x0000016e19341700 Exception <a 'sun/nio/fs/WindowsException'{0x000000062abf5618}> (0x000000062abf5618) 
thrown [s\src\hotspot\share\prims\jni.cpp, line 516]
Event: 251.096 Thread 0x0000016e1933fdb0 Exception <a 'sun/nio/fs/WindowsException'{0x000000062bba5218}> (0x000000062bba5218) 
thrown [s\src\hotspot\share\prims\jni.cpp, line 516]
Event: 251.100 Thread 0x0000016e193402c0 Exception <a 'sun/nio/fs/WindowsException'{0x0000000629c1a060}> (0x0000000629c1a060) 
thrown [s\src\hotspot\share\prims\jni.cpp, line 516]
Event: 251.118 Thread 0x0000016e19341700 Exception <a 'sun/nio/fs/WindowsException'{0x000000062a2958d0}> (0x000000062a2958d0) 
thrown [s\src\hotspot\share\prims\jni.cpp, line 516]
Event: 251.120 Thread 0x0000016e15e168e0 Exception <a 'sun/nio/fs/WindowsException'{0x000000062a2228c0}> (0x000000062a2228c0) 
thrown [s\src\hotspot\share\prims\jni.cpp, line 516]
Event: 251.132 Thread 0x0000016e193402c0 Exception <a 'sun/nio/fs/WindowsException'{0x0000000629c58e98}> (0x0000000629c58e98) 
thrown [s\src\hotspot\share\prims\jni.cpp, line 516]
Event: 251.138 Thread 0x0000016e193402c0 Exception <a 'sun/nio/fs/WindowsException'{0x0000000627b70b98}> (0x0000000627b70b98) 
thrown [s\src\hotspot\share\prims\jni.cpp, line 516]
Event: 251.139 Thread 0x0000016e1933f8a0 Exception <a 'sun/nio/fs/WindowsException'{0x000000062a12b388}> (0x000000062a12b388) 
thrown [s\src\hotspot\share\prims\jni.cpp, line 516]
Event: 251.160 Thread 0x0000016e1933f8a0 Exception <a 'sun/nio/fs/WindowsException'{0x0000000626652500}> (0x0000000626652500) 
thrown [s\src\hotspot\share\prims\jni.cpp, line 516]
Event: 251.295 Thread 0x0000016e1933f8a0 Exception <a 'sun/nio/fs/WindowsException'{0x00000006266643e8}> (0x00000006266643e8) 
thrown [s\src\hotspot\share\prims\jni.cpp, line 516]
Event: 251.295 Thread 0x0000016e15e168e0 Exception <a 'sun/nio/fs/WindowsException'{0x000000062a25f8e8}> (0x000000062a25f8e8) 
thrown [s\src\hotspot\share\prims\jni.cpp, line 516]
Event: 251.296 Thread 0x0000016e193402c0 Exception <a 'sun/nio/fs/WindowsException'{0x0000000627b82a88}> (0x0000000627b82a88) 
thrown [s\src\hotspot\share\prims\jni.cpp, line 516]
Event: 251.308 Thread 0x0000016e19341700 Exception <a 'sun/nio/fs/WindowsException'{0x000000062a2a7710}> (0x000000062a2a7710) 
thrown [s\src\hotspot\share\prims\jni.cpp, line 516]

VM Operations (20 events):
Event: 248.421 Executing VM operation: Cleanup done
Event: 248.427 Executing VM operation: HandshakeAllThreads
Event: 248.427 Executing VM operation: HandshakeAllThreads done
Event: 248.732 Executing VM operation: ICBufferFull
Event: 248.732 Executing VM operation: ICBufferFull done
Event: 249.082 Executing VM operation: G1CollectForAllocation
Event: 249.094 Executing VM operation: G1CollectForAllocation done
Event: 249.095 Executing VM operation: G1CollectForAllocation
Event: 249.130 Executing VM operation: G1CollectForAllocation done
Event: 249.803 Executing VM operation: G1CollectForAllocation
Event: 250.021 Executing VM operation: G1CollectForAllocation done
Event: 250.052 Executing VM operation: HandshakeAllThreads
Event: 250.053 Executing VM operation: HandshakeAllThreads done
Event: 250.158 Executing VM operation: ICBufferFull
Event: 250.159 Executing VM operation: ICBufferFull done
Event: 250.673 Executing VM operation: G1CollectForAllocation
Event: 250.778 Executing VM operation: G1CollectForAllocation done
Event: 251.315 Executing VM operation: G1CollectForAllocation
Event: 251.345 Executing VM operation: G1CollectForAllocation done
Event: 251.346 Executing VM operation: G1CollectForAllocation

Memory protections (0 events):
No events

Nmethod flushes (20 events):
Event: 250.107 Thread 0x0000016dcf5cecb0 flushing  nmethod 0x0000016d9b317410
Event: 250.118 Thread 0x0000016dcf5cecb0 flushing  nmethod 0x0000016d9bda2510
Event: 250.118 Thread 0x0000016dcf5cecb0 flushing  nmethod 0x0000016d9bdabe90
Event: 250.119 Thread 0x0000016dcf5cecb0 flushing  nmethod 0x0000016d9bdac610
Event: 250.119 Thread 0x0000016dcf5cecb0 flushing  nmethod 0x0000016d9bdad310
Event: 250.119 Thread 0x0000016dcf5cecb0 flushing  nmethod 0x0000016d9bdaf610
Event: 250.119 Thread 0x0000016dcf5cecb0 flushing  nmethod 0x0000016d9bdb2b10
Event: 250.119 Thread 0x0000016dcf5cecb0 flushing  nmethod 0x0000016d9bdb4810
Event: 250.119 Thread 0x0000016dcf5cecb0 flushing  nmethod 0x0000016d9bdb8810
Event: 250.119 Thread 0x0000016dcf5cecb0 flushing  nmethod 0x0000016d9bdb9910
Event: 250.119 Thread 0x0000016dcf5cecb0 flushing  nmethod 0x0000016d9bdb9e10
Event: 250.119 Thread 0x0000016dcf5cecb0 flushing  nmethod 0x0000016d9bdbaa10
Event: 250.119 Thread 0x0000016dcf5cecb0 flushing  nmethod 0x0000016d9bdbbc90
Event: 250.119 Thread 0x0000016dcf5cecb0 flushing  nmethod 0x0000016d9bdbd390
Event: 250.119 Thread 0x0000016dcf5cecb0 flushing  nmethod 0x0000016d9bdca710
Event: 250.119 Thread 0x0000016dcf5cecb0 flushing  nmethod 0x0000016d9bdcbc90
Event: 250.119 Thread 0x0000016dcf5cecb0 flushing  nmethod 0x0000016d9bdcd010
Event: 250.119 Thread 0x0000016dcf5cecb0 flushing  nmethod 0x0000016d9bde1110
Event: 250.119 Thread 0x0000016dcf5cecb0 flushing  nmethod 0x0000016d9be00610
Event: 250.119 Thread 0x0000016dcf5cecb0 flushing  nmethod 0x0000016d9be00c90

Events (20 events):
Event: 229.598 Thread 0x0000016e16a32450 Thread added: 0x0000016e28a15a00
Event: 229.598 Thread 0x0000016e16a32450 Thread added: 0x0000016e28a15f10
Event: 229.598 Thread 0x0000016e16a32450 Thread added: 0x0000016e28a16420
Event: 229.598 Thread 0x0000016e16a32450 Thread added: 0x0000016e28a16930
Event: 229.598 Thread 0x0000016e16a32450 Thread added: 0x0000016e28a16e40
Event: 229.600 Thread 0x0000016dcf5977f0 Thread added: 0x0000016e19ed73a0
Event: 229.897 Thread 0x0000016e19ed73a0 Thread exited: 0x0000016e19ed73a0
Event: 231.489 Thread 0x0000016dcf5977f0 Thread added: 0x0000016e19ed98d0
Event: 231.632 Thread 0x0000016e19ed98d0 Thread exited: 0x0000016e19ed98d0
Event: 232.601 Thread 0x0000016dcf5977f0 Thread added: 0x0000016e19ed98d0
Event: 233.089 Thread 0x0000016e19ed98d0 Thread exited: 0x0000016e19ed98d0
Event: 233.564 Thread 0x0000016dcf5977f0 Thread added: 0x0000016e19ed98d0
Event: 235.245 Thread 0x0000016e19ed98d0 Thread exited: 0x0000016e19ed98d0
Event: 242.473 Thread 0x0000016dcf5852c0 Thread added: 0x0000016e19ed78f0
Event: 243.943 Thread 0x0000016e19ed78f0 Thread exited: 0x0000016e19ed78f0
Event: 246.870 Thread 0x0000016dcf5977f0 Thread added: 0x0000016e19ed3930
Event: 247.518 Thread 0x0000016e19ed3930 Thread exited: 0x0000016e19ed3930
Event: 247.619 Thread 0x0000016dcf5977f0 Thread added: 0x0000016e19ed43d0
Event: 248.101 Thread 0x0000016e19ed43d0 Thread exited: 0x0000016e19ed43d0
Event: 248.568 Thread 0x0000016dcf5977f0 Thread added: 0x0000016e19ed3930


Dynamic libraries:
0x00007ff741bf0000 - 0x00007ff741bfe000 	C:\Users\Dr kocher\AppData\Local\Programs\Eclipse Adoptium\jdk-17.0.20.101-hotspot\bin\java.exe
0x00007ff8d1000000 - 0x00007ff8d1266000 	C:\WINDOWS\SYSTEM32\ntdll.dll
0x00007ff8d0350000 - 0x00007ff8d0419000 	C:\WINDOWS\System32\KERNEL32.DLL
0x00007ff8ce7c0000 - 0x00007ff8cebbf000 	C:\WINDOWS\System32\KERNELBASE.dll
0x00007ff8ce210000 - 0x00007ff8ce35c000 	C:\WINDOWS\System32\ucrtbase.dll
0x00007ff8b01b0000 - 0x00007ff8b01ce000 	C:\Users\Dr kocher\AppData\Local\Programs\Eclipse Adoptium\jdk-17.0.20.101-hotspot\bin\VCRUNTIME140.dll
0x00007ff8af9e0000 - 0x00007ff8af9f8000 	C:\Users\Dr kocher\AppData\Local\Programs\Eclipse Adoptium\jdk-17.0.20.101-hotspot\bin\jli.dll
0x00007ff8d0640000 - 0x00007ff8d0806000 	C:\WINDOWS\System32\USER32.dll
0x00007ff8ced00000 - 0x00007ff8ced27000 	C:\WINDOWS\System32\win32u.dll
0x00007ff8b6020000 - 0x00007ff8b62b1000 	C:\WINDOWS\WinSxS\amd64_microsoft.windows.common-controls_6595b64144ccf1df_6.0.26100.8972_none_3e0da176e32f9d4b\COMCTL32.dll
0x00007ff8d0600000 - 0x00007ff8d062b000 	C:\WINDOWS\System32\GDI32.dll
0x00007ff8cf6b0000 - 0x00007ff8cf759000 	C:\WINDOWS\System32\msvcrt.dll
0x00007ff8cebd0000 - 0x00007ff8cecf9000 	C:\WINDOWS\System32\gdi32full.dll
0x00007ff8ce710000 - 0x00007ff8ce7b3000 	C:\WINDOWS\System32\msvcp_win.dll
0x00007ff8d0f10000 - 0x00007ff8d0f42000 	C:\WINDOWS\System32\IMM32.DLL
0x00007ff8c1790000 - 0x00007ff8c179c000 	C:\Users\Dr kocher\AppData\Local\Programs\Eclipse Adoptium\jdk-17.0.20.101-hotspot\bin\vcruntime140_1.dll
0x00007ff885c00000 - 0x00007ff885c8d000 	C:\Users\Dr kocher\AppData\Local\Programs\Eclipse Adoptium\jdk-17.0.20.101-hotspot\bin\msvcp140.dll
0x00007ff81e670000 - 0x00007ff81f2dc000 	C:\Users\Dr kocher\AppData\Local\Programs\Eclipse Adoptium\jdk-17.0.20.101-hotspot\bin\server\jvm.dll
0x00007ff8d0c60000 - 0x00007ff8d0d1c000 	C:\WINDOWS\System32\ADVAPI32.dll
0x00007ff8cfef0000 - 0x00007ff8cff99000 	C:\WINDOWS\System32\sechost.dll
0x00007ff8d0df0000 - 0x00007ff8d0f08000 	C:\WINDOWS\System32\RPCRT4.dll
0x00007ff8ced30000 - 0x00007ff8cedb2000 	C:\WINDOWS\System32\WS2_32.dll
0x00007ff8ce070000 - 0x00007ff8ce0ce000 	C:\WINDOWS\SYSTEM32\POWRPROF.dll
0x00007ff8c7c70000 - 0x00007ff8c7c7b000 	C:\WINDOWS\SYSTEM32\VERSION.dll
0x00007ff8c1b30000 - 0x00007ff8c1b66000 	C:\WINDOWS\SYSTEM32\WINMM.dll
0x00007ff8ce050000 - 0x00007ff8ce065000 	C:\WINDOWS\SYSTEM32\UMPDC.dll
0x00007ff8ccf00000 - 0x00007ff8ccf1b000 	C:\WINDOWS\SYSTEM32\kernel.appcore.dll
0x00007ff8af7a0000 - 0x00007ff8af7aa000 	C:\Users\Dr kocher\AppData\Local\Programs\Eclipse Adoptium\jdk-17.0.20.101-hotspot\bin\jimage.dll
0x00007ff8b77b0000 - 0x00007ff8b79f2000 	C:\WINDOWS\SYSTEM32\DBGHELP.DLL
0x00007ff8cee60000 - 0x00007ff8cf1e5000 	C:\WINDOWS\System32\combase.dll
0x00007ff8d0110000 - 0x00007ff8d01e9000 	C:\WINDOWS\System32\OLEAUT32.dll
0x00007ff8a2c50000 - 0x00007ff8a2c8b000 	C:\WINDOWS\SYSTEM32\dbgcore.DLL
0x00007ff8ce430000 - 0x00007ff8ce4dc000 	C:\WINDOWS\System32\bcryptPrimitives.dll
0x00007ff8aeb50000 - 0x00007ff8aeb5e000 	C:\Users\Dr kocher\AppData\Local\Programs\Eclipse Adoptium\jdk-17.0.20.101-hotspot\bin\instrument.dll
0x00007ff885d30000 - 0x00007ff885d55000 	C:\Users\Dr kocher\AppData\Local\Programs\Eclipse Adoptium\jdk-17.0.20.101-hotspot\bin\java.dll
0x00007ff8286c0000 - 0x00007ff828797000 	C:\Users\Dr kocher\AppData\Local\Programs\Eclipse Adoptium\jdk-17.0.20.101-hotspot\bin\jsvml.dll
0x00007ff8cf760000 - 0x00007ff8cfee8000 	C:\WINDOWS\System32\SHELL32.dll
0x00007ff8cbd00000 - 0x00007ff8cc59b000 	C:\WINDOWS\SYSTEM32\windows.storage.dll
0x00007ff8d0250000 - 0x00007ff8d0349000 	C:\WINDOWS\System32\SHCORE.dll
0x00007ff8cede0000 - 0x00007ff8cee46000 	C:\WINDOWS\System32\shlwapi.dll
0x00007ff8ce130000 - 0x00007ff8ce159000 	C:\WINDOWS\SYSTEM32\profapi.dll
0x00007ff885cf0000 - 0x00007ff885d08000 	C:\Users\Dr kocher\AppData\Local\Programs\Eclipse Adoptium\jdk-17.0.20.101-hotspot\bin\zip.dll
0x00007ff8a2f00000 - 0x00007ff8a2f1a000 	C:\Users\Dr kocher\AppData\Local\Programs\Eclipse Adoptium\jdk-17.0.20.101-hotspot\bin\net.dll
0x00007ff8c74e0000 - 0x00007ff8c7607000 	C:\WINDOWS\SYSTEM32\WINHTTP.dll
0x00007ff8cd4b0000 - 0x00007ff8cd51c000 	C:\WINDOWS\system32\mswsock.dll
0x00007ff885d10000 - 0x00007ff885d26000 	C:\Users\Dr kocher\AppData\Local\Programs\Eclipse Adoptium\jdk-17.0.20.101-hotspot\bin\nio.dll
0x00007ff8af670000 - 0x00007ff8af680000 	C:\Users\Dr kocher\AppData\Local\Programs\Eclipse Adoptium\jdk-17.0.20.101-hotspot\bin\verify.dll
0x00007ff899460000 - 0x00007ff899487000 	C:\Users\Dr kocher\.gradle\native\660c5614fbf4a5f2a75b1949f50a0caf5cd603558e7d8a26e50b933a0cfb79d1\windows-amd64\native-platform.dll
0x00007ff8448c0000 - 0x00007ff844937000 	C:\Users\Dr kocher\.gradle\native\0.2.8\x86_64-windows-gnu\gradle-fileevents.dll
0x00007ff8b0460000 - 0x00007ff8b046a000 	C:\Users\Dr kocher\AppData\Local\Programs\Eclipse Adoptium\jdk-17.0.20.101-hotspot\bin\management.dll
0x00007ff8b0450000 - 0x00007ff8b045c000 	C:\Users\Dr kocher\AppData\Local\Programs\Eclipse Adoptium\jdk-17.0.20.101-hotspot\bin\management_ext.dll
0x00007ff8cee50000 - 0x00007ff8cee58000 	C:\WINDOWS\System32\PSAPI.DLL
0x00007ff8cc8d0000 - 0x00007ff8cc903000 	C:\WINDOWS\SYSTEM32\IPHLPAPI.DLL
0x00007ff8d0630000 - 0x00007ff8d063a000 	C:\WINDOWS\System32\NSI.dll
0x00007ff8c7c20000 - 0x00007ff8c7c3d000 	C:\WINDOWS\SYSTEM32\dhcpcsvc6.DLL
0x00007ff8c7740000 - 0x00007ff8c7765000 	C:\WINDOWS\SYSTEM32\dhcpcsvc.DLL
0x00007ff8cc9c0000 - 0x00007ff8ccb18000 	C:\WINDOWS\SYSTEM32\DNSAPI.dll
0x00007ff8cd2b0000 - 0x00007ff8cd2bd000 	C:\WINDOWS\SYSTEM32\DSPARSE.dll
0x00007ff8a4260000 - 0x00007ff8a4269000 	C:\Users\Dr kocher\AppData\Local\Programs\Eclipse Adoptium\jdk-17.0.20.101-hotspot\bin\extnet.dll
0x00007ff8cd7a0000 - 0x00007ff8cd7bb000 	C:\WINDOWS\SYSTEM32\CRYPTSP.dll
0x00007ff8cce60000 - 0x00007ff8cce99000 	C:\WINDOWS\system32\rsaenh.dll
0x00007ff8cd560000 - 0x00007ff8cd592000 	C:\WINDOWS\SYSTEM32\USERENV.dll
0x00007ff8ce100000 - 0x00007ff8ce12a000 	C:\WINDOWS\SYSTEM32\bcrypt.dll
0x00007ff8cd7c0000 - 0x00007ff8cd7cc000 	C:\WINDOWS\SYSTEM32\CRYPTBASE.dll
0x00007ff8a1a20000 - 0x00007ff8a1a2e000 	C:\Users\Dr kocher\AppData\Local\Programs\Eclipse Adoptium\jdk-17.0.20.101-hotspot\bin\sunmscapi.dll
0x00007ff8ce580000 - 0x00007ff8ce6fe000 	C:\WINDOWS\System32\CRYPT32.dll
0x00007ff8cda50000 - 0x00007ff8cda80000 	C:\WINDOWS\SYSTEM32\ncrypt.dll
0x00007ff8cda00000 - 0x00007ff8cda3f000 	C:\WINDOWS\SYSTEM32\NTASN1.dll
0x00007ff8982a0000 - 0x00007ff8982a8000 	C:\WINDOWS\system32\wshunix.dll
0x00007ff8c7730000 - 0x00007ff8c773b000 	C:\Windows\System32\rasadhlp.dll
0x00007ff8c71c0000 - 0x00007ff8c7246000 	C:\WINDOWS\System32\fwpuclnt.dll

dbghelp: loaded successfully - version: 4.0.5 - missing functions: none
symbol engine: initialized successfully - sym options: 0x614 - pdb path: .;C:\Users\Dr kocher\AppData\Local\Programs\Eclipse Adoptium\jdk-17.0.20.101-hotspot\bin;C:\WINDOWS\SYSTEM32;C:\WINDOWS\WinSxS\amd64_microsoft.windows.common-controls_6595b64144ccf1df_6.0.26100.8972_none_3e0da176e32f9d4b;C:\Users\Dr kocher\AppData\Local\Programs\Eclipse Adoptium\jdk-17.0.20.101-hotspot\bin\server;C:\Users\Dr kocher\.gradle\native\660c5614fbf4a5f2a75b1949f50a0caf5cd603558e7d8a26e50b933a0cfb79d1\windows-amd64;C:\Users\Dr kocher\.gradle\native\0.2.8\x86_64-windows-gnu

VM Arguments:
jvm_args: --add-opens=java.base/java.lang=ALL-UNNAMED --add-opens=java.base/java.lang.invoke=ALL-UNNAMED --add-opens=java.base/java.util=ALL-UNNAMED --add-opens=java.prefs/java.util.prefs=ALL-UNNAMED --add-exports=jdk.compiler/com.sun.tools.javac.api=ALL-UNNAMED --add-exports=jdk.compiler/com.sun.tools.javac.util=ALL-UNNAMED --add-opens=java.base/java.util=ALL-UNNAMED --add-opens=java.prefs/java.util.prefs=ALL-UNNAMED --add-opens=java.base/java.nio.charset=ALL-UNNAMED --add-opens=java.base/java.net=ALL-UNNAMED --add-opens=java.base/java.util.concurrent=ALL-UNNAMED --add-opens=java.base/java.util.concurrent.atomic=ALL-UNNAMED --add-opens=java.xml/javax.xml.namespace=ALL-UNNAMED --add-opens=java.base/java.time=ALL-UNNAMED -XX:MaxMetaspaceSize=4G -XX:ReservedCodeCacheSize=512m -XX:+HeapDumpOnOutOfMemoryError -Xmx8G -Dfile.encoding=windows-1256 -Duser.country=US -Duser.language=en -Duser.variant -javaagent:C:\Users\Dr kocher\.gradle\wrapper\dists\gradle-9.3.1-all\9ot9r568e8zfvvd4mn8rbu1j0\gradle-9.3.1\lib\agents\gradle-instrumentation-agent-9.3.1.jar 
java_command: org.gradle.launcher.daemon.bootstrap.GradleDaemon 9.3.1
java_class_path (initial): C:\Users\Dr kocher\.gradle\wrapper\dists\gradle-9.3.1-all\9ot9r568e8zfvvd4mn8rbu1j0\gradle-9.3.1\lib\gradle-daemon-main-9.3.1.jar
Launcher Type: SUN_STANDARD

[Global flags]
     intx CICompilerCount                          = 4                                         {product} {ergonomic}
     uint ConcGCThreads                            = 3                                         {product} {ergonomic}
     uint G1ConcRefinementThreads                  = 10                                        {product} {ergonomic}
   size_t G1HeapRegionSize                         = 4194304                                   {product} {ergonomic}
    uintx GCDrainStackTargetSize                   = 64                                        {product} {ergonomic}
     bool HeapDumpOnOutOfMemoryError               = true                                   {manageable} {command line}
   size_t InitialHeapSize                          = 134217728                                 {product} {ergonomic}
   size_t MarkStackSize                            = 4194304                                   {product} {ergonomic}
   size_t MaxHeapSize                              = 8589934592                                {product} {command line}
   size_t MaxMetaspaceSize                         = 4294967296                                {product} {command line}
   size_t MaxNewSize                               = 5150605312                                {product} {ergonomic}
   size_t MinHeapDeltaBytes                        = 4194304                                   {product} {ergonomic}
   size_t MinHeapSize                              = 8388608                                   {product} {ergonomic}
    uintx NonNMethodCodeHeapSize                   = 5839372                                {pd product} {ergonomic}
    uintx NonProfiledCodeHeapSize                  = 265515770                              {pd product} {ergonomic}
    uintx ProfiledCodeHeapSize                     = 265515770                              {pd product} {ergonomic}
    uintx ReservedCodeCacheSize                    = 536870912                              {pd product} {command line}
     bool SegmentedCodeCache                       = true                                      {product} {ergonomic}
   size_t SoftMaxHeapSize                          = 8589934592                             {manageable} {ergonomic}
   double SweeperThreshold                         = 0.234375                                  {product} {ergonomic}
     bool UseCompressedClassPointers               = true                           {product lp64_product} {ergonomic}
     bool UseCompressedOops                        = true                           {product lp64_product} {ergonomic}
     bool UseG1GC                                  = true                                      {product} {ergonomic}
     bool UseLargePagesIndividualAllocation        = false                                  {pd product} {ergonomic}

Logging:
Log output configuration:
 #0: stdout all=warning uptime,level,tags
 #1: stderr all=off uptime,level,tags

Environment Variables:
CLASSPATH=C:\Users\Dr kocher\Desktop\zewin_rx_scan\android\\gradle\wrapper\gradle-wrapper.jar
PATH=C:\Users\Dr kocher\AppData\Local\Programs\Eclipse Adoptium\jdk-17.0.20.101-hotspot\bin;C:\Python314\Scripts\;C:\Python314\;C:\WINDOWS\system32;C:\WINDOWS;C:\WINDOWS\System32\Wbem;C:\WINDOWS\System32\WindowsPowerShell\v1.0\;C:\WINDOWS\System32\OpenSSH\;C:\Program Files (x86)\ZeroTier\One\;C:\xampp\php;C:\ProgramData\ComposerSetup\bin;C:\ZKBioTime\Python37;C:\ZKBioTime\Python37\Scripts;C:\ZKBioTime\Python37\Library\bin;C:\ZKBioTime\zkeco_dlls;C:\ZKBioTime\pgsql\bin;C:\ZKBioTime\tools\wkhtmltox\bin;C:\Program Files\Git\cmd;C:\Program Files\nodejs\;C:\ProgramData\chocolatey\bin;C:\Users\Dr kocher\AppData\Local\Programs\Eclipse Adoptium\jdk-17.0.20.101-hotspot\bin;C:\Users\Dr kocher\AppData\Local\Microsoft\WindowsApps;C:\Users\Dr kocher\AppData\Roaming\Composer\vendor\bin;C:\Users\Dr kocher\AppData\Local\Programs\Microsoft VS Code\bin;C:\ProgramData\ComposerSetup\bin;C:\Users\Dr kocher\AppData\Roaming\npm;C:\Users\Dr kocher\AppData\Local\Programs\cursor\resources\app\bin;C:\Android\cmdline-tools\latest\bin;C:\Android\platform-tools;C:\flutter\bin;;C:\flutter\bin\mingit\cmd
USERNAME=Dr kocher
OS=Windows_NT
PROCESSOR_IDENTIFIER=AMD64 Family 25 Model 80 Stepping 0, AuthenticAMD
TMP=C:\Users\DRKOCH~1\AppData\Local\Temp
TEMP=C:\Users\DRKOCH~1\AppData\Local\Temp



Periodic native trim disabled


---------------  S Y S T E M  ---------------

OS:
 Windows 11 , 64 bit Build 26100 (10.0.26100.8972)
OS uptime: 7 days 22:57 hours

CPU: total 12 (initial active 12) (12 cores per cpu, 2 threads per core) family 25 model 80 stepping 0 microcode 0xa50000c, cx8, cmov, fxsr, ht, mmx, 3dnowpref, sse, sse2, sse3, ssse3, sse4a, sse4.1, sse4.2, popcnt, lzcnt, tsc, tscinvbit, avx, avx2, aes, erms, clmul, bmi1, bmi2, adx, sha, fma, vzeroupper, clflush, clflushopt
Processor Information for all 12 processors :
  Max Mhz: 3600, Current Mhz: 3600, Mhz Limit: 3600

Memory: 4k page, system-wide physical 8083M (478M free)
TotalPageFile size 32608M (AvailPageFile size 992M)
current process WorkingSet (physical memory assigned to process): 930M, peak: 1062M
current process commit charge ("private bytes"): 1516M, peak: 3456M

vm_info: OpenJDK 64-Bit Server VM (17.0.20.1+1) for windows-amd64 JRE (17.0.20.1+1), built on Aug 18 2026 20:44:09 by "admin" with MS VC++ 17.12 (VS2022)

END.
